2025-04-03 00:02:48.496  WARN 15564 --- [user-service] [Thread-6] c.a.n.common.http.HttpClientBeanHolder   : [HttpClientBeanHolder] Start destroying common HttpClient
2025-04-03 00:02:48.496  WARN 15564 --- [user-service] [Thread-8] c.a.nacos.common.notify.NotifyCenter     : [NotifyCenter] Start destroying Publisher
2025-04-03 00:02:48.497  WARN 15564 --- [user-service] [Thread-1] c.a.n.common.executor.ThreadPoolManager  : [ThreadPoolManager] Start destroying ThreadPool
2025-04-03 00:02:48.501  INFO 15564 --- [user-service] [SpringApplicationShutdownHook] o.s.b.w.e.tomcat.GracefulShutdown        : Commencing graceful shutdown. Waiting for active requests to complete
2025-04-03 00:02:48.502  WARN 15564 --- [user-service] [Thread-8] c.a.nacos.common.notify.NotifyCenter     : [NotifyCenter] Destruction of the end
2025-04-03 00:02:48.502  WARN 15564 --- [user-service] [Thread-1] c.a.n.common.executor.ThreadPoolManager  : [ThreadPoolManager] Destruction of the end
2025-04-03 00:02:48.502  WARN 15564 --- [user-service] [Thread-6] c.a.n.common.http.HttpClientBeanHolder   : [HttpClientBeanHolder] Destruction of the end
2025-04-03 00:02:48.510  INFO 15564 --- [user-service] [tomcat-shutdown] o.s.b.w.e.tomcat.GracefulShutdown        : Graceful shutdown complete
2025-04-03 00:02:48.514  INFO 15564 --- [user-service] [SpringApplicationShutdownHook] c.a.c.n.registry.NacosServiceRegistry    : De-registering from Nacos Server now...
2025-04-03 00:02:48.529  INFO 15564 --- [user-service] [SpringApplicationShutdownHook] c.a.c.n.registry.NacosServiceRegistry    : De-registration finished.
2025-04-03 00:03:01.623  INFO 29492 --- [user-service] [main] c.a.c.n.c.NacosConfigDataLoader          : [Nacos Config] Load config[dataId=shared-sentinel.yaml, group=DEFAULT_GROUP] success
2025-04-03 00:03:01.623  INFO 29492 --- [user-service] [main] c.a.c.n.c.NacosConfigDataLoader          : [Nacos Config] Load config[dataId=shared-log.yaml, group=DEFAULT_GROUP] success
2025-04-03 00:03:01.623  INFO 29492 --- [user-service] [main] c.a.c.n.c.NacosConfigDataLoader          : [Nacos Config] Load config[dataId=shared-jdbc.yaml, group=DEFAULT_GROUP] success
2025-04-03 00:03:02.880  INFO 29492 --- [user-service] [main] c.c.c.ConfigServicePropertySourceLocator : Fetching config from server at : http://localhost:8888
2025-04-03 00:03:02.908  INFO 29492 --- [user-service] [main] c.c.c.ConfigServicePropertySourceLocator : Exception on Url - http://localhost:8888:org.springframework.web.client.ResourceAccessException: I/O error on GET request for "http://localhost:8888/user-service/dev": Connection refused: getsockopt. Will be trying the next url if available
2025-04-03 00:03:02.909  WARN 29492 --- [user-service] [main] c.c.c.ConfigServicePropertySourceLocator : Could not locate PropertySource: I/O error on GET request for "http://localhost:8888/user-service/dev": Connection refused: getsockopt
2025-04-03 00:03:02.914  INFO 29492 --- [user-service] [main] com.smileShark.user.UserApplication      : The following 1 profile is active: "dev"
2025-04-03 00:03:02.922  INFO 29492 --- [user-service] [main] c.a.c.n.c.NacosConfigDataLoader          : [Nacos Config] Load config[dataId=shared-sentinel.yaml, group=DEFAULT_GROUP] success
2025-04-03 00:03:02.923  INFO 29492 --- [user-service] [main] c.a.c.n.c.NacosConfigDataLoader          : [Nacos Config] Load config[dataId=shared-log.yaml, group=DEFAULT_GROUP] success
2025-04-03 00:03:02.923  INFO 29492 --- [user-service] [main] c.a.c.n.c.NacosConfigDataLoader          : [Nacos Config] Load config[dataId=shared-jdbc.yaml, group=DEFAULT_GROUP] success
2025-04-03 00:03:03.336  INFO 29492 --- [user-service] [main] o.s.cloud.context.scope.GenericScope     : BeanFactory id=19b8ca0c-6bef-33e7-8137-a94e49b6b2bd
2025-04-03 00:03:03.355  WARN 29492 --- [user-service] [main] trationDelegate$BeanPostProcessorChecker : Bean 'com.alibaba.cloud.nacos.NacosConfigAutoConfiguration' of type [com.alibaba.cloud.nacos.NacosConfigAutoConfiguration] is not eligible for getting processed by all BeanPostProcessors (for example: not eligible for auto-proxying). The currently created BeanPostProcessor [nacosAnnotationProcessor] is declared through a non-static factory method on that class; consider declaring it as static instead.
2025-04-03 00:03:03.549  INFO 29492 --- [user-service] [main] o.s.b.w.embedded.tomcat.TomcatWebServer  : Tomcat initialized with port 8084 (http)
2025-04-03 00:03:03.552  INFO 29492 --- [user-service] [main] o.a.catalina.core.AprLifecycleListener   : An older version [1.3.1] of the Apache Tomcat Native library is installed, while Tomcat recommends a minimum version of [2.0.5]
2025-04-03 00:03:03.552  INFO 29492 --- [user-service] [main] o.a.catalina.core.AprLifecycleListener   : Loaded Apache Tomcat Native library [1.3.1] using APR version [1.7.4].
2025-04-03 00:03:03.555  INFO 29492 --- [user-service] [main] o.a.catalina.core.AprLifecycleListener   : OpenSSL successfully initialized [OpenSSL 3.0.14 4 Jun 2024]
2025-04-03 00:03:03.563  INFO 29492 --- [user-service] [main] o.apache.catalina.core.StandardService   : Starting service [Tomcat]
2025-04-03 00:03:03.563  INFO 29492 --- [user-service] [main] o.apache.catalina.core.StandardEngine    : Starting Servlet engine: [Apache Tomcat/10.1.36]
2025-04-03 00:03:03.596  INFO 29492 --- [user-service] [main] o.a.c.c.C.[Tomcat].[localhost].[/]       : Initializing Spring embedded WebApplicationContext
2025-04-03 00:03:03.596  INFO 29492 --- [user-service] [main] w.s.c.ServletWebServerApplicationContext : Root WebApplicationContext: initialization completed in 673 ms
2025-04-03 00:03:04.940  INFO 29492 --- [user-service] [main] o.s.cloud.commons.util.InetUtils         : Cannot determine local hostname
2025-04-03 00:03:06.031  INFO 29492 --- [user-service] [main] o.s.cloud.commons.util.InetUtils         : Cannot determine local hostname
2025-04-03 00:03:06.053  WARN 29492 --- [user-service] [main] iguration$LoadBalancerCaffeineWarnLogger : Spring Cloud LoadBalancer is currently working with the default cache. While this cache implementation is useful for development and tests, it's recommended to use Caffeine cache in production.You can switch to using Caffeine cache, by adding it and org.springframework.cache.caffeine.CaffeineCacheManager to the classpath.
2025-04-03 00:03:06.096  INFO 29492 --- [user-service] [main] o.s.b.w.embedded.tomcat.TomcatWebServer  : Tomcat started on port 8084 (http) with context path '/'
2025-04-03 00:03:06.106  INFO 29492 --- [user-service] [main] c.a.n.p.a.s.c.ClientAuthPluginManager    : [ClientAuthPluginManager] Load ClientAuthService com.alibaba.nacos.client.auth.impl.NacosClientAuthServiceImpl success.
2025-04-03 00:03:06.107  INFO 29492 --- [user-service] [main] c.a.n.p.a.s.c.ClientAuthPluginManager    : [ClientAuthPluginManager] Load ClientAuthService com.alibaba.nacos.client.auth.ram.RamClientAuthServiceImpl success.
2025-04-03 00:03:06.190  INFO 29492 --- [user-service] [main] c.a.c.n.registry.NacosServiceRegistry    : nacos registry, DEFAULT_GROUP user-service 10.0.13.16:8084 register finished
2025-04-03 00:03:07.202  INFO 29492 --- [user-service] [main] o.s.cloud.commons.util.InetUtils         : Cannot determine local hostname
2025-04-03 00:03:07.208  INFO 29492 --- [user-service] [main] com.smileShark.user.UserApplication      : Started UserApplication in 7.881 seconds (process running for 8.34)
2025-04-03 00:03:07.218  INFO 29492 --- [user-service] [main] c.a.c.n.refresh.NacosContextRefresher    : [Nacos Config] Listening config: dataId=shared-sentinel.yaml, group=DEFAULT_GROUP
2025-04-03 00:03:07.218  INFO 29492 --- [user-service] [main] c.a.c.n.refresh.NacosContextRefresher    : [Nacos Config] Listening config: dataId=shared-log.yaml, group=DEFAULT_GROUP
2025-04-03 00:03:07.219  INFO 29492 --- [user-service] [main] c.a.c.n.refresh.NacosContextRefresher    : [Nacos Config] Listening config: dataId=shared-jdbc.yaml, group=DEFAULT_GROUP
2025-04-03 00:05:18.383  INFO 29492 --- [user-service] [http-nio-8084-exec-1] o.a.c.c.C.[Tomcat].[localhost].[/]       : Initializing Spring DispatcherServlet 'dispatcherServlet'
2025-04-03 00:05:18.383  INFO 29492 --- [user-service] [http-nio-8084-exec-1] o.s.web.servlet.DispatcherServlet        : Initializing Servlet 'dispatcherServlet'
2025-04-03 00:05:18.384  INFO 29492 --- [user-service] [http-nio-8084-exec-1] o.s.web.servlet.DispatcherServlet        : Completed initialization in 1 ms
2025-04-03 00:05:18.423  INFO 29492 --- [user-service] [http-nio-8084-exec-1] c.s.user.service.imp.UserServiceImp      : 用户：320123199008210001 登录，IP地址：0:0:0:0:0:0:0:1
2025-04-03 00:05:19.285  INFO 29492 --- [user-service] [http-nio-8084-exec-1] c.s.user.service.imp.UserServiceImp      : 用户：320123199008210001 登录成功
2025-04-03 00:05:19.303  INFO 29492 --- [user-service] [pool-5-thread-1] com.zaxxer.hikari.HikariDataSource       : HikariPool-1 - Starting...
2025-04-03 00:05:37.176  INFO 29492 --- [user-service] [pool-5-thread-1] com.zaxxer.hikari.HikariDataSource       : HikariPool-1 - Starting...
2025-04-03 00:05:38.187  INFO 29492 --- [user-service] [pool-5-thread-6] com.zaxxer.hikari.HikariDataSource       : HikariPool-1 - Starting...
2025-04-03 00:05:39.202  INFO 29492 --- [user-service] [pool-5-thread-4] com.zaxxer.hikari.HikariDataSource       : HikariPool-1 - Starting...
2025-04-03 00:05:40.207  INFO 29492 --- [user-service] [pool-5-thread-5] com.zaxxer.hikari.HikariDataSource       : HikariPool-1 - Starting...
2025-04-03 00:05:41.219  INFO 29492 --- [user-service] [pool-5-thread-2] com.zaxxer.hikari.HikariDataSource       : HikariPool-1 - Starting...
2025-04-03 00:05:42.229  INFO 29492 --- [user-service] [pool-5-thread-10] com.zaxxer.hikari.HikariDataSource       : HikariPool-1 - Starting...
2025-04-03 00:05:43.244  INFO 29492 --- [user-service] [pool-5-thread-9] com.zaxxer.hikari.HikariDataSource       : HikariPool-1 - Starting...
2025-04-03 00:05:44.256  INFO 29492 --- [user-service] [pool-5-thread-8] com.zaxxer.hikari.HikariDataSource       : HikariPool-1 - Starting...
2025-04-03 00:05:45.267  INFO 29492 --- [user-service] [pool-5-thread-7] com.zaxxer.hikari.HikariDataSource       : HikariPool-1 - Starting...
2025-04-03 00:05:46.278  INFO 29492 --- [user-service] [pool-5-thread-1] com.zaxxer.hikari.HikariDataSource       : HikariPool-1 - Starting...
2025-04-03 00:05:47.286  INFO 29492 --- [user-service] [pool-5-thread-8] com.zaxxer.hikari.HikariDataSource       : HikariPool-1 - Starting...
2025-04-03 00:05:48.291  INFO 29492 --- [user-service] [pool-5-thread-9] com.zaxxer.hikari.HikariDataSource       : HikariPool-1 - Starting...
2025-04-03 00:05:49.298  INFO 29492 --- [user-service] [pool-5-thread-5] com.zaxxer.hikari.HikariDataSource       : HikariPool-1 - Starting...
2025-04-03 00:05:50.309  INFO 29492 --- [user-service] [pool-5-thread-10] com.zaxxer.hikari.HikariDataSource       : HikariPool-1 - Starting...
2025-04-03 00:05:51.316  INFO 29492 --- [user-service] [pool-5-thread-7] com.zaxxer.hikari.HikariDataSource       : HikariPool-1 - Starting...
2025-04-03 00:05:52.323  INFO 29492 --- [user-service] [pool-5-thread-4] com.zaxxer.hikari.HikariDataSource       : HikariPool-1 - Starting...
2025-04-03 00:05:53.332  INFO 29492 --- [user-service] [pool-5-thread-6] com.zaxxer.hikari.HikariDataSource       : HikariPool-1 - Starting...
2025-04-03 00:05:54.336  INFO 29492 --- [user-service] [pool-5-thread-3] com.zaxxer.hikari.HikariDataSource       : HikariPool-1 - Starting...
2025-04-03 00:05:55.338  INFO 29492 --- [user-service] [pool-5-thread-2] com.zaxxer.hikari.HikariDataSource       : HikariPool-1 - Starting...
2025-04-03 00:05:56.364  INFO 29492 --- [user-service] [pool-5-thread-3] com.zaxxer.hikari.HikariDataSource       : HikariPool-1 - Starting...
2025-04-03 00:05:57.379  INFO 29492 --- [user-service] [pool-5-thread-6] com.zaxxer.hikari.HikariDataSource       : HikariPool-1 - Starting...
2025-04-03 00:05:58.395  INFO 29492 --- [user-service] [pool-5-thread-4] com.zaxxer.hikari.HikariDataSource       : HikariPool-1 - Starting...
2025-04-03 00:05:59.411  INFO 29492 --- [user-service] [pool-5-thread-7] com.zaxxer.hikari.HikariDataSource       : HikariPool-1 - Starting...
2025-04-03 00:06:00.415  INFO 29492 --- [user-service] [pool-5-thread-10] com.zaxxer.hikari.HikariDataSource       : HikariPool-1 - Starting...
2025-04-03 00:06:01.421  INFO 29492 --- [user-service] [pool-5-thread-5] com.zaxxer.hikari.HikariDataSource       : HikariPool-1 - Starting...
2025-04-03 00:06:02.436  INFO 29492 --- [user-service] [pool-5-thread-9] com.zaxxer.hikari.HikariDataSource       : HikariPool-1 - Starting...
2025-04-03 00:06:03.449  INFO 29492 --- [user-service] [pool-5-thread-8] com.zaxxer.hikari.HikariDataSource       : HikariPool-1 - Starting...
2025-04-03 00:06:04.456  INFO 29492 --- [user-service] [pool-5-thread-1] com.zaxxer.hikari.HikariDataSource       : HikariPool-1 - Starting...
2025-04-03 00:06:05.470  INFO 29492 --- [user-service] [pool-5-thread-8] com.zaxxer.hikari.HikariDataSource       : HikariPool-1 - Starting...
2025-04-03 00:06:06.475  INFO 29492 --- [user-service] [pool-5-thread-9] com.zaxxer.hikari.HikariDataSource       : HikariPool-1 - Starting...
2025-04-03 00:06:07.483  INFO 29492 --- [user-service] [pool-5-thread-5] com.zaxxer.hikari.HikariDataSource       : HikariPool-1 - Starting...
2025-04-03 00:06:08.494  INFO 29492 --- [user-service] [pool-5-thread-10] com.zaxxer.hikari.HikariDataSource       : HikariPool-1 - Starting...
2025-04-03 00:06:09.507  INFO 29492 --- [user-service] [pool-5-thread-7] com.zaxxer.hikari.HikariDataSource       : HikariPool-1 - Starting...
2025-04-03 00:06:10.520  INFO 29492 --- [user-service] [pool-5-thread-4] com.zaxxer.hikari.HikariDataSource       : HikariPool-1 - Starting...
2025-04-03 00:06:11.536  INFO 29492 --- [user-service] [pool-5-thread-6] com.zaxxer.hikari.HikariDataSource       : HikariPool-1 - Starting...
2025-04-03 00:06:12.549  INFO 29492 --- [user-service] [pool-5-thread-3] com.zaxxer.hikari.HikariDataSource       : HikariPool-1 - Starting...
2025-04-03 00:06:13.565  INFO 29492 --- [user-service] [pool-5-thread-2] com.zaxxer.hikari.HikariDataSource       : HikariPool-1 - Starting...
2025-04-03 00:06:14.577  INFO 29492 --- [user-service] [pool-5-thread-3] com.zaxxer.hikari.HikariDataSource       : HikariPool-1 - Starting...
2025-04-03 00:06:15.592  INFO 29492 --- [user-service] [pool-5-thread-6] com.zaxxer.hikari.HikariDataSource       : HikariPool-1 - Starting...
2025-04-03 00:06:16.602  INFO 29492 --- [user-service] [pool-5-thread-4] com.zaxxer.hikari.HikariDataSource       : HikariPool-1 - Starting...
2025-04-03 00:06:17.614  INFO 29492 --- [user-service] [pool-5-thread-7] com.zaxxer.hikari.HikariDataSource       : HikariPool-1 - Starting...
2025-04-03 00:06:18.624  INFO 29492 --- [user-service] [pool-5-thread-10] com.zaxxer.hikari.HikariDataSource       : HikariPool-1 - Starting...
2025-04-03 00:06:19.636  INFO 29492 --- [user-service] [pool-5-thread-5] com.zaxxer.hikari.HikariDataSource       : HikariPool-1 - Starting...
2025-04-03 00:06:20.646  INFO 29492 --- [user-service] [pool-5-thread-9] com.zaxxer.hikari.HikariDataSource       : HikariPool-1 - Starting...
2025-04-03 00:06:21.651  INFO 29492 --- [user-service] [pool-5-thread-8] com.zaxxer.hikari.HikariDataSource       : HikariPool-1 - Starting...
2025-04-03 00:06:22.660  INFO 29492 --- [user-service] [pool-5-thread-1] com.zaxxer.hikari.HikariDataSource       : HikariPool-1 - Starting...
2025-04-03 00:06:23.662  INFO 29492 --- [user-service] [pool-5-thread-8] com.zaxxer.hikari.HikariDataSource       : HikariPool-1 - Starting...
2025-04-03 00:06:24.673  INFO 29492 --- [user-service] [pool-5-thread-9] com.zaxxer.hikari.HikariDataSource       : HikariPool-1 - Starting...
2025-04-03 00:06:25.687  INFO 29492 --- [user-service] [pool-5-thread-5] com.zaxxer.hikari.HikariDataSource       : HikariPool-1 - Starting...
2025-04-03 00:06:26.700  INFO 29492 --- [user-service] [pool-5-thread-10] com.zaxxer.hikari.HikariDataSource       : HikariPool-1 - Starting...
2025-04-03 00:06:27.713  INFO 29492 --- [user-service] [pool-5-thread-7] com.zaxxer.hikari.HikariDataSource       : HikariPool-1 - Starting...
2025-04-03 00:06:28.723  INFO 29492 --- [user-service] [pool-5-thread-4] com.zaxxer.hikari.HikariDataSource       : HikariPool-1 - Starting...
2025-04-03 00:06:29.732  INFO 29492 --- [user-service] [pool-5-thread-6] com.zaxxer.hikari.HikariDataSource       : HikariPool-1 - Starting...
2025-04-03 00:06:30.742  INFO 29492 --- [user-service] [pool-5-thread-3] com.zaxxer.hikari.HikariDataSource       : HikariPool-1 - Starting...
2025-04-03 00:06:31.752  INFO 29492 --- [user-service] [pool-5-thread-2] com.zaxxer.hikari.HikariDataSource       : HikariPool-1 - Starting...
2025-04-03 00:06:32.766  INFO 29492 --- [user-service] [pool-5-thread-3] com.zaxxer.hikari.HikariDataSource       : HikariPool-1 - Starting...
2025-04-03 00:06:33.775  INFO 29492 --- [user-service] [pool-5-thread-6] com.zaxxer.hikari.HikariDataSource       : HikariPool-1 - Starting...
2025-04-03 00:06:34.790  INFO 29492 --- [user-service] [pool-5-thread-4] com.zaxxer.hikari.HikariDataSource       : HikariPool-1 - Starting...
2025-04-03 00:06:35.803  INFO 29492 --- [user-service] [pool-5-thread-7] com.zaxxer.hikari.HikariDataSource       : HikariPool-1 - Starting...
2025-04-03 00:06:36.814  INFO 29492 --- [user-service] [pool-5-thread-10] com.zaxxer.hikari.HikariDataSource       : HikariPool-1 - Starting...
2025-04-03 00:06:37.826  INFO 29492 --- [user-service] [pool-5-thread-5] com.zaxxer.hikari.HikariDataSource       : HikariPool-1 - Starting...
2025-04-03 00:06:38.835  INFO 29492 --- [user-service] [pool-5-thread-9] com.zaxxer.hikari.HikariDataSource       : HikariPool-1 - Starting...
2025-04-03 00:06:39.852  INFO 29492 --- [user-service] [pool-5-thread-8] com.zaxxer.hikari.HikariDataSource       : HikariPool-1 - Starting...
2025-04-03 00:06:40.866  INFO 29492 --- [user-service] [pool-5-thread-1] com.zaxxer.hikari.HikariDataSource       : HikariPool-1 - Starting...
2025-04-03 00:06:41.872  INFO 29492 --- [user-service] [pool-5-thread-8] com.zaxxer.hikari.HikariDataSource       : HikariPool-1 - Starting...
2025-04-03 00:06:42.883  INFO 29492 --- [user-service] [pool-5-thread-9] com.zaxxer.hikari.HikariDataSource       : HikariPool-1 - Starting...
2025-04-03 00:06:43.899  INFO 29492 --- [user-service] [pool-5-thread-5] com.zaxxer.hikari.HikariDataSource       : HikariPool-1 - Starting...
2025-04-03 00:06:44.901  INFO 29492 --- [user-service] [pool-5-thread-10] com.zaxxer.hikari.HikariDataSource       : HikariPool-1 - Starting...
2025-04-03 00:06:45.905  INFO 29492 --- [user-service] [pool-5-thread-7] com.zaxxer.hikari.HikariDataSource       : HikariPool-1 - Starting...
2025-04-03 00:06:46.916  INFO 29492 --- [user-service] [pool-5-thread-4] com.zaxxer.hikari.HikariDataSource       : HikariPool-1 - Starting...
2025-04-03 00:06:47.930  INFO 29492 --- [user-service] [pool-5-thread-6] com.zaxxer.hikari.HikariDataSource       : HikariPool-1 - Starting...
2025-04-03 00:06:48.941  INFO 29492 --- [user-service] [pool-5-thread-3] com.zaxxer.hikari.HikariDataSource       : HikariPool-1 - Starting...
2025-04-03 00:06:49.949  INFO 29492 --- [user-service] [pool-5-thread-2] com.zaxxer.hikari.HikariDataSource       : HikariPool-1 - Starting...
2025-04-03 00:06:50.962  INFO 29492 --- [user-service] [pool-5-thread-3] com.zaxxer.hikari.HikariDataSource       : HikariPool-1 - Starting...
2025-04-03 00:06:51.974  INFO 29492 --- [user-service] [pool-5-thread-6] com.zaxxer.hikari.HikariDataSource       : HikariPool-1 - Starting...
2025-04-03 00:06:52.986  INFO 29492 --- [user-service] [pool-5-thread-4] com.zaxxer.hikari.HikariDataSource       : HikariPool-1 - Starting...
2025-04-03 00:06:54.001  INFO 29492 --- [user-service] [pool-5-thread-7] com.zaxxer.hikari.HikariDataSource       : HikariPool-1 - Starting...
2025-04-03 00:06:55.014  INFO 29492 --- [user-service] [pool-5-thread-10] com.zaxxer.hikari.HikariDataSource       : HikariPool-1 - Starting...
2025-04-03 00:06:56.027  INFO 29492 --- [user-service] [pool-5-thread-5] com.zaxxer.hikari.HikariDataSource       : HikariPool-1 - Starting...
2025-04-03 00:06:57.031  INFO 29492 --- [user-service] [pool-5-thread-9] com.zaxxer.hikari.HikariDataSource       : HikariPool-1 - Starting...
2025-04-03 00:06:58.033  INFO 29492 --- [user-service] [pool-5-thread-8] com.zaxxer.hikari.HikariDataSource       : HikariPool-1 - Starting...
2025-04-03 00:06:59.041  INFO 29492 --- [user-service] [pool-5-thread-1] com.zaxxer.hikari.HikariDataSource       : HikariPool-1 - Starting...
2025-04-03 00:07:00.055  INFO 29492 --- [user-service] [pool-5-thread-8] com.zaxxer.hikari.HikariDataSource       : HikariPool-1 - Starting...
2025-04-03 00:07:01.058  INFO 29492 --- [user-service] [pool-5-thread-9] com.zaxxer.hikari.HikariDataSource       : HikariPool-1 - Starting...
2025-04-03 00:07:02.066  INFO 29492 --- [user-service] [pool-5-thread-5] com.zaxxer.hikari.HikariDataSource       : HikariPool-1 - Starting...
2025-04-03 00:07:03.068  INFO 29492 --- [user-service] [pool-5-thread-10] com.zaxxer.hikari.HikariDataSource       : HikariPool-1 - Starting...
2025-04-03 00:07:04.081  INFO 29492 --- [user-service] [pool-5-thread-7] com.zaxxer.hikari.HikariDataSource       : HikariPool-1 - Starting...
2025-04-03 00:07:05.091  INFO 29492 --- [user-service] [pool-5-thread-4] com.zaxxer.hikari.HikariDataSource       : HikariPool-1 - Starting...
2025-04-03 00:07:06.094  INFO 29492 --- [user-service] [pool-5-thread-6] com.zaxxer.hikari.HikariDataSource       : HikariPool-1 - Starting...
2025-04-03 00:07:07.099  INFO 29492 --- [user-service] [pool-5-thread-3] com.zaxxer.hikari.HikariDataSource       : HikariPool-1 - Starting...
2025-04-03 00:07:08.112  INFO 29492 --- [user-service] [pool-5-thread-2] com.zaxxer.hikari.HikariDataSource       : HikariPool-1 - Starting...
2025-04-03 00:07:09.123  INFO 29492 --- [user-service] [pool-5-thread-3] com.zaxxer.hikari.HikariDataSource       : HikariPool-1 - Starting...
2025-04-03 00:07:10.138  INFO 29492 --- [user-service] [pool-5-thread-6] com.zaxxer.hikari.HikariDataSource       : HikariPool-1 - Starting...
2025-04-03 00:07:11.148  INFO 29492 --- [user-service] [pool-5-thread-4] com.zaxxer.hikari.HikariDataSource       : HikariPool-1 - Starting...
2025-04-03 00:07:12.163  INFO 29492 --- [user-service] [pool-5-thread-7] com.zaxxer.hikari.HikariDataSource       : HikariPool-1 - Starting...
2025-04-03 00:07:13.175  INFO 29492 --- [user-service] [pool-5-thread-10] com.zaxxer.hikari.HikariDataSource       : HikariPool-1 - Starting...
2025-04-03 00:07:14.187  INFO 29492 --- [user-service] [pool-5-thread-5] com.zaxxer.hikari.HikariDataSource       : HikariPool-1 - Starting...
2025-04-03 00:07:15.198  INFO 29492 --- [user-service] [pool-5-thread-9] com.zaxxer.hikari.HikariDataSource       : HikariPool-1 - Starting...
2025-04-03 00:07:16.213  INFO 29492 --- [user-service] [pool-5-thread-8] com.zaxxer.hikari.HikariDataSource       : HikariPool-1 - Starting...
2025-04-03 00:07:17.226  INFO 29492 --- [user-service] [pool-5-thread-1] com.zaxxer.hikari.HikariDataSource       : HikariPool-1 - Starting...
2025-04-03 00:07:18.242  INFO 29492 --- [user-service] [pool-5-thread-8] com.zaxxer.hikari.HikariDataSource       : HikariPool-1 - Starting...
2025-04-03 00:07:19.249  INFO 29492 --- [user-service] [pool-5-thread-9] com.zaxxer.hikari.HikariDataSource       : HikariPool-1 - Starting...
2025-04-03 00:07:20.262  INFO 29492 --- [user-service] [pool-5-thread-5] com.zaxxer.hikari.HikariDataSource       : HikariPool-1 - Starting...
2025-04-03 00:07:21.273  INFO 29492 --- [user-service] [pool-5-thread-10] com.zaxxer.hikari.HikariDataSource       : HikariPool-1 - Starting...
2025-04-03 00:07:22.288  INFO 29492 --- [user-service] [pool-5-thread-7] com.zaxxer.hikari.HikariDataSource       : HikariPool-1 - Starting...
2025-04-03 00:07:23.300  INFO 29492 --- [user-service] [pool-5-thread-4] com.zaxxer.hikari.HikariDataSource       : HikariPool-1 - Starting...
2025-04-03 00:07:24.317  INFO 29492 --- [user-service] [pool-5-thread-6] com.zaxxer.hikari.HikariDataSource       : HikariPool-1 - Starting...
2025-04-03 00:07:25.328  INFO 29492 --- [user-service] [pool-5-thread-3] com.zaxxer.hikari.HikariDataSource       : HikariPool-1 - Starting...
2025-04-03 00:07:26.342  INFO 29492 --- [user-service] [pool-5-thread-2] com.zaxxer.hikari.HikariDataSource       : HikariPool-1 - Starting...
2025-04-03 00:07:27.345  INFO 29492 --- [user-service] [pool-5-thread-3] com.zaxxer.hikari.HikariDataSource       : HikariPool-1 - Starting...
2025-04-03 00:07:28.358  INFO 29492 --- [user-service] [pool-5-thread-6] com.zaxxer.hikari.HikariDataSource       : HikariPool-1 - Starting...
2025-04-03 00:07:29.360  INFO 29492 --- [user-service] [pool-5-thread-4] com.zaxxer.hikari.HikariDataSource       : HikariPool-1 - Starting...
2025-04-03 00:07:30.347  WARN 29492 --- [user-service] [Thread-1] c.a.n.common.executor.ThreadPoolManager  : [ThreadPoolManager] Start destroying ThreadPool
2025-04-03 00:07:30.347  WARN 29492 --- [user-service] [Thread-6] c.a.n.common.http.HttpClientBeanHolder   : [HttpClientBeanHolder] Start destroying common HttpClient
2025-04-03 00:07:30.347  WARN 29492 --- [user-service] [Thread-8] c.a.nacos.common.notify.NotifyCenter     : [NotifyCenter] Start destroying Publisher
2025-04-03 00:07:30.347  WARN 29492 --- [user-service] [Thread-8] c.a.nacos.common.notify.NotifyCenter     : [NotifyCenter] Destruction of the end
2025-04-03 00:07:30.347  WARN 29492 --- [user-service] [Thread-1] c.a.n.common.executor.ThreadPoolManager  : [ThreadPoolManager] Destruction of the end
2025-04-03 00:07:30.347  WARN 29492 --- [user-service] [Thread-6] c.a.n.common.http.HttpClientBeanHolder   : [HttpClientBeanHolder] Destruction of the end
2025-04-03 00:07:30.350  INFO 29492 --- [user-service] [SpringApplicationShutdownHook] o.s.b.w.e.tomcat.GracefulShutdown        : Commencing graceful shutdown. Waiting for active requests to complete
2025-04-03 00:07:30.356  INFO 29492 --- [user-service] [tomcat-shutdown] o.s.b.w.e.tomcat.GracefulShutdown        : Graceful shutdown complete
2025-04-03 00:07:30.359  INFO 29492 --- [user-service] [SpringApplicationShutdownHook] c.a.c.n.registry.NacosServiceRegistry    : De-registering from Nacos Server now...
2025-04-03 00:07:30.366  INFO 29492 --- [user-service] [SpringApplicationShutdownHook] c.a.c.n.registry.NacosServiceRegistry    : De-registration finished.
2025-04-03 00:07:30.369  INFO 29492 --- [user-service] [pool-5-thread-7] com.zaxxer.hikari.HikariDataSource       : HikariPool-1 - Starting...
2025-04-03 00:07:42.500  INFO 26704 --- [user-service] [main] c.a.c.n.c.NacosConfigDataLoader          : [Nacos Config] Load config[dataId=shared-sentinel.yaml, group=DEFAULT_GROUP] success
2025-04-03 00:07:42.500  INFO 26704 --- [user-service] [main] c.a.c.n.c.NacosConfigDataLoader          : [Nacos Config] Load config[dataId=shared-log.yaml, group=DEFAULT_GROUP] success
2025-04-03 00:07:42.500  INFO 26704 --- [user-service] [main] c.a.c.n.c.NacosConfigDataLoader          : [Nacos Config] Load config[dataId=shared-jdbc.yaml, group=DEFAULT_GROUP] success
2025-04-03 00:07:43.806  INFO 26704 --- [user-service] [main] c.c.c.ConfigServicePropertySourceLocator : Fetching config from server at : http://localhost:8888
2025-04-03 00:07:43.840  INFO 26704 --- [user-service] [main] c.c.c.ConfigServicePropertySourceLocator : Exception on Url - http://localhost:8888:org.springframework.web.client.ResourceAccessException: I/O error on GET request for "http://localhost:8888/user-service/dev": Connection refused: getsockopt. Will be trying the next url if available
2025-04-03 00:07:43.840  WARN 26704 --- [user-service] [main] c.c.c.ConfigServicePropertySourceLocator : Could not locate PropertySource: I/O error on GET request for "http://localhost:8888/user-service/dev": Connection refused: getsockopt
2025-04-03 00:07:43.848  INFO 26704 --- [user-service] [main] com.smileShark.user.UserApplication      : The following 1 profile is active: "dev"
2025-04-03 00:07:43.855  INFO 26704 --- [user-service] [main] c.a.c.n.c.NacosConfigDataLoader          : [Nacos Config] Load config[dataId=shared-sentinel.yaml, group=DEFAULT_GROUP] success
2025-04-03 00:07:43.856  INFO 26704 --- [user-service] [main] c.a.c.n.c.NacosConfigDataLoader          : [Nacos Config] Load config[dataId=shared-log.yaml, group=DEFAULT_GROUP] success
2025-04-03 00:07:43.856  INFO 26704 --- [user-service] [main] c.a.c.n.c.NacosConfigDataLoader          : [Nacos Config] Load config[dataId=shared-jdbc.yaml, group=DEFAULT_GROUP] success
2025-04-03 00:07:44.327  INFO 26704 --- [user-service] [main] o.s.cloud.context.scope.GenericScope     : BeanFactory id=192969dd-a094-3fbb-b557-bbec810de7e4
2025-04-03 00:07:44.347  WARN 26704 --- [user-service] [main] trationDelegate$BeanPostProcessorChecker : Bean 'com.alibaba.cloud.nacos.NacosConfigAutoConfiguration' of type [com.alibaba.cloud.nacos.NacosConfigAutoConfiguration] is not eligible for getting processed by all BeanPostProcessors (for example: not eligible for auto-proxying). The currently created BeanPostProcessor [nacosAnnotationProcessor] is declared through a non-static factory method on that class; consider declaring it as static instead.
2025-04-03 00:07:44.675  INFO 26704 --- [user-service] [main] o.s.b.w.embedded.tomcat.TomcatWebServer  : Tomcat initialized with port 8084 (http)
2025-04-03 00:07:44.678  INFO 26704 --- [user-service] [main] o.a.catalina.core.AprLifecycleListener   : An older version [1.3.1] of the Apache Tomcat Native library is installed, while Tomcat recommends a minimum version of [2.0.5]
2025-04-03 00:07:44.678  INFO 26704 --- [user-service] [main] o.a.catalina.core.AprLifecycleListener   : Loaded Apache Tomcat Native library [1.3.1] using APR version [1.7.4].
2025-04-03 00:07:44.680  INFO 26704 --- [user-service] [main] o.a.catalina.core.AprLifecycleListener   : OpenSSL successfully initialized [OpenSSL 3.0.14 4 Jun 2024]
2025-04-03 00:07:44.690  INFO 26704 --- [user-service] [main] o.apache.catalina.core.StandardService   : Starting service [Tomcat]
2025-04-03 00:07:44.690  INFO 26704 --- [user-service] [main] o.apache.catalina.core.StandardEngine    : Starting Servlet engine: [Apache Tomcat/10.1.36]
2025-04-03 00:07:44.728  INFO 26704 --- [user-service] [main] o.a.c.c.C.[Tomcat].[localhost].[/]       : Initializing Spring embedded WebApplicationContext
2025-04-03 00:07:44.728  INFO 26704 --- [user-service] [main] w.s.c.ServletWebServerApplicationContext : Root WebApplicationContext: initialization completed in 872 ms
2025-04-03 00:07:44.983  INFO 26704 --- [user-service] [main] c.a.c.sentinel.SentinelWebMvcConfigurer  : [Sentinel Starter] register SentinelWebInterceptor with urlPatterns: [/**].
2025-04-03 00:07:46.142  INFO 26704 --- [user-service] [main] o.s.cloud.commons.util.InetUtils         : Cannot determine local hostname
2025-04-03 00:07:47.265  INFO 26704 --- [user-service] [main] o.s.cloud.commons.util.InetUtils         : Cannot determine local hostname
2025-04-03 00:07:47.290  WARN 26704 --- [user-service] [main] iguration$LoadBalancerCaffeineWarnLogger : Spring Cloud LoadBalancer is currently working with the default cache. While this cache implementation is useful for development and tests, it's recommended to use Caffeine cache in production.You can switch to using Caffeine cache, by adding it and org.springframework.cache.caffeine.CaffeineCacheManager to the classpath.
2025-04-03 00:07:47.335  INFO 26704 --- [user-service] [main] o.s.b.w.embedded.tomcat.TomcatWebServer  : Tomcat started on port 8084 (http) with context path '/'
2025-04-03 00:07:47.347  INFO 26704 --- [user-service] [main] c.a.n.p.a.s.c.ClientAuthPluginManager    : [ClientAuthPluginManager] Load ClientAuthService com.alibaba.nacos.client.auth.impl.NacosClientAuthServiceImpl success.
2025-04-03 00:07:47.347  INFO 26704 --- [user-service] [main] c.a.n.p.a.s.c.ClientAuthPluginManager    : [ClientAuthPluginManager] Load ClientAuthService com.alibaba.nacos.client.auth.ram.RamClientAuthServiceImpl success.
2025-04-03 00:07:47.438  INFO 26704 --- [user-service] [main] c.a.c.n.registry.NacosServiceRegistry    : nacos registry, DEFAULT_GROUP user-service 10.0.13.16:8084 register finished
2025-04-03 00:07:48.454  INFO 26704 --- [user-service] [main] o.s.cloud.commons.util.InetUtils         : Cannot determine local hostname
2025-04-03 00:07:48.460  INFO 26704 --- [user-service] [main] com.smileShark.user.UserApplication      : Started UserApplication in 8.41 seconds (process running for 8.888)
2025-04-03 00:07:48.468  INFO 26704 --- [user-service] [main] c.a.c.n.refresh.NacosContextRefresher    : [Nacos Config] Listening config: dataId=shared-sentinel.yaml, group=DEFAULT_GROUP
2025-04-03 00:07:48.468  INFO 26704 --- [user-service] [main] c.a.c.n.refresh.NacosContextRefresher    : [Nacos Config] Listening config: dataId=shared-log.yaml, group=DEFAULT_GROUP
2025-04-03 00:07:48.469  INFO 26704 --- [user-service] [main] c.a.c.n.refresh.NacosContextRefresher    : [Nacos Config] Listening config: dataId=shared-jdbc.yaml, group=DEFAULT_GROUP
2025-04-03 00:08:41.583  INFO 26704 --- [user-service] [http-nio-8084-exec-1] o.a.c.c.C.[Tomcat].[localhost].[/]       : Initializing Spring DispatcherServlet 'dispatcherServlet'
2025-04-03 00:08:41.583  INFO 26704 --- [user-service] [http-nio-8084-exec-1] o.s.web.servlet.DispatcherServlet        : Initializing Servlet 'dispatcherServlet'
2025-04-03 00:08:41.584  INFO 26704 --- [user-service] [http-nio-8084-exec-1] o.s.web.servlet.DispatcherServlet        : Completed initialization in 1 ms
2025-04-03 00:08:41.694  INFO 26704 --- [user-service] [http-nio-8084-exec-1] c.s.user.service.imp.UserServiceImp      : 用户：320123199008210001 登录，IP地址：0:0:0:0:0:0:0:1
2025-04-03 00:08:42.922  INFO 26704 --- [user-service] [http-nio-8084-exec-1] c.s.user.service.imp.UserServiceImp      : 用户：320123199008210001 登录成功
2025-04-03 00:08:42.937  INFO 26704 --- [user-service] [pool-5-thread-1] com.zaxxer.hikari.HikariDataSource       : HikariPool-1 - Starting...
2025-04-03 00:09:00.299  INFO 26704 --- [user-service] [pool-5-thread-1] com.zaxxer.hikari.HikariDataSource       : HikariPool-1 - Starting...
2025-04-03 00:09:01.302  INFO 26704 --- [user-service] [pool-5-thread-6] com.zaxxer.hikari.HikariDataSource       : HikariPool-1 - Starting...
2025-04-03 00:09:02.307  INFO 26704 --- [user-service] [pool-5-thread-4] com.zaxxer.hikari.HikariDataSource       : HikariPool-1 - Starting...
2025-04-03 00:09:03.321  INFO 26704 --- [user-service] [pool-5-thread-5] com.zaxxer.hikari.HikariDataSource       : HikariPool-1 - Starting...
2025-04-03 00:09:04.330  INFO 26704 --- [user-service] [pool-5-thread-2] com.zaxxer.hikari.HikariDataSource       : HikariPool-1 - Starting...
2025-04-03 00:09:05.335  INFO 26704 --- [user-service] [pool-5-thread-10] com.zaxxer.hikari.HikariDataSource       : HikariPool-1 - Starting...
2025-04-03 00:09:06.339  INFO 26704 --- [user-service] [pool-5-thread-9] com.zaxxer.hikari.HikariDataSource       : HikariPool-1 - Starting...
2025-04-03 00:09:07.352  INFO 26704 --- [user-service] [pool-5-thread-8] com.zaxxer.hikari.HikariDataSource       : HikariPool-1 - Starting...
2025-04-03 00:09:08.368  INFO 26704 --- [user-service] [pool-5-thread-7] com.zaxxer.hikari.HikariDataSource       : HikariPool-1 - Starting...
2025-04-03 00:09:09.371  INFO 26704 --- [user-service] [pool-5-thread-1] com.zaxxer.hikari.HikariDataSource       : HikariPool-1 - Starting...
2025-04-03 00:09:10.378  INFO 26704 --- [user-service] [pool-5-thread-10] com.zaxxer.hikari.HikariDataSource       : HikariPool-1 - Starting...
2025-04-03 00:09:11.380  INFO 26704 --- [user-service] [pool-5-thread-8] com.zaxxer.hikari.HikariDataSource       : HikariPool-1 - Starting...
2025-04-03 00:09:12.388  INFO 26704 --- [user-service] [pool-5-thread-9] com.zaxxer.hikari.HikariDataSource       : HikariPool-1 - Starting...
2025-04-03 00:09:13.391  INFO 26704 --- [user-service] [pool-5-thread-5] com.zaxxer.hikari.HikariDataSource       : HikariPool-1 - Starting...
2025-04-03 00:09:14.408  INFO 26704 --- [user-service] [pool-5-thread-7] com.zaxxer.hikari.HikariDataSource       : HikariPool-1 - Starting...
2025-04-03 00:09:15.414  INFO 26704 --- [user-service] [pool-5-thread-4] com.zaxxer.hikari.HikariDataSource       : HikariPool-1 - Starting...
2025-04-03 00:09:16.418  INFO 26704 --- [user-service] [pool-5-thread-6] com.zaxxer.hikari.HikariDataSource       : HikariPool-1 - Starting...
2025-04-03 00:09:17.420  INFO 26704 --- [user-service] [pool-5-thread-3] com.zaxxer.hikari.HikariDataSource       : HikariPool-1 - Starting...
2025-04-03 00:09:18.439  INFO 26704 --- [user-service] [pool-5-thread-2] com.zaxxer.hikari.HikariDataSource       : HikariPool-1 - Starting...
2025-04-03 00:09:19.441  INFO 26704 --- [user-service] [pool-5-thread-3] com.zaxxer.hikari.HikariDataSource       : HikariPool-1 - Starting...
2025-04-03 00:09:20.458  INFO 26704 --- [user-service] [pool-5-thread-6] com.zaxxer.hikari.HikariDataSource       : HikariPool-1 - Starting...
2025-04-03 00:09:21.470  INFO 26704 --- [user-service] [pool-5-thread-4] com.zaxxer.hikari.HikariDataSource       : HikariPool-1 - Starting...
2025-04-03 00:09:22.484  INFO 26704 --- [user-service] [pool-5-thread-7] com.zaxxer.hikari.HikariDataSource       : HikariPool-1 - Starting...
2025-04-03 00:09:23.500  INFO 26704 --- [user-service] [pool-5-thread-5] com.zaxxer.hikari.HikariDataSource       : HikariPool-1 - Starting...
2025-04-03 00:09:24.513  INFO 26704 --- [user-service] [pool-5-thread-9] com.zaxxer.hikari.HikariDataSource       : HikariPool-1 - Starting...
2025-04-03 00:09:25.528  INFO 26704 --- [user-service] [pool-5-thread-8] com.zaxxer.hikari.HikariDataSource       : HikariPool-1 - Starting...
2025-04-03 00:09:26.543  INFO 26704 --- [user-service] [pool-5-thread-10] com.zaxxer.hikari.HikariDataSource       : HikariPool-1 - Starting...
2025-04-03 00:09:27.555  INFO 26704 --- [user-service] [pool-5-thread-1] com.zaxxer.hikari.HikariDataSource       : HikariPool-1 - Starting...
2025-04-03 00:09:28.569  INFO 26704 --- [user-service] [pool-5-thread-10] com.zaxxer.hikari.HikariDataSource       : HikariPool-1 - Starting...
2025-04-03 00:09:29.583  INFO 26704 --- [user-service] [pool-5-thread-8] com.zaxxer.hikari.HikariDataSource       : HikariPool-1 - Starting...
2025-04-03 00:09:30.595  INFO 26704 --- [user-service] [pool-5-thread-9] com.zaxxer.hikari.HikariDataSource       : HikariPool-1 - Starting...
2025-04-03 00:09:31.607  INFO 26704 --- [user-service] [pool-5-thread-5] com.zaxxer.hikari.HikariDataSource       : HikariPool-1 - Starting...
2025-04-03 00:09:32.620  INFO 26704 --- [user-service] [pool-5-thread-7] com.zaxxer.hikari.HikariDataSource       : HikariPool-1 - Starting...
2025-04-03 00:09:33.624  INFO 26704 --- [user-service] [pool-5-thread-4] com.zaxxer.hikari.HikariDataSource       : HikariPool-1 - Starting...
2025-04-03 00:09:34.633  INFO 26704 --- [user-service] [pool-5-thread-6] com.zaxxer.hikari.HikariDataSource       : HikariPool-1 - Starting...
2025-04-03 00:09:35.645  INFO 26704 --- [user-service] [pool-5-thread-3] com.zaxxer.hikari.HikariDataSource       : HikariPool-1 - Starting...
2025-04-03 00:09:36.658  INFO 26704 --- [user-service] [pool-5-thread-2] com.zaxxer.hikari.HikariDataSource       : HikariPool-1 - Starting...
2025-04-03 00:09:37.673  INFO 26704 --- [user-service] [pool-5-thread-3] com.zaxxer.hikari.HikariDataSource       : HikariPool-1 - Starting...
2025-04-03 00:09:38.676  INFO 26704 --- [user-service] [pool-5-thread-6] com.zaxxer.hikari.HikariDataSource       : HikariPool-1 - Starting...
2025-04-03 00:09:39.683  INFO 26704 --- [user-service] [pool-5-thread-4] com.zaxxer.hikari.HikariDataSource       : HikariPool-1 - Starting...
2025-04-03 00:09:40.698  INFO 26704 --- [user-service] [pool-5-thread-7] com.zaxxer.hikari.HikariDataSource       : HikariPool-1 - Starting...
2025-04-03 00:09:41.711  INFO 26704 --- [user-service] [pool-5-thread-5] com.zaxxer.hikari.HikariDataSource       : HikariPool-1 - Starting...
2025-04-03 00:09:42.713  INFO 26704 --- [user-service] [pool-5-thread-9] com.zaxxer.hikari.HikariDataSource       : HikariPool-1 - Starting...
2025-04-03 00:09:43.716  INFO 26704 --- [user-service] [pool-5-thread-8] com.zaxxer.hikari.HikariDataSource       : HikariPool-1 - Starting...
2025-04-03 00:09:44.733  INFO 26704 --- [user-service] [pool-5-thread-10] com.zaxxer.hikari.HikariDataSource       : HikariPool-1 - Starting...
2025-04-03 00:09:45.746  INFO 26704 --- [user-service] [pool-5-thread-1] com.zaxxer.hikari.HikariDataSource       : HikariPool-1 - Starting...
2025-04-03 00:09:46.761  INFO 26704 --- [user-service] [pool-5-thread-10] com.zaxxer.hikari.HikariDataSource       : HikariPool-1 - Starting...
2025-04-03 00:09:47.763  INFO 26704 --- [user-service] [pool-5-thread-8] com.zaxxer.hikari.HikariDataSource       : HikariPool-1 - Starting...
2025-04-03 00:09:48.774  INFO 26704 --- [user-service] [pool-5-thread-9] com.zaxxer.hikari.HikariDataSource       : HikariPool-1 - Starting...
2025-04-03 00:09:49.780  INFO 26704 --- [user-service] [pool-5-thread-5] com.zaxxer.hikari.HikariDataSource       : HikariPool-1 - Starting...
2025-04-03 00:09:50.787  INFO 26704 --- [user-service] [pool-5-thread-7] com.zaxxer.hikari.HikariDataSource       : HikariPool-1 - Starting...
2025-04-03 00:09:51.801  INFO 26704 --- [user-service] [pool-5-thread-4] com.zaxxer.hikari.HikariDataSource       : HikariPool-1 - Starting...
2025-04-03 00:09:52.814  INFO 26704 --- [user-service] [pool-5-thread-6] com.zaxxer.hikari.HikariDataSource       : HikariPool-1 - Starting...
2025-04-03 00:09:53.822  INFO 26704 --- [user-service] [pool-5-thread-3] com.zaxxer.hikari.HikariDataSource       : HikariPool-1 - Starting...
2025-04-03 00:09:54.835  INFO 26704 --- [user-service] [pool-5-thread-2] com.zaxxer.hikari.HikariDataSource       : HikariPool-1 - Starting...
2025-04-03 00:09:55.849  INFO 26704 --- [user-service] [pool-5-thread-3] com.zaxxer.hikari.HikariDataSource       : HikariPool-1 - Starting...
2025-04-03 00:09:56.863  INFO 26704 --- [user-service] [pool-5-thread-6] com.zaxxer.hikari.HikariDataSource       : HikariPool-1 - Starting...
2025-04-03 00:09:57.873  INFO 26704 --- [user-service] [pool-5-thread-4] com.zaxxer.hikari.HikariDataSource       : HikariPool-1 - Starting...
2025-04-03 00:09:58.890  INFO 26704 --- [user-service] [pool-5-thread-7] com.zaxxer.hikari.HikariDataSource       : HikariPool-1 - Starting...
2025-04-03 00:09:59.893  INFO 26704 --- [user-service] [pool-5-thread-5] com.zaxxer.hikari.HikariDataSource       : HikariPool-1 - Starting...
2025-04-03 00:10:00.901  INFO 26704 --- [user-service] [pool-5-thread-9] com.zaxxer.hikari.HikariDataSource       : HikariPool-1 - Starting...
2025-04-03 00:10:01.916  INFO 26704 --- [user-service] [pool-5-thread-8] com.zaxxer.hikari.HikariDataSource       : HikariPool-1 - Starting...
2025-04-03 00:10:02.929  INFO 26704 --- [user-service] [pool-5-thread-10] com.zaxxer.hikari.HikariDataSource       : HikariPool-1 - Starting...
2025-04-03 00:10:03.931  INFO 26704 --- [user-service] [pool-5-thread-1] com.zaxxer.hikari.HikariDataSource       : HikariPool-1 - Starting...
2025-04-03 00:10:04.939  INFO 26704 --- [user-service] [pool-5-thread-10] com.zaxxer.hikari.HikariDataSource       : HikariPool-1 - Starting...
2025-04-03 00:10:05.953  INFO 26704 --- [user-service] [pool-5-thread-8] com.zaxxer.hikari.HikariDataSource       : HikariPool-1 - Starting...
2025-04-03 00:10:06.962  INFO 26704 --- [user-service] [pool-5-thread-9] com.zaxxer.hikari.HikariDataSource       : HikariPool-1 - Starting...
2025-04-03 00:10:07.974  INFO 26704 --- [user-service] [pool-5-thread-5] com.zaxxer.hikari.HikariDataSource       : HikariPool-1 - Starting...
2025-04-03 00:10:08.986  INFO 26704 --- [user-service] [pool-5-thread-7] com.zaxxer.hikari.HikariDataSource       : HikariPool-1 - Starting...
2025-04-03 00:10:09.998  INFO 26704 --- [user-service] [pool-5-thread-4] com.zaxxer.hikari.HikariDataSource       : HikariPool-1 - Starting...
2025-04-03 00:10:11.013  INFO 26704 --- [user-service] [pool-5-thread-6] com.zaxxer.hikari.HikariDataSource       : HikariPool-1 - Starting...
2025-04-03 00:10:12.021  INFO 26704 --- [user-service] [pool-5-thread-3] com.zaxxer.hikari.HikariDataSource       : HikariPool-1 - Starting...
2025-04-03 00:10:13.033  INFO 26704 --- [user-service] [pool-5-thread-2] com.zaxxer.hikari.HikariDataSource       : HikariPool-1 - Starting...
2025-04-03 00:10:14.046  INFO 26704 --- [user-service] [pool-5-thread-3] com.zaxxer.hikari.HikariDataSource       : HikariPool-1 - Starting...
2025-04-03 00:10:15.058  INFO 26704 --- [user-service] [pool-5-thread-6] com.zaxxer.hikari.HikariDataSource       : HikariPool-1 - Starting...
2025-04-03 00:10:16.060  INFO 26704 --- [user-service] [pool-5-thread-4] com.zaxxer.hikari.HikariDataSource       : HikariPool-1 - Starting...
2025-04-03 00:10:17.066  INFO 26704 --- [user-service] [pool-5-thread-7] com.zaxxer.hikari.HikariDataSource       : HikariPool-1 - Starting...
2025-04-03 00:10:18.078  INFO 26704 --- [user-service] [pool-5-thread-5] com.zaxxer.hikari.HikariDataSource       : HikariPool-1 - Starting...
2025-04-03 00:10:19.093  INFO 26704 --- [user-service] [pool-5-thread-9] com.zaxxer.hikari.HikariDataSource       : HikariPool-1 - Starting...
2025-04-03 00:10:20.096  INFO 26704 --- [user-service] [pool-5-thread-8] com.zaxxer.hikari.HikariDataSource       : HikariPool-1 - Starting...
2025-04-03 00:10:21.106  INFO 26704 --- [user-service] [pool-5-thread-10] com.zaxxer.hikari.HikariDataSource       : HikariPool-1 - Starting...
2025-04-03 00:10:22.123  INFO 26704 --- [user-service] [pool-5-thread-1] com.zaxxer.hikari.HikariDataSource       : HikariPool-1 - Starting...
2025-04-03 00:10:23.139  INFO 26704 --- [user-service] [pool-5-thread-10] com.zaxxer.hikari.HikariDataSource       : HikariPool-1 - Starting...
2025-04-03 00:10:24.150  INFO 26704 --- [user-service] [pool-5-thread-8] com.zaxxer.hikari.HikariDataSource       : HikariPool-1 - Starting...
2025-04-03 00:10:25.163  INFO 26704 --- [user-service] [pool-5-thread-9] com.zaxxer.hikari.HikariDataSource       : HikariPool-1 - Starting...
2025-04-03 00:10:26.175  INFO 26704 --- [user-service] [pool-5-thread-5] com.zaxxer.hikari.HikariDataSource       : HikariPool-1 - Starting...
2025-04-03 00:10:27.192  INFO 26704 --- [user-service] [pool-5-thread-7] com.zaxxer.hikari.HikariDataSource       : HikariPool-1 - Starting...
2025-04-03 00:10:28.203  INFO 26704 --- [user-service] [pool-5-thread-4] com.zaxxer.hikari.HikariDataSource       : HikariPool-1 - Starting...
2025-04-03 00:10:29.211  INFO 26704 --- [user-service] [pool-5-thread-6] com.zaxxer.hikari.HikariDataSource       : HikariPool-1 - Starting...
2025-04-03 00:10:30.225  INFO 26704 --- [user-service] [pool-5-thread-3] com.zaxxer.hikari.HikariDataSource       : HikariPool-1 - Starting...
2025-04-03 00:10:31.237  INFO 26704 --- [user-service] [pool-5-thread-2] com.zaxxer.hikari.HikariDataSource       : HikariPool-1 - Starting...
2025-04-03 00:10:32.253  INFO 26704 --- [user-service] [pool-5-thread-3] com.zaxxer.hikari.HikariDataSource       : HikariPool-1 - Starting...
2025-04-03 00:10:33.268  INFO 26704 --- [user-service] [pool-5-thread-6] com.zaxxer.hikari.HikariDataSource       : HikariPool-1 - Starting...
2025-04-03 00:10:34.271  INFO 26704 --- [user-service] [pool-5-thread-4] com.zaxxer.hikari.HikariDataSource       : HikariPool-1 - Starting...
2025-04-03 00:10:35.273  INFO 26704 --- [user-service] [pool-5-thread-7] com.zaxxer.hikari.HikariDataSource       : HikariPool-1 - Starting...
2025-04-03 00:10:36.284  INFO 26704 --- [user-service] [pool-5-thread-5] com.zaxxer.hikari.HikariDataSource       : HikariPool-1 - Starting...
2025-04-03 00:10:37.296  INFO 26704 --- [user-service] [pool-5-thread-9] com.zaxxer.hikari.HikariDataSource       : HikariPool-1 - Starting...
2025-04-03 00:10:38.304  INFO 26704 --- [user-service] [pool-5-thread-8] com.zaxxer.hikari.HikariDataSource       : HikariPool-1 - Starting...
2025-04-03 00:10:39.315  INFO 26704 --- [user-service] [pool-5-thread-10] com.zaxxer.hikari.HikariDataSource       : HikariPool-1 - Starting...
2025-04-03 00:10:40.329  INFO 26704 --- [user-service] [pool-5-thread-1] com.zaxxer.hikari.HikariDataSource       : HikariPool-1 - Starting...
2025-04-03 00:10:41.344  INFO 26704 --- [user-service] [pool-5-thread-10] com.zaxxer.hikari.HikariDataSource       : HikariPool-1 - Starting...
2025-04-03 00:10:42.346  INFO 26704 --- [user-service] [pool-5-thread-8] com.zaxxer.hikari.HikariDataSource       : HikariPool-1 - Starting...
2025-04-03 00:10:43.353  INFO 26704 --- [user-service] [pool-5-thread-9] com.zaxxer.hikari.HikariDataSource       : HikariPool-1 - Starting...
2025-04-03 00:10:44.369  INFO 26704 --- [user-service] [pool-5-thread-5] com.zaxxer.hikari.HikariDataSource       : HikariPool-1 - Starting...
2025-04-03 00:10:45.383  INFO 26704 --- [user-service] [pool-5-thread-7] com.zaxxer.hikari.HikariDataSource       : HikariPool-1 - Starting...
2025-04-03 00:10:46.396  INFO 26704 --- [user-service] [pool-5-thread-4] com.zaxxer.hikari.HikariDataSource       : HikariPool-1 - Starting...
2025-04-03 00:10:47.412  INFO 26704 --- [user-service] [pool-5-thread-6] com.zaxxer.hikari.HikariDataSource       : HikariPool-1 - Starting...
2025-04-03 00:10:48.425  INFO 26704 --- [user-service] [pool-5-thread-3] com.zaxxer.hikari.HikariDataSource       : HikariPool-1 - Starting...
2025-04-03 00:10:49.437  INFO 26704 --- [user-service] [pool-5-thread-2] com.zaxxer.hikari.HikariDataSource       : HikariPool-1 - Starting...
2025-04-03 00:10:50.441  INFO 26704 --- [user-service] [pool-5-thread-3] com.zaxxer.hikari.HikariDataSource       : HikariPool-1 - Starting...
2025-04-03 00:10:51.446  INFO 26704 --- [user-service] [pool-5-thread-6] com.zaxxer.hikari.HikariDataSource       : HikariPool-1 - Starting...
2025-04-03 00:10:52.453  INFO 26704 --- [user-service] [pool-5-thread-4] com.zaxxer.hikari.HikariDataSource       : HikariPool-1 - Starting...
2025-04-03 00:10:53.458  INFO 26704 --- [user-service] [pool-5-thread-7] com.zaxxer.hikari.HikariDataSource       : HikariPool-1 - Starting...
2025-04-03 00:10:54.469  INFO 26704 --- [user-service] [pool-5-thread-5] com.zaxxer.hikari.HikariDataSource       : HikariPool-1 - Starting...
2025-04-03 00:10:55.473  INFO 26704 --- [user-service] [pool-5-thread-9] com.zaxxer.hikari.HikariDataSource       : HikariPool-1 - Starting...
2025-04-03 00:10:56.484  INFO 26704 --- [user-service] [pool-5-thread-8] com.zaxxer.hikari.HikariDataSource       : HikariPool-1 - Starting...
2025-04-03 00:10:57.497  INFO 26704 --- [user-service] [pool-5-thread-10] com.zaxxer.hikari.HikariDataSource       : HikariPool-1 - Starting...
2025-04-03 00:10:58.503  INFO 26704 --- [user-service] [pool-5-thread-1] com.zaxxer.hikari.HikariDataSource       : HikariPool-1 - Starting...
2025-04-03 00:10:59.506  INFO 26704 --- [user-service] [pool-5-thread-10] com.zaxxer.hikari.HikariDataSource       : HikariPool-1 - Starting...
2025-04-03 00:11:00.521  INFO 26704 --- [user-service] [pool-5-thread-8] com.zaxxer.hikari.HikariDataSource       : HikariPool-1 - Starting...
2025-04-03 00:11:01.536  INFO 26704 --- [user-service] [pool-5-thread-9] com.zaxxer.hikari.HikariDataSource       : HikariPool-1 - Starting...
2025-04-03 00:11:02.551  INFO 26704 --- [user-service] [pool-5-thread-5] com.zaxxer.hikari.HikariDataSource       : HikariPool-1 - Starting...
2025-04-03 00:11:03.564  INFO 26704 --- [user-service] [pool-5-thread-7] com.zaxxer.hikari.HikariDataSource       : HikariPool-1 - Starting...
2025-04-03 00:11:04.568  INFO 26704 --- [user-service] [pool-5-thread-4] com.zaxxer.hikari.HikariDataSource       : HikariPool-1 - Starting...
2025-04-03 00:11:05.571  INFO 26704 --- [user-service] [pool-5-thread-6] com.zaxxer.hikari.HikariDataSource       : HikariPool-1 - Starting...
2025-04-03 00:11:06.577  INFO 26704 --- [user-service] [pool-5-thread-3] com.zaxxer.hikari.HikariDataSource       : HikariPool-1 - Starting...
2025-04-03 00:11:07.582  INFO 26704 --- [user-service] [pool-5-thread-2] com.zaxxer.hikari.HikariDataSource       : HikariPool-1 - Starting...
2025-04-03 00:11:08.586  INFO 26704 --- [user-service] [pool-5-thread-3] com.zaxxer.hikari.HikariDataSource       : HikariPool-1 - Starting...
2025-04-03 00:11:09.596  INFO 26704 --- [user-service] [pool-5-thread-6] com.zaxxer.hikari.HikariDataSource       : HikariPool-1 - Starting...
2025-04-03 00:11:10.600  INFO 26704 --- [user-service] [pool-5-thread-4] com.zaxxer.hikari.HikariDataSource       : HikariPool-1 - Starting...
2025-04-03 00:11:11.607  INFO 26704 --- [user-service] [pool-5-thread-7] com.zaxxer.hikari.HikariDataSource       : HikariPool-1 - Starting...
2025-04-03 00:11:12.622  INFO 26704 --- [user-service] [pool-5-thread-5] com.zaxxer.hikari.HikariDataSource       : HikariPool-1 - Starting...
2025-04-03 00:11:13.628  INFO 26704 --- [user-service] [pool-5-thread-9] com.zaxxer.hikari.HikariDataSource       : HikariPool-1 - Starting...
2025-04-03 00:11:14.641  INFO 26704 --- [user-service] [pool-5-thread-8] com.zaxxer.hikari.HikariDataSource       : HikariPool-1 - Starting...
2025-04-03 00:11:15.646  INFO 26704 --- [user-service] [pool-5-thread-10] com.zaxxer.hikari.HikariDataSource       : HikariPool-1 - Starting...
2025-04-03 00:11:16.656  INFO 26704 --- [user-service] [pool-5-thread-1] com.zaxxer.hikari.HikariDataSource       : HikariPool-1 - Starting...
2025-04-03 00:11:17.661  INFO 26704 --- [user-service] [pool-5-thread-10] com.zaxxer.hikari.HikariDataSource       : HikariPool-1 - Starting...
2025-04-03 00:11:18.664  INFO 26704 --- [user-service] [pool-5-thread-8] com.zaxxer.hikari.HikariDataSource       : HikariPool-1 - Starting...
2025-04-03 00:11:19.668  INFO 26704 --- [user-service] [pool-5-thread-9] com.zaxxer.hikari.HikariDataSource       : HikariPool-1 - Starting...
2025-04-03 00:11:20.677  INFO 26704 --- [user-service] [pool-5-thread-5] com.zaxxer.hikari.HikariDataSource       : HikariPool-1 - Starting...
2025-04-03 00:11:21.684  INFO 26704 --- [user-service] [pool-5-thread-7] com.zaxxer.hikari.HikariDataSource       : HikariPool-1 - Starting...
2025-04-03 00:11:22.691  INFO 26704 --- [user-service] [pool-5-thread-4] com.zaxxer.hikari.HikariDataSource       : HikariPool-1 - Starting...
2025-04-03 00:11:23.694  INFO 26704 --- [user-service] [pool-5-thread-6] com.zaxxer.hikari.HikariDataSource       : HikariPool-1 - Starting...
2025-04-03 00:11:24.709  INFO 26704 --- [user-service] [pool-5-thread-3] com.zaxxer.hikari.HikariDataSource       : HikariPool-1 - Starting...
2025-04-03 00:11:25.711  INFO 26704 --- [user-service] [pool-5-thread-2] com.zaxxer.hikari.HikariDataSource       : HikariPool-1 - Starting...
2025-04-03 00:11:26.718  INFO 26704 --- [user-service] [pool-5-thread-3] com.zaxxer.hikari.HikariDataSource       : HikariPool-1 - Starting...
2025-04-03 00:11:27.722  INFO 26704 --- [user-service] [pool-5-thread-6] com.zaxxer.hikari.HikariDataSource       : HikariPool-1 - Starting...
2025-04-03 00:11:28.724  INFO 26704 --- [user-service] [pool-5-thread-4] com.zaxxer.hikari.HikariDataSource       : HikariPool-1 - Starting...
2025-04-03 00:11:29.735  INFO 26704 --- [user-service] [pool-5-thread-7] com.zaxxer.hikari.HikariDataSource       : HikariPool-1 - Starting...
2025-04-03 00:11:30.739  INFO 26704 --- [user-service] [pool-5-thread-5] com.zaxxer.hikari.HikariDataSource       : HikariPool-1 - Starting...
2025-04-03 00:11:31.753  INFO 26704 --- [user-service] [pool-5-thread-9] com.zaxxer.hikari.HikariDataSource       : HikariPool-1 - Starting...
2025-04-03 00:11:32.757  INFO 26704 --- [user-service] [pool-5-thread-8] com.zaxxer.hikari.HikariDataSource       : HikariPool-1 - Starting...
2025-04-03 00:11:33.769  INFO 26704 --- [user-service] [pool-5-thread-10] com.zaxxer.hikari.HikariDataSource       : HikariPool-1 - Starting...
2025-04-03 00:11:34.771  INFO 26704 --- [user-service] [pool-5-thread-1] com.zaxxer.hikari.HikariDataSource       : HikariPool-1 - Starting...
2025-04-03 00:11:35.773  INFO 26704 --- [user-service] [pool-5-thread-10] com.zaxxer.hikari.HikariDataSource       : HikariPool-1 - Starting...
2025-04-03 00:11:36.786  INFO 26704 --- [user-service] [pool-5-thread-8] com.zaxxer.hikari.HikariDataSource       : HikariPool-1 - Starting...
2025-04-03 00:11:37.794  INFO 26704 --- [user-service] [pool-5-thread-9] com.zaxxer.hikari.HikariDataSource       : HikariPool-1 - Starting...
2025-04-03 00:11:38.806  INFO 26704 --- [user-service] [pool-5-thread-5] com.zaxxer.hikari.HikariDataSource       : HikariPool-1 - Starting...
2025-04-03 00:11:39.809  INFO 26704 --- [user-service] [pool-5-thread-7] com.zaxxer.hikari.HikariDataSource       : HikariPool-1 - Starting...
2025-04-03 00:11:40.817  INFO 26704 --- [user-service] [pool-5-thread-4] com.zaxxer.hikari.HikariDataSource       : HikariPool-1 - Starting...
2025-04-03 00:11:41.822  INFO 26704 --- [user-service] [pool-5-thread-6] com.zaxxer.hikari.HikariDataSource       : HikariPool-1 - Starting...
2025-04-03 00:11:42.827  INFO 26704 --- [user-service] [pool-5-thread-3] com.zaxxer.hikari.HikariDataSource       : HikariPool-1 - Starting...
2025-04-03 00:11:43.841  INFO 26704 --- [user-service] [pool-5-thread-2] com.zaxxer.hikari.HikariDataSource       : HikariPool-1 - Starting...
2025-04-03 00:11:44.855  INFO 26704 --- [user-service] [pool-5-thread-3] com.zaxxer.hikari.HikariDataSource       : HikariPool-1 - Starting...
2025-04-03 00:11:45.864  INFO 26704 --- [user-service] [pool-5-thread-6] com.zaxxer.hikari.HikariDataSource       : HikariPool-1 - Starting...
2025-04-03 00:11:46.870  INFO 26704 --- [user-service] [pool-5-thread-4] com.zaxxer.hikari.HikariDataSource       : HikariPool-1 - Starting...
2025-04-03 00:11:47.885  INFO 26704 --- [user-service] [pool-5-thread-7] com.zaxxer.hikari.HikariDataSource       : HikariPool-1 - Starting...
2025-04-03 00:11:48.899  INFO 26704 --- [user-service] [pool-5-thread-5] com.zaxxer.hikari.HikariDataSource       : HikariPool-1 - Starting...
2025-04-03 00:11:49.913  INFO 26704 --- [user-service] [pool-5-thread-9] com.zaxxer.hikari.HikariDataSource       : HikariPool-1 - Starting...
2025-04-03 00:11:50.918  INFO 26704 --- [user-service] [pool-5-thread-8] com.zaxxer.hikari.HikariDataSource       : HikariPool-1 - Starting...
2025-04-03 00:11:51.921  INFO 26704 --- [user-service] [pool-5-thread-10] com.zaxxer.hikari.HikariDataSource       : HikariPool-1 - Starting...
2025-04-03 00:11:52.929  INFO 26704 --- [user-service] [pool-5-thread-1] com.zaxxer.hikari.HikariDataSource       : HikariPool-1 - Starting...
2025-04-03 00:11:53.936  INFO 26704 --- [user-service] [pool-5-thread-10] com.zaxxer.hikari.HikariDataSource       : HikariPool-1 - Starting...
2025-04-03 00:11:54.950  INFO 26704 --- [user-service] [pool-5-thread-8] com.zaxxer.hikari.HikariDataSource       : HikariPool-1 - Starting...
2025-04-03 00:11:55.955  INFO 26704 --- [user-service] [pool-5-thread-9] com.zaxxer.hikari.HikariDataSource       : HikariPool-1 - Starting...
2025-04-03 00:11:56.970  INFO 26704 --- [user-service] [pool-5-thread-5] com.zaxxer.hikari.HikariDataSource       : HikariPool-1 - Starting...
2025-04-03 00:11:57.972  INFO 26704 --- [user-service] [pool-5-thread-7] com.zaxxer.hikari.HikariDataSource       : HikariPool-1 - Starting...
2025-04-03 00:11:58.978  INFO 26704 --- [user-service] [pool-5-thread-4] com.zaxxer.hikari.HikariDataSource       : HikariPool-1 - Starting...
2025-04-03 00:11:59.990  INFO 26704 --- [user-service] [pool-5-thread-6] com.zaxxer.hikari.HikariDataSource       : HikariPool-1 - Starting...
2025-04-03 00:12:01.004  INFO 26704 --- [user-service] [pool-5-thread-3] com.zaxxer.hikari.HikariDataSource       : HikariPool-1 - Starting...
2025-04-03 00:12:02.006  INFO 26704 --- [user-service] [pool-5-thread-2] com.zaxxer.hikari.HikariDataSource       : HikariPool-1 - Starting...
2025-04-03 00:12:03.020  INFO 26704 --- [user-service] [pool-5-thread-3] com.zaxxer.hikari.HikariDataSource       : HikariPool-1 - Starting...
2025-04-03 00:12:04.022  INFO 26704 --- [user-service] [pool-5-thread-6] com.zaxxer.hikari.HikariDataSource       : HikariPool-1 - Starting...
2025-04-03 00:12:05.052  INFO 26704 --- [user-service] [pool-5-thread-4] com.zaxxer.hikari.HikariDataSource       : HikariPool-1 - Starting...
2025-04-03 00:12:06.054  INFO 26704 --- [user-service] [pool-5-thread-7] com.zaxxer.hikari.HikariDataSource       : HikariPool-1 - Starting...
2025-04-03 00:12:07.056  INFO 26704 --- [user-service] [pool-5-thread-5] com.zaxxer.hikari.HikariDataSource       : HikariPool-1 - Starting...
2025-04-03 00:12:08.060  INFO 26704 --- [user-service] [pool-5-thread-9] com.zaxxer.hikari.HikariDataSource       : HikariPool-1 - Starting...
2025-04-03 00:12:09.064  INFO 26704 --- [user-service] [pool-5-thread-8] com.zaxxer.hikari.HikariDataSource       : HikariPool-1 - Starting...
2025-04-03 00:12:10.070  INFO 26704 --- [user-service] [pool-5-thread-10] com.zaxxer.hikari.HikariDataSource       : HikariPool-1 - Starting...
2025-04-03 00:12:11.083  INFO 26704 --- [user-service] [pool-5-thread-1] com.zaxxer.hikari.HikariDataSource       : HikariPool-1 - Starting...
2025-04-03 00:12:12.099  INFO 26704 --- [user-service] [pool-5-thread-10] com.zaxxer.hikari.HikariDataSource       : HikariPool-1 - Starting...
2025-04-03 00:12:13.102  INFO 26704 --- [user-service] [pool-5-thread-8] com.zaxxer.hikari.HikariDataSource       : HikariPool-1 - Starting...
2025-04-03 00:12:14.111  INFO 26704 --- [user-service] [pool-5-thread-9] com.zaxxer.hikari.HikariDataSource       : HikariPool-1 - Starting...
2025-04-03 00:12:15.114  INFO 26704 --- [user-service] [pool-5-thread-5] com.zaxxer.hikari.HikariDataSource       : HikariPool-1 - Starting...
2025-04-03 00:12:16.130  INFO 26704 --- [user-service] [pool-5-thread-7] com.zaxxer.hikari.HikariDataSource       : HikariPool-1 - Starting...
2025-04-03 00:12:17.146  INFO 26704 --- [user-service] [pool-5-thread-4] com.zaxxer.hikari.HikariDataSource       : HikariPool-1 - Starting...
2025-04-03 00:12:18.163  INFO 26704 --- [user-service] [pool-5-thread-6] com.zaxxer.hikari.HikariDataSource       : HikariPool-1 - Starting...
2025-04-03 00:12:19.169  INFO 26704 --- [user-service] [pool-5-thread-3] com.zaxxer.hikari.HikariDataSource       : HikariPool-1 - Starting...
2025-04-03 00:12:20.179  INFO 26704 --- [user-service] [pool-5-thread-2] com.zaxxer.hikari.HikariDataSource       : HikariPool-1 - Starting...
2025-04-03 00:12:21.195  INFO 26704 --- [user-service] [pool-5-thread-3] com.zaxxer.hikari.HikariDataSource       : HikariPool-1 - Starting...
2025-04-03 00:12:22.209  INFO 26704 --- [user-service] [pool-5-thread-6] com.zaxxer.hikari.HikariDataSource       : HikariPool-1 - Starting...
2025-04-03 00:12:23.214  INFO 26704 --- [user-service] [pool-5-thread-4] com.zaxxer.hikari.HikariDataSource       : HikariPool-1 - Starting...
2025-04-03 00:12:24.224  INFO 26704 --- [user-service] [pool-5-thread-7] com.zaxxer.hikari.HikariDataSource       : HikariPool-1 - Starting...
2025-04-03 00:12:25.228  INFO 26704 --- [user-service] [pool-5-thread-5] com.zaxxer.hikari.HikariDataSource       : HikariPool-1 - Starting...
2025-04-03 00:12:26.238  INFO 26704 --- [user-service] [pool-5-thread-9] com.zaxxer.hikari.HikariDataSource       : HikariPool-1 - Starting...
2025-04-03 00:12:27.240  INFO 26704 --- [user-service] [pool-5-thread-8] com.zaxxer.hikari.HikariDataSource       : HikariPool-1 - Starting...
2025-04-03 00:12:28.244  INFO 26704 --- [user-service] [pool-5-thread-10] com.zaxxer.hikari.HikariDataSource       : HikariPool-1 - Starting...
2025-04-03 00:12:29.247  INFO 26704 --- [user-service] [pool-5-thread-1] com.zaxxer.hikari.HikariDataSource       : HikariPool-1 - Starting...
2025-04-03 00:12:30.249  INFO 26704 --- [user-service] [pool-5-thread-10] com.zaxxer.hikari.HikariDataSource       : HikariPool-1 - Starting...
2025-04-03 00:12:31.253  INFO 26704 --- [user-service] [pool-5-thread-8] com.zaxxer.hikari.HikariDataSource       : HikariPool-1 - Starting...
2025-04-03 00:12:32.269  INFO 26704 --- [user-service] [pool-5-thread-9] com.zaxxer.hikari.HikariDataSource       : HikariPool-1 - Starting...
2025-04-03 00:12:33.284  INFO 26704 --- [user-service] [pool-5-thread-5] com.zaxxer.hikari.HikariDataSource       : HikariPool-1 - Starting...
2025-04-03 00:12:34.293  INFO 26704 --- [user-service] [pool-5-thread-7] com.zaxxer.hikari.HikariDataSource       : HikariPool-1 - Starting...
2025-04-03 00:12:35.302  INFO 26704 --- [user-service] [pool-5-thread-4] com.zaxxer.hikari.HikariDataSource       : HikariPool-1 - Starting...
2025-04-03 00:12:36.305  INFO 26704 --- [user-service] [pool-5-thread-6] com.zaxxer.hikari.HikariDataSource       : HikariPool-1 - Starting...
2025-04-03 00:12:37.312  INFO 26704 --- [user-service] [pool-5-thread-3] com.zaxxer.hikari.HikariDataSource       : HikariPool-1 - Starting...
2025-04-03 00:12:38.320  INFO 26704 --- [user-service] [pool-5-thread-2] com.zaxxer.hikari.HikariDataSource       : HikariPool-1 - Starting...
2025-04-03 00:12:39.333  INFO 26704 --- [user-service] [pool-5-thread-3] com.zaxxer.hikari.HikariDataSource       : HikariPool-1 - Starting...
2025-04-03 00:12:40.348  INFO 26704 --- [user-service] [pool-5-thread-6] com.zaxxer.hikari.HikariDataSource       : HikariPool-1 - Starting...
2025-04-03 00:12:41.356  INFO 26704 --- [user-service] [pool-5-thread-4] com.zaxxer.hikari.HikariDataSource       : HikariPool-1 - Starting...
2025-04-03 00:12:42.363  INFO 26704 --- [user-service] [pool-5-thread-7] com.zaxxer.hikari.HikariDataSource       : HikariPool-1 - Starting...
2025-04-03 00:12:43.379  INFO 26704 --- [user-service] [pool-5-thread-5] com.zaxxer.hikari.HikariDataSource       : HikariPool-1 - Starting...
2025-04-03 00:12:44.395  INFO 26704 --- [user-service] [pool-5-thread-9] com.zaxxer.hikari.HikariDataSource       : HikariPool-1 - Starting...
2025-04-03 00:12:45.400  INFO 26704 --- [user-service] [pool-5-thread-8] com.zaxxer.hikari.HikariDataSource       : HikariPool-1 - Starting...
2025-04-03 00:12:46.405  INFO 26704 --- [user-service] [pool-5-thread-10] com.zaxxer.hikari.HikariDataSource       : HikariPool-1 - Starting...
2025-04-03 00:12:47.407  INFO 26704 --- [user-service] [pool-5-thread-1] com.zaxxer.hikari.HikariDataSource       : HikariPool-1 - Starting...
2025-04-03 00:12:48.411  INFO 26704 --- [user-service] [pool-5-thread-10] com.zaxxer.hikari.HikariDataSource       : HikariPool-1 - Starting...
2025-04-03 00:12:49.413  INFO 26704 --- [user-service] [pool-5-thread-8] com.zaxxer.hikari.HikariDataSource       : HikariPool-1 - Starting...
2025-04-03 00:12:50.426  INFO 26704 --- [user-service] [pool-5-thread-9] com.zaxxer.hikari.HikariDataSource       : HikariPool-1 - Starting...
2025-04-03 00:12:51.430  INFO 26704 --- [user-service] [pool-5-thread-5] com.zaxxer.hikari.HikariDataSource       : HikariPool-1 - Starting...
2025-04-03 00:12:52.434  INFO 26704 --- [user-service] [pool-5-thread-7] com.zaxxer.hikari.HikariDataSource       : HikariPool-1 - Starting...
2025-04-03 00:12:53.445  INFO 26704 --- [user-service] [pool-5-thread-4] com.zaxxer.hikari.HikariDataSource       : HikariPool-1 - Starting...
2025-04-03 00:12:54.462  INFO 26704 --- [user-service] [pool-5-thread-6] com.zaxxer.hikari.HikariDataSource       : HikariPool-1 - Starting...
2025-04-03 00:12:55.471  INFO 26704 --- [user-service] [pool-5-thread-3] com.zaxxer.hikari.HikariDataSource       : HikariPool-1 - Starting...
2025-04-03 00:12:56.474  INFO 26704 --- [user-service] [pool-5-thread-2] com.zaxxer.hikari.HikariDataSource       : HikariPool-1 - Starting...
2025-04-03 00:12:57.478  INFO 26704 --- [user-service] [pool-5-thread-3] com.zaxxer.hikari.HikariDataSource       : HikariPool-1 - Starting...
2025-04-03 00:12:58.490  INFO 26704 --- [user-service] [pool-5-thread-6] com.zaxxer.hikari.HikariDataSource       : HikariPool-1 - Starting...
2025-04-03 00:12:59.507  INFO 26704 --- [user-service] [pool-5-thread-4] com.zaxxer.hikari.HikariDataSource       : HikariPool-1 - Starting...
2025-04-03 00:13:00.517  INFO 26704 --- [user-service] [pool-5-thread-7] com.zaxxer.hikari.HikariDataSource       : HikariPool-1 - Starting...
2025-04-03 00:13:01.519  INFO 26704 --- [user-service] [pool-5-thread-5] com.zaxxer.hikari.HikariDataSource       : HikariPool-1 - Starting...
2025-04-03 00:13:02.522  INFO 26704 --- [user-service] [pool-5-thread-9] com.zaxxer.hikari.HikariDataSource       : HikariPool-1 - Starting...
2025-04-03 00:13:03.539  INFO 26704 --- [user-service] [pool-5-thread-8] com.zaxxer.hikari.HikariDataSource       : HikariPool-1 - Starting...
2025-04-03 00:13:04.541  INFO 26704 --- [user-service] [pool-5-thread-10] com.zaxxer.hikari.HikariDataSource       : HikariPool-1 - Starting...
2025-04-03 00:13:05.547  INFO 26704 --- [user-service] [pool-5-thread-1] com.zaxxer.hikari.HikariDataSource       : HikariPool-1 - Starting...
2025-04-03 00:13:06.551  INFO 26704 --- [user-service] [pool-5-thread-10] com.zaxxer.hikari.HikariDataSource       : HikariPool-1 - Starting...
2025-04-03 00:13:07.554  INFO 26704 --- [user-service] [pool-5-thread-8] com.zaxxer.hikari.HikariDataSource       : HikariPool-1 - Starting...
2025-04-03 00:13:08.558  INFO 26704 --- [user-service] [pool-5-thread-9] com.zaxxer.hikari.HikariDataSource       : HikariPool-1 - Starting...
2025-04-03 00:13:09.563  INFO 26704 --- [user-service] [pool-5-thread-5] com.zaxxer.hikari.HikariDataSource       : HikariPool-1 - Starting...
2025-04-03 00:13:10.565  INFO 26704 --- [user-service] [pool-5-thread-7] com.zaxxer.hikari.HikariDataSource       : HikariPool-1 - Starting...
2025-04-03 00:13:11.568  INFO 26704 --- [user-service] [pool-5-thread-4] com.zaxxer.hikari.HikariDataSource       : HikariPool-1 - Starting...
2025-04-03 00:13:12.583  INFO 26704 --- [user-service] [pool-5-thread-6] com.zaxxer.hikari.HikariDataSource       : HikariPool-1 - Starting...
2025-04-03 00:13:13.586  INFO 26704 --- [user-service] [pool-5-thread-3] com.zaxxer.hikari.HikariDataSource       : HikariPool-1 - Starting...
2025-04-03 00:13:14.608  INFO 26704 --- [user-service] [pool-5-thread-2] com.zaxxer.hikari.HikariDataSource       : HikariPool-1 - Starting...
2025-04-03 00:13:15.614  INFO 26704 --- [user-service] [pool-5-thread-3] com.zaxxer.hikari.HikariDataSource       : HikariPool-1 - Starting...
2025-04-03 00:13:16.622  INFO 26704 --- [user-service] [pool-5-thread-6] com.zaxxer.hikari.HikariDataSource       : HikariPool-1 - Starting...
2025-04-03 00:13:17.627  INFO 26704 --- [user-service] [pool-5-thread-4] com.zaxxer.hikari.HikariDataSource       : HikariPool-1 - Starting...
2025-04-03 00:13:18.634  INFO 26704 --- [user-service] [pool-5-thread-7] com.zaxxer.hikari.HikariDataSource       : HikariPool-1 - Starting...
2025-04-03 00:13:19.636  INFO 26704 --- [user-service] [pool-5-thread-5] com.zaxxer.hikari.HikariDataSource       : HikariPool-1 - Starting...
2025-04-03 00:13:20.639  INFO 26704 --- [user-service] [pool-5-thread-9] com.zaxxer.hikari.HikariDataSource       : HikariPool-1 - Starting...
2025-04-03 00:13:21.646  INFO 26704 --- [user-service] [pool-5-thread-8] com.zaxxer.hikari.HikariDataSource       : HikariPool-1 - Starting...
2025-04-03 00:13:22.662  INFO 26704 --- [user-service] [pool-5-thread-10] com.zaxxer.hikari.HikariDataSource       : HikariPool-1 - Starting...
2025-04-03 00:13:23.676  INFO 26704 --- [user-service] [pool-5-thread-1] com.zaxxer.hikari.HikariDataSource       : HikariPool-1 - Starting...
2025-04-03 00:13:24.678  INFO 26704 --- [user-service] [pool-5-thread-10] com.zaxxer.hikari.HikariDataSource       : HikariPool-1 - Starting...
2025-04-03 00:13:25.692  INFO 26704 --- [user-service] [pool-5-thread-8] com.zaxxer.hikari.HikariDataSource       : HikariPool-1 - Starting...
2025-04-03 00:13:26.708  INFO 26704 --- [user-service] [pool-5-thread-9] com.zaxxer.hikari.HikariDataSource       : HikariPool-1 - Starting...
2025-04-03 00:13:27.709  INFO 26704 --- [user-service] [pool-5-thread-5] com.zaxxer.hikari.HikariDataSource       : HikariPool-1 - Starting...
2025-04-03 00:13:28.716  INFO 26704 --- [user-service] [pool-5-thread-7] com.zaxxer.hikari.HikariDataSource       : HikariPool-1 - Starting...
2025-04-03 00:13:29.724  INFO 26704 --- [user-service] [pool-5-thread-4] com.zaxxer.hikari.HikariDataSource       : HikariPool-1 - Starting...
2025-04-03 00:13:30.740  INFO 26704 --- [user-service] [pool-5-thread-6] com.zaxxer.hikari.HikariDataSource       : HikariPool-1 - Starting...
2025-04-03 00:13:31.750  INFO 26704 --- [user-service] [pool-5-thread-3] com.zaxxer.hikari.HikariDataSource       : HikariPool-1 - Starting...
2025-04-03 00:13:32.763  INFO 26704 --- [user-service] [pool-5-thread-2] com.zaxxer.hikari.HikariDataSource       : HikariPool-1 - Starting...
2025-04-03 00:13:33.770  INFO 26704 --- [user-service] [pool-5-thread-3] com.zaxxer.hikari.HikariDataSource       : HikariPool-1 - Starting...
2025-04-03 00:13:34.783  INFO 26704 --- [user-service] [pool-5-thread-6] com.zaxxer.hikari.HikariDataSource       : HikariPool-1 - Starting...
2025-04-03 00:13:35.799  INFO 26704 --- [user-service] [pool-5-thread-4] com.zaxxer.hikari.HikariDataSource       : HikariPool-1 - Starting...
2025-04-03 00:13:36.801  INFO 26704 --- [user-service] [pool-5-thread-7] com.zaxxer.hikari.HikariDataSource       : HikariPool-1 - Starting...
2025-04-03 00:13:37.821  INFO 26704 --- [user-service] [pool-5-thread-5] com.zaxxer.hikari.HikariDataSource       : HikariPool-1 - Starting...
2025-04-03 00:13:38.823  INFO 26704 --- [user-service] [pool-5-thread-9] com.zaxxer.hikari.HikariDataSource       : HikariPool-1 - Starting...
2025-04-03 00:13:39.829  INFO 26704 --- [user-service] [pool-5-thread-8] com.zaxxer.hikari.HikariDataSource       : HikariPool-1 - Starting...
2025-04-03 00:13:40.835  INFO 26704 --- [user-service] [pool-5-thread-10] com.zaxxer.hikari.HikariDataSource       : HikariPool-1 - Starting...
2025-04-03 00:13:41.843  INFO 26704 --- [user-service] [pool-5-thread-1] com.zaxxer.hikari.HikariDataSource       : HikariPool-1 - Starting...
2025-04-03 00:13:42.853  INFO 26704 --- [user-service] [pool-5-thread-10] com.zaxxer.hikari.HikariDataSource       : HikariPool-1 - Starting...
2025-04-03 00:13:43.862  INFO 26704 --- [user-service] [pool-5-thread-8] com.zaxxer.hikari.HikariDataSource       : HikariPool-1 - Starting...
2025-04-03 00:13:44.872  INFO 26704 --- [user-service] [pool-5-thread-9] com.zaxxer.hikari.HikariDataSource       : HikariPool-1 - Starting...
2025-04-03 00:13:45.879  INFO 26704 --- [user-service] [pool-5-thread-5] com.zaxxer.hikari.HikariDataSource       : HikariPool-1 - Starting...
2025-04-03 00:13:46.891  INFO 26704 --- [user-service] [pool-5-thread-7] com.zaxxer.hikari.HikariDataSource       : HikariPool-1 - Starting...
2025-04-03 00:13:47.896  INFO 26704 --- [user-service] [pool-5-thread-4] com.zaxxer.hikari.HikariDataSource       : HikariPool-1 - Starting...
2025-04-03 00:13:48.912  INFO 26704 --- [user-service] [pool-5-thread-6] com.zaxxer.hikari.HikariDataSource       : HikariPool-1 - Starting...
2025-04-03 00:13:49.914  INFO 26704 --- [user-service] [pool-5-thread-3] com.zaxxer.hikari.HikariDataSource       : HikariPool-1 - Starting...
2025-04-03 00:13:50.918  INFO 26704 --- [user-service] [pool-5-thread-2] com.zaxxer.hikari.HikariDataSource       : HikariPool-1 - Starting...
2025-04-03 00:13:51.928  INFO 26704 --- [user-service] [pool-5-thread-2] com.zaxxer.hikari.HikariDataSource       : HikariPool-1 - Starting...
2025-04-03 00:13:52.943  INFO 26704 --- [user-service] [pool-5-thread-3] com.zaxxer.hikari.HikariDataSource       : HikariPool-1 - Starting...
2025-04-03 00:13:53.949  INFO 26704 --- [user-service] [pool-5-thread-6] com.zaxxer.hikari.HikariDataSource       : HikariPool-1 - Starting...
2025-04-03 00:13:54.957  INFO 26704 --- [user-service] [pool-5-thread-4] com.zaxxer.hikari.HikariDataSource       : HikariPool-1 - Starting...
2025-04-03 00:13:55.963  INFO 26704 --- [user-service] [pool-5-thread-7] com.zaxxer.hikari.HikariDataSource       : HikariPool-1 - Starting...
2025-04-03 00:13:56.972  INFO 26704 --- [user-service] [pool-5-thread-5] com.zaxxer.hikari.HikariDataSource       : HikariPool-1 - Starting...
2025-04-03 00:13:57.979  INFO 26704 --- [user-service] [pool-5-thread-9] com.zaxxer.hikari.HikariDataSource       : HikariPool-1 - Starting...
2025-04-03 00:13:58.989  INFO 26704 --- [user-service] [pool-5-thread-8] com.zaxxer.hikari.HikariDataSource       : HikariPool-1 - Starting...
2025-04-03 00:13:59.992  INFO 26704 --- [user-service] [pool-5-thread-10] com.zaxxer.hikari.HikariDataSource       : HikariPool-1 - Starting...
2025-04-03 00:14:00.998  INFO 26704 --- [user-service] [pool-5-thread-1] com.zaxxer.hikari.HikariDataSource       : HikariPool-1 - Starting...
2025-04-03 00:14:02.012  INFO 26704 --- [user-service] [pool-5-thread-10] com.zaxxer.hikari.HikariDataSource       : HikariPool-1 - Starting...
2025-04-03 00:14:03.021  INFO 26704 --- [user-service] [pool-5-thread-8] com.zaxxer.hikari.HikariDataSource       : HikariPool-1 - Starting...
2025-04-03 00:14:04.037  INFO 26704 --- [user-service] [pool-5-thread-9] com.zaxxer.hikari.HikariDataSource       : HikariPool-1 - Starting...
2025-04-03 00:14:05.052  INFO 26704 --- [user-service] [pool-5-thread-5] com.zaxxer.hikari.HikariDataSource       : HikariPool-1 - Starting...
2025-04-03 00:14:06.066  INFO 26704 --- [user-service] [pool-5-thread-7] com.zaxxer.hikari.HikariDataSource       : HikariPool-1 - Starting...
2025-04-03 00:14:07.068  INFO 26704 --- [user-service] [pool-5-thread-4] com.zaxxer.hikari.HikariDataSource       : HikariPool-1 - Starting...
2025-04-03 00:14:08.084  INFO 26704 --- [user-service] [pool-5-thread-4] com.zaxxer.hikari.HikariDataSource       : HikariPool-1 - Starting...
2025-04-03 00:14:09.086  INFO 26704 --- [user-service] [pool-5-thread-6] com.zaxxer.hikari.HikariDataSource       : HikariPool-1 - Starting...
2025-04-03 00:14:10.098  INFO 26704 --- [user-service] [pool-5-thread-3] com.zaxxer.hikari.HikariDataSource       : HikariPool-1 - Starting...
2025-04-03 00:14:11.100  INFO 26704 --- [user-service] [pool-5-thread-2] com.zaxxer.hikari.HikariDataSource       : HikariPool-1 - Starting...
2025-04-03 00:14:12.102  INFO 26704 --- [user-service] [pool-5-thread-3] com.zaxxer.hikari.HikariDataSource       : HikariPool-1 - Starting...
2025-04-03 00:14:13.114  INFO 26704 --- [user-service] [pool-5-thread-6] com.zaxxer.hikari.HikariDataSource       : HikariPool-1 - Starting...
2025-04-03 00:14:14.129  INFO 26704 --- [user-service] [pool-5-thread-4] com.zaxxer.hikari.HikariDataSource       : HikariPool-1 - Starting...
2025-04-03 00:14:15.146  INFO 26704 --- [user-service] [pool-5-thread-7] com.zaxxer.hikari.HikariDataSource       : HikariPool-1 - Starting...
2025-04-03 00:14:16.158  INFO 26704 --- [user-service] [pool-5-thread-5] com.zaxxer.hikari.HikariDataSource       : HikariPool-1 - Starting...
2025-04-03 00:14:17.173  INFO 26704 --- [user-service] [pool-5-thread-9] com.zaxxer.hikari.HikariDataSource       : HikariPool-1 - Starting...
2025-04-03 00:14:18.179  INFO 26704 --- [user-service] [pool-5-thread-8] com.zaxxer.hikari.HikariDataSource       : HikariPool-1 - Starting...
2025-04-03 00:14:19.185  INFO 26704 --- [user-service] [pool-5-thread-10] com.zaxxer.hikari.HikariDataSource       : HikariPool-1 - Starting...
2025-04-03 00:14:20.192  INFO 26704 --- [user-service] [pool-5-thread-1] com.zaxxer.hikari.HikariDataSource       : HikariPool-1 - Starting...
2025-04-03 00:14:21.195  INFO 26704 --- [user-service] [pool-5-thread-10] com.zaxxer.hikari.HikariDataSource       : HikariPool-1 - Starting...
2025-04-03 00:14:22.201  INFO 26704 --- [user-service] [pool-5-thread-8] com.zaxxer.hikari.HikariDataSource       : HikariPool-1 - Starting...
2025-04-03 00:14:23.218  INFO 26704 --- [user-service] [pool-5-thread-9] com.zaxxer.hikari.HikariDataSource       : HikariPool-1 - Starting...
2025-04-03 00:14:24.222  INFO 26704 --- [user-service] [pool-5-thread-5] com.zaxxer.hikari.HikariDataSource       : HikariPool-1 - Starting...
2025-04-03 00:14:25.227  INFO 26704 --- [user-service] [pool-5-thread-7] com.zaxxer.hikari.HikariDataSource       : HikariPool-1 - Starting...
2025-04-03 00:14:26.239  INFO 26704 --- [user-service] [pool-5-thread-4] com.zaxxer.hikari.HikariDataSource       : HikariPool-1 - Starting...
2025-04-03 00:14:27.254  INFO 26704 --- [user-service] [pool-5-thread-6] com.zaxxer.hikari.HikariDataSource       : HikariPool-1 - Starting...
2025-04-03 00:14:28.263  INFO 26704 --- [user-service] [pool-5-thread-3] com.zaxxer.hikari.HikariDataSource       : HikariPool-1 - Starting...
2025-04-03 00:14:29.268  INFO 26704 --- [user-service] [pool-5-thread-2] com.zaxxer.hikari.HikariDataSource       : HikariPool-1 - Starting...
2025-04-03 00:14:30.277  INFO 26704 --- [user-service] [pool-5-thread-3] com.zaxxer.hikari.HikariDataSource       : HikariPool-1 - Starting...
2025-04-03 00:14:31.279  INFO 26704 --- [user-service] [pool-5-thread-6] com.zaxxer.hikari.HikariDataSource       : HikariPool-1 - Starting...
2025-04-03 00:14:32.288  INFO 26704 --- [user-service] [pool-5-thread-4] com.zaxxer.hikari.HikariDataSource       : HikariPool-1 - Starting...
2025-04-03 00:14:33.305  INFO 26704 --- [user-service] [pool-5-thread-7] com.zaxxer.hikari.HikariDataSource       : HikariPool-1 - Starting...
2025-04-03 00:14:34.320  INFO 26704 --- [user-service] [pool-5-thread-5] com.zaxxer.hikari.HikariDataSource       : HikariPool-1 - Starting...
2025-04-03 00:14:35.348  INFO 26704 --- [user-service] [pool-5-thread-9] com.zaxxer.hikari.HikariDataSource       : HikariPool-1 - Starting...
2025-04-03 00:14:36.363  INFO 26704 --- [user-service] [pool-5-thread-8] com.zaxxer.hikari.HikariDataSource       : HikariPool-1 - Starting...
2025-04-03 00:14:37.372  INFO 26704 --- [user-service] [pool-5-thread-10] com.zaxxer.hikari.HikariDataSource       : HikariPool-1 - Starting...
2025-04-03 00:14:38.379  INFO 26704 --- [user-service] [pool-5-thread-1] com.zaxxer.hikari.HikariDataSource       : HikariPool-1 - Starting...
2025-04-03 00:14:39.382  INFO 26704 --- [user-service] [pool-5-thread-10] com.zaxxer.hikari.HikariDataSource       : HikariPool-1 - Starting...
2025-04-03 00:14:40.395  INFO 26704 --- [user-service] [pool-5-thread-8] com.zaxxer.hikari.HikariDataSource       : HikariPool-1 - Starting...
2025-04-03 00:14:41.398  INFO 26704 --- [user-service] [pool-5-thread-9] com.zaxxer.hikari.HikariDataSource       : HikariPool-1 - Starting...
2025-04-03 00:14:42.411  INFO 26704 --- [user-service] [pool-5-thread-5] com.zaxxer.hikari.HikariDataSource       : HikariPool-1 - Starting...
2025-04-03 00:14:43.422  INFO 26704 --- [user-service] [pool-5-thread-7] com.zaxxer.hikari.HikariDataSource       : HikariPool-1 - Starting...
2025-04-03 00:14:44.436  INFO 26704 --- [user-service] [pool-5-thread-4] com.zaxxer.hikari.HikariDataSource       : HikariPool-1 - Starting...
2025-04-03 00:14:45.440  INFO 26704 --- [user-service] [pool-5-thread-6] com.zaxxer.hikari.HikariDataSource       : HikariPool-1 - Starting...
2025-04-03 00:14:46.455  INFO 26704 --- [user-service] [pool-5-thread-3] com.zaxxer.hikari.HikariDataSource       : HikariPool-1 - Starting...
2025-04-03 00:14:47.473  INFO 26704 --- [user-service] [pool-5-thread-2] com.zaxxer.hikari.HikariDataSource       : HikariPool-1 - Starting...
2025-04-03 00:14:48.489  INFO 26704 --- [user-service] [pool-5-thread-3] com.zaxxer.hikari.HikariDataSource       : HikariPool-1 - Starting...
2025-04-03 00:14:49.495  INFO 26704 --- [user-service] [pool-5-thread-6] com.zaxxer.hikari.HikariDataSource       : HikariPool-1 - Starting...
2025-04-03 00:14:50.505  INFO 26704 --- [user-service] [pool-5-thread-4] com.zaxxer.hikari.HikariDataSource       : HikariPool-1 - Starting...
2025-04-03 00:14:51.517  INFO 26704 --- [user-service] [pool-5-thread-7] com.zaxxer.hikari.HikariDataSource       : HikariPool-1 - Starting...
2025-04-03 00:14:52.519  INFO 26704 --- [user-service] [pool-5-thread-5] com.zaxxer.hikari.HikariDataSource       : HikariPool-1 - Starting...
2025-04-03 00:14:53.521  INFO 26704 --- [user-service] [pool-5-thread-9] com.zaxxer.hikari.HikariDataSource       : HikariPool-1 - Starting...
2025-04-03 00:14:54.528  INFO 26704 --- [user-service] [pool-5-thread-8] com.zaxxer.hikari.HikariDataSource       : HikariPool-1 - Starting...
2025-04-03 00:14:55.530  INFO 26704 --- [user-service] [pool-5-thread-10] com.zaxxer.hikari.HikariDataSource       : HikariPool-1 - Starting...
2025-04-03 00:14:56.533  INFO 26704 --- [user-service] [pool-5-thread-1] com.zaxxer.hikari.HikariDataSource       : HikariPool-1 - Starting...
2025-04-03 00:14:57.536  INFO 26704 --- [user-service] [pool-5-thread-10] com.zaxxer.hikari.HikariDataSource       : HikariPool-1 - Starting...
2025-04-03 00:14:58.548  INFO 26704 --- [user-service] [pool-5-thread-8] com.zaxxer.hikari.HikariDataSource       : HikariPool-1 - Starting...
2025-04-03 00:14:59.562  INFO 26704 --- [user-service] [pool-5-thread-9] com.zaxxer.hikari.HikariDataSource       : HikariPool-1 - Starting...
2025-04-03 00:15:00.568  INFO 26704 --- [user-service] [pool-5-thread-5] com.zaxxer.hikari.HikariDataSource       : HikariPool-1 - Starting...
2025-04-03 00:15:01.571  INFO 26704 --- [user-service] [pool-5-thread-7] com.zaxxer.hikari.HikariDataSource       : HikariPool-1 - Starting...
2025-04-03 00:15:02.590  INFO 26704 --- [user-service] [pool-5-thread-4] com.zaxxer.hikari.HikariDataSource       : HikariPool-1 - Starting...
2025-04-03 00:15:03.593  INFO 26704 --- [user-service] [pool-5-thread-6] com.zaxxer.hikari.HikariDataSource       : HikariPool-1 - Starting...
2025-04-03 00:15:04.599  INFO 26704 --- [user-service] [pool-5-thread-3] com.zaxxer.hikari.HikariDataSource       : HikariPool-1 - Starting...
2025-04-03 00:15:05.614  INFO 26704 --- [user-service] [pool-5-thread-2] com.zaxxer.hikari.HikariDataSource       : HikariPool-1 - Starting...
2025-04-03 00:15:06.616  INFO 26704 --- [user-service] [pool-5-thread-3] com.zaxxer.hikari.HikariDataSource       : HikariPool-1 - Starting...
2025-04-03 00:15:07.624  INFO 26704 --- [user-service] [pool-5-thread-6] com.zaxxer.hikari.HikariDataSource       : HikariPool-1 - Starting...
2025-04-03 00:15:08.638  INFO 26704 --- [user-service] [pool-5-thread-4] com.zaxxer.hikari.HikariDataSource       : HikariPool-1 - Starting...
2025-04-03 00:15:09.644  INFO 26704 --- [user-service] [pool-5-thread-7] com.zaxxer.hikari.HikariDataSource       : HikariPool-1 - Starting...
2025-04-03 00:15:10.646  INFO 26704 --- [user-service] [pool-5-thread-5] com.zaxxer.hikari.HikariDataSource       : HikariPool-1 - Starting...
2025-04-03 00:15:11.655  INFO 26704 --- [user-service] [pool-5-thread-9] com.zaxxer.hikari.HikariDataSource       : HikariPool-1 - Starting...
2025-04-03 00:15:12.660  INFO 26704 --- [user-service] [pool-5-thread-8] com.zaxxer.hikari.HikariDataSource       : HikariPool-1 - Starting...
2025-04-03 00:15:13.666  INFO 26704 --- [user-service] [pool-5-thread-10] com.zaxxer.hikari.HikariDataSource       : HikariPool-1 - Starting...
2025-04-03 00:15:14.673  INFO 26704 --- [user-service] [pool-5-thread-1] com.zaxxer.hikari.HikariDataSource       : HikariPool-1 - Starting...
2025-04-03 00:15:15.688  INFO 26704 --- [user-service] [pool-5-thread-10] com.zaxxer.hikari.HikariDataSource       : HikariPool-1 - Starting...
2025-04-03 00:15:16.692  INFO 26704 --- [user-service] [pool-5-thread-8] com.zaxxer.hikari.HikariDataSource       : HikariPool-1 - Starting...
2025-04-03 00:15:17.697  INFO 26704 --- [user-service] [pool-5-thread-9] com.zaxxer.hikari.HikariDataSource       : HikariPool-1 - Starting...
2025-04-03 00:15:18.711  INFO 26704 --- [user-service] [pool-5-thread-5] com.zaxxer.hikari.HikariDataSource       : HikariPool-1 - Starting...
2025-04-03 00:15:19.726  INFO 26704 --- [user-service] [pool-5-thread-7] com.zaxxer.hikari.HikariDataSource       : HikariPool-1 - Starting...
2025-04-03 00:15:20.739  INFO 26704 --- [user-service] [pool-5-thread-4] com.zaxxer.hikari.HikariDataSource       : HikariPool-1 - Starting...
2025-04-03 00:15:21.746  INFO 26704 --- [user-service] [pool-5-thread-6] com.zaxxer.hikari.HikariDataSource       : HikariPool-1 - Starting...
2025-04-03 00:15:22.751  INFO 26704 --- [user-service] [pool-5-thread-3] com.zaxxer.hikari.HikariDataSource       : HikariPool-1 - Starting...
2025-04-03 00:15:23.754  INFO 26704 --- [user-service] [pool-5-thread-2] com.zaxxer.hikari.HikariDataSource       : HikariPool-1 - Starting...
2025-04-03 00:15:24.757  INFO 26704 --- [user-service] [pool-5-thread-3] com.zaxxer.hikari.HikariDataSource       : HikariPool-1 - Starting...
2025-04-03 00:15:25.761  INFO 26704 --- [user-service] [pool-5-thread-6] com.zaxxer.hikari.HikariDataSource       : HikariPool-1 - Starting...
2025-04-03 00:15:26.768  INFO 26704 --- [user-service] [pool-5-thread-4] com.zaxxer.hikari.HikariDataSource       : HikariPool-1 - Starting...
2025-04-03 00:15:27.772  INFO 26704 --- [user-service] [pool-5-thread-7] com.zaxxer.hikari.HikariDataSource       : HikariPool-1 - Starting...
2025-04-03 00:15:28.786  INFO 26704 --- [user-service] [pool-5-thread-5] com.zaxxer.hikari.HikariDataSource       : HikariPool-1 - Starting...
2025-04-03 00:15:29.796  INFO 26704 --- [user-service] [pool-5-thread-9] com.zaxxer.hikari.HikariDataSource       : HikariPool-1 - Starting...
2025-04-03 00:15:30.801  INFO 26704 --- [user-service] [pool-5-thread-8] com.zaxxer.hikari.HikariDataSource       : HikariPool-1 - Starting...
2025-04-03 00:15:31.804  INFO 26704 --- [user-service] [pool-5-thread-10] com.zaxxer.hikari.HikariDataSource       : HikariPool-1 - Starting...
2025-04-03 00:15:32.806  INFO 26704 --- [user-service] [pool-5-thread-1] com.zaxxer.hikari.HikariDataSource       : HikariPool-1 - Starting...
2025-04-03 00:15:33.813  INFO 26704 --- [user-service] [pool-5-thread-10] com.zaxxer.hikari.HikariDataSource       : HikariPool-1 - Starting...
2025-04-03 00:15:34.815  INFO 26704 --- [user-service] [pool-5-thread-8] com.zaxxer.hikari.HikariDataSource       : HikariPool-1 - Starting...
2025-04-03 00:15:35.817  INFO 26704 --- [user-service] [pool-5-thread-9] com.zaxxer.hikari.HikariDataSource       : HikariPool-1 - Starting...
2025-04-03 00:15:36.828  INFO 26704 --- [user-service] [pool-5-thread-5] com.zaxxer.hikari.HikariDataSource       : HikariPool-1 - Starting...
2025-04-03 00:15:37.831  INFO 26704 --- [user-service] [pool-5-thread-7] com.zaxxer.hikari.HikariDataSource       : HikariPool-1 - Starting...
2025-04-03 00:15:38.848  INFO 26704 --- [user-service] [pool-5-thread-4] com.zaxxer.hikari.HikariDataSource       : HikariPool-1 - Starting...
2025-04-03 00:15:39.850  INFO 26704 --- [user-service] [pool-5-thread-6] com.zaxxer.hikari.HikariDataSource       : HikariPool-1 - Starting...
2025-04-03 00:15:40.853  INFO 26704 --- [user-service] [pool-5-thread-3] com.zaxxer.hikari.HikariDataSource       : HikariPool-1 - Starting...
2025-04-03 00:15:41.859  INFO 26704 --- [user-service] [pool-5-thread-2] com.zaxxer.hikari.HikariDataSource       : HikariPool-1 - Starting...
2025-04-03 00:15:42.871  INFO 26704 --- [user-service] [pool-5-thread-3] com.zaxxer.hikari.HikariDataSource       : HikariPool-1 - Starting...
2025-04-03 00:15:43.874  INFO 26704 --- [user-service] [pool-5-thread-6] com.zaxxer.hikari.HikariDataSource       : HikariPool-1 - Starting...
2025-04-03 00:15:44.881  INFO 26704 --- [user-service] [pool-5-thread-4] com.zaxxer.hikari.HikariDataSource       : HikariPool-1 - Starting...
2025-04-03 00:15:45.887  INFO 26704 --- [user-service] [pool-5-thread-7] com.zaxxer.hikari.HikariDataSource       : HikariPool-1 - Starting...
2025-04-03 00:15:46.895  INFO 26704 --- [user-service] [pool-5-thread-5] com.zaxxer.hikari.HikariDataSource       : HikariPool-1 - Starting...
2025-04-03 00:15:47.910  INFO 26704 --- [user-service] [pool-5-thread-9] com.zaxxer.hikari.HikariDataSource       : HikariPool-1 - Starting...
2025-04-03 00:15:48.917  INFO 26704 --- [user-service] [pool-5-thread-8] com.zaxxer.hikari.HikariDataSource       : HikariPool-1 - Starting...
2025-04-03 00:15:49.933  INFO 26704 --- [user-service] [pool-5-thread-10] com.zaxxer.hikari.HikariDataSource       : HikariPool-1 - Starting...
2025-04-03 00:15:50.946  INFO 26704 --- [user-service] [pool-5-thread-10] com.zaxxer.hikari.HikariDataSource       : HikariPool-1 - Starting...
2025-04-03 00:15:51.958  INFO 26704 --- [user-service] [pool-5-thread-1] com.zaxxer.hikari.HikariDataSource       : HikariPool-1 - Starting...
2025-04-03 00:15:52.960  INFO 26704 --- [user-service] [pool-5-thread-10] com.zaxxer.hikari.HikariDataSource       : HikariPool-1 - Starting...
2025-04-03 00:15:53.964  INFO 26704 --- [user-service] [pool-5-thread-8] com.zaxxer.hikari.HikariDataSource       : HikariPool-1 - Starting...
2025-04-03 00:15:54.973  INFO 26704 --- [user-service] [pool-5-thread-9] com.zaxxer.hikari.HikariDataSource       : HikariPool-1 - Starting...
2025-04-03 00:15:55.975  INFO 26704 --- [user-service] [pool-5-thread-5] com.zaxxer.hikari.HikariDataSource       : HikariPool-1 - Starting...
2025-04-03 00:15:56.978  INFO 26704 --- [user-service] [pool-5-thread-7] com.zaxxer.hikari.HikariDataSource       : HikariPool-1 - Starting...
2025-04-03 00:15:57.992  INFO 26704 --- [user-service] [pool-5-thread-4] com.zaxxer.hikari.HikariDataSource       : HikariPool-1 - Starting...
2025-04-03 00:15:59.002  INFO 26704 --- [user-service] [pool-5-thread-6] com.zaxxer.hikari.HikariDataSource       : HikariPool-1 - Starting...
2025-04-03 00:16:00.009  INFO 26704 --- [user-service] [pool-5-thread-3] com.zaxxer.hikari.HikariDataSource       : HikariPool-1 - Starting...
2025-04-03 00:16:01.014  INFO 26704 --- [user-service] [pool-5-thread-2] com.zaxxer.hikari.HikariDataSource       : HikariPool-1 - Starting...
2025-04-03 00:16:02.021  INFO 26704 --- [user-service] [pool-5-thread-3] com.zaxxer.hikari.HikariDataSource       : HikariPool-1 - Starting...
2025-04-03 00:16:03.029  INFO 26704 --- [user-service] [pool-5-thread-6] com.zaxxer.hikari.HikariDataSource       : HikariPool-1 - Starting...
2025-04-03 00:16:04.033  INFO 26704 --- [user-service] [pool-5-thread-4] com.zaxxer.hikari.HikariDataSource       : HikariPool-1 - Starting...
2025-04-03 00:16:05.039  INFO 26704 --- [user-service] [pool-5-thread-7] com.zaxxer.hikari.HikariDataSource       : HikariPool-1 - Starting...
2025-04-03 00:16:06.048  INFO 26704 --- [user-service] [pool-5-thread-5] com.zaxxer.hikari.HikariDataSource       : HikariPool-1 - Starting...
2025-04-03 00:16:07.060  INFO 26704 --- [user-service] [pool-5-thread-9] com.zaxxer.hikari.HikariDataSource       : HikariPool-1 - Starting...
2025-04-03 00:16:08.067  INFO 26704 --- [user-service] [pool-5-thread-8] com.zaxxer.hikari.HikariDataSource       : HikariPool-1 - Starting...
2025-04-03 00:16:09.069  INFO 26704 --- [user-service] [pool-5-thread-10] com.zaxxer.hikari.HikariDataSource       : HikariPool-1 - Starting...
2025-04-03 00:16:10.079  INFO 26704 --- [user-service] [pool-5-thread-1] com.zaxxer.hikari.HikariDataSource       : HikariPool-1 - Starting...
2025-04-03 00:16:11.091  INFO 26704 --- [user-service] [pool-5-thread-10] com.zaxxer.hikari.HikariDataSource       : HikariPool-1 - Starting...
2025-04-03 00:16:12.094  INFO 26704 --- [user-service] [pool-5-thread-8] com.zaxxer.hikari.HikariDataSource       : HikariPool-1 - Starting...
2025-04-03 00:16:13.098  INFO 26704 --- [user-service] [pool-5-thread-9] com.zaxxer.hikari.HikariDataSource       : HikariPool-1 - Starting...
2025-04-03 00:16:14.104  INFO 26704 --- [user-service] [pool-5-thread-5] com.zaxxer.hikari.HikariDataSource       : HikariPool-1 - Starting...
2025-04-03 00:16:15.113  INFO 26704 --- [user-service] [pool-5-thread-7] com.zaxxer.hikari.HikariDataSource       : HikariPool-1 - Starting...
2025-04-03 00:16:16.117  INFO 26704 --- [user-service] [pool-5-thread-4] com.zaxxer.hikari.HikariDataSource       : HikariPool-1 - Starting...
2025-04-03 00:16:17.119  INFO 26704 --- [user-service] [pool-5-thread-6] com.zaxxer.hikari.HikariDataSource       : HikariPool-1 - Starting...
2025-04-03 00:16:18.125  INFO 26704 --- [user-service] [pool-5-thread-3] com.zaxxer.hikari.HikariDataSource       : HikariPool-1 - Starting...
2025-04-03 00:16:19.140  INFO 26704 --- [user-service] [pool-5-thread-2] com.zaxxer.hikari.HikariDataSource       : HikariPool-1 - Starting...
2025-04-03 00:16:20.142  INFO 26704 --- [user-service] [pool-5-thread-3] com.zaxxer.hikari.HikariDataSource       : HikariPool-1 - Starting...
2025-04-03 00:16:21.144  INFO 26704 --- [user-service] [pool-5-thread-6] com.zaxxer.hikari.HikariDataSource       : HikariPool-1 - Starting...
2025-04-03 00:16:22.158  INFO 26704 --- [user-service] [pool-5-thread-4] com.zaxxer.hikari.HikariDataSource       : HikariPool-1 - Starting...
2025-04-03 00:16:23.171  INFO 26704 --- [user-service] [pool-5-thread-7] com.zaxxer.hikari.HikariDataSource       : HikariPool-1 - Starting...
2025-04-03 00:16:24.175  INFO 26704 --- [user-service] [pool-5-thread-5] com.zaxxer.hikari.HikariDataSource       : HikariPool-1 - Starting...
2025-04-03 00:16:25.177  INFO 26704 --- [user-service] [pool-5-thread-9] com.zaxxer.hikari.HikariDataSource       : HikariPool-1 - Starting...
2025-04-03 00:16:26.189  INFO 26704 --- [user-service] [pool-5-thread-8] com.zaxxer.hikari.HikariDataSource       : HikariPool-1 - Starting...
2025-04-03 00:16:27.192  INFO 26704 --- [user-service] [pool-5-thread-10] com.zaxxer.hikari.HikariDataSource       : HikariPool-1 - Starting...
2025-04-03 00:16:28.196  INFO 26704 --- [user-service] [pool-5-thread-1] com.zaxxer.hikari.HikariDataSource       : HikariPool-1 - Starting...
2025-04-03 00:16:29.208  INFO 26704 --- [user-service] [pool-5-thread-10] com.zaxxer.hikari.HikariDataSource       : HikariPool-1 - Starting...
2025-04-03 00:16:30.218  INFO 26704 --- [user-service] [pool-5-thread-8] com.zaxxer.hikari.HikariDataSource       : HikariPool-1 - Starting...
2025-04-03 00:16:31.223  INFO 26704 --- [user-service] [pool-5-thread-9] com.zaxxer.hikari.HikariDataSource       : HikariPool-1 - Starting...
2025-04-03 00:16:32.229  INFO 26704 --- [user-service] [pool-5-thread-5] com.zaxxer.hikari.HikariDataSource       : HikariPool-1 - Starting...
2025-04-03 00:16:33.236  INFO 26704 --- [user-service] [pool-5-thread-7] com.zaxxer.hikari.HikariDataSource       : HikariPool-1 - Starting...
2025-04-03 00:16:34.241  INFO 26704 --- [user-service] [pool-5-thread-4] com.zaxxer.hikari.HikariDataSource       : HikariPool-1 - Starting...
2025-04-03 00:16:35.247  INFO 26704 --- [user-service] [pool-5-thread-6] com.zaxxer.hikari.HikariDataSource       : HikariPool-1 - Starting...
2025-04-03 00:16:36.257  INFO 26704 --- [user-service] [pool-5-thread-3] com.zaxxer.hikari.HikariDataSource       : HikariPool-1 - Starting...
2025-04-03 00:16:37.268  INFO 26704 --- [user-service] [pool-5-thread-2] com.zaxxer.hikari.HikariDataSource       : HikariPool-1 - Starting...
2025-04-03 00:16:38.280  INFO 26704 --- [user-service] [pool-5-thread-3] com.zaxxer.hikari.HikariDataSource       : HikariPool-1 - Starting...
2025-04-03 00:16:39.294  INFO 26704 --- [user-service] [pool-5-thread-6] com.zaxxer.hikari.HikariDataSource       : HikariPool-1 - Starting...
2025-04-03 00:16:40.304  INFO 26704 --- [user-service] [pool-5-thread-4] com.zaxxer.hikari.HikariDataSource       : HikariPool-1 - Starting...
2025-04-03 00:16:41.319  INFO 26704 --- [user-service] [pool-5-thread-7] com.zaxxer.hikari.HikariDataSource       : HikariPool-1 - Starting...
2025-04-03 00:16:42.334  INFO 26704 --- [user-service] [pool-5-thread-5] com.zaxxer.hikari.HikariDataSource       : HikariPool-1 - Starting...
2025-04-03 00:16:43.341  INFO 26704 --- [user-service] [pool-5-thread-9] com.zaxxer.hikari.HikariDataSource       : HikariPool-1 - Starting...
2025-04-03 00:16:44.354  INFO 26704 --- [user-service] [pool-5-thread-8] com.zaxxer.hikari.HikariDataSource       : HikariPool-1 - Starting...
2025-04-03 00:16:45.356  INFO 26704 --- [user-service] [pool-5-thread-10] com.zaxxer.hikari.HikariDataSource       : HikariPool-1 - Starting...
2025-04-03 00:16:46.370  INFO 26704 --- [user-service] [pool-5-thread-1] com.zaxxer.hikari.HikariDataSource       : HikariPool-1 - Starting...
2025-04-03 00:16:47.381  INFO 26704 --- [user-service] [pool-5-thread-10] com.zaxxer.hikari.HikariDataSource       : HikariPool-1 - Starting...
2025-04-03 00:16:48.398  INFO 26704 --- [user-service] [pool-5-thread-8] com.zaxxer.hikari.HikariDataSource       : HikariPool-1 - Starting...
2025-04-03 00:16:49.400  INFO 26704 --- [user-service] [pool-5-thread-9] com.zaxxer.hikari.HikariDataSource       : HikariPool-1 - Starting...
2025-04-03 00:16:50.413  INFO 26704 --- [user-service] [pool-5-thread-5] com.zaxxer.hikari.HikariDataSource       : HikariPool-1 - Starting...
2025-04-03 00:16:51.424  INFO 26704 --- [user-service] [pool-5-thread-7] com.zaxxer.hikari.HikariDataSource       : HikariPool-1 - Starting...
2025-04-03 00:16:52.433  INFO 26704 --- [user-service] [pool-5-thread-4] com.zaxxer.hikari.HikariDataSource       : HikariPool-1 - Starting...
2025-04-03 00:16:53.444  INFO 26704 --- [user-service] [pool-5-thread-6] com.zaxxer.hikari.HikariDataSource       : HikariPool-1 - Starting...
2025-04-03 00:16:54.455  INFO 26704 --- [user-service] [pool-5-thread-3] com.zaxxer.hikari.HikariDataSource       : HikariPool-1 - Starting...
2025-04-03 00:16:55.470  INFO 26704 --- [user-service] [pool-5-thread-2] com.zaxxer.hikari.HikariDataSource       : HikariPool-1 - Starting...
2025-04-03 00:16:56.482  INFO 26704 --- [user-service] [pool-5-thread-3] com.zaxxer.hikari.HikariDataSource       : HikariPool-1 - Starting...
2025-04-03 00:16:57.493  INFO 26704 --- [user-service] [pool-5-thread-6] com.zaxxer.hikari.HikariDataSource       : HikariPool-1 - Starting...
2025-04-03 00:16:58.508  INFO 26704 --- [user-service] [pool-5-thread-4] com.zaxxer.hikari.HikariDataSource       : HikariPool-1 - Starting...
2025-04-03 00:16:59.520  INFO 26704 --- [user-service] [pool-5-thread-7] com.zaxxer.hikari.HikariDataSource       : HikariPool-1 - Starting...
2025-04-03 00:17:00.533  INFO 26704 --- [user-service] [pool-5-thread-5] com.zaxxer.hikari.HikariDataSource       : HikariPool-1 - Starting...
2025-04-03 00:17:01.545  INFO 26704 --- [user-service] [pool-5-thread-9] com.zaxxer.hikari.HikariDataSource       : HikariPool-1 - Starting...
2025-04-03 00:17:02.559  INFO 26704 --- [user-service] [pool-5-thread-8] com.zaxxer.hikari.HikariDataSource       : HikariPool-1 - Starting...
2025-04-03 00:17:03.572  INFO 26704 --- [user-service] [pool-5-thread-10] com.zaxxer.hikari.HikariDataSource       : HikariPool-1 - Starting...
2025-04-03 00:17:04.574  INFO 26704 --- [user-service] [pool-5-thread-1] com.zaxxer.hikari.HikariDataSource       : HikariPool-1 - Starting...
2025-04-03 00:17:05.590  INFO 26704 --- [user-service] [pool-5-thread-10] com.zaxxer.hikari.HikariDataSource       : HikariPool-1 - Starting...
2025-04-03 00:17:06.593  INFO 26704 --- [user-service] [pool-5-thread-8] com.zaxxer.hikari.HikariDataSource       : HikariPool-1 - Starting...
2025-04-03 00:17:07.609  INFO 26704 --- [user-service] [pool-5-thread-9] com.zaxxer.hikari.HikariDataSource       : HikariPool-1 - Starting...
2025-04-03 00:17:08.615  INFO 26704 --- [user-service] [pool-5-thread-5] com.zaxxer.hikari.HikariDataSource       : HikariPool-1 - Starting...
2025-04-03 00:17:09.618  INFO 26704 --- [user-service] [pool-5-thread-7] com.zaxxer.hikari.HikariDataSource       : HikariPool-1 - Starting...
2025-04-03 00:17:10.629  INFO 26704 --- [user-service] [pool-5-thread-4] com.zaxxer.hikari.HikariDataSource       : HikariPool-1 - Starting...
2025-04-03 00:17:11.632  INFO 26704 --- [user-service] [pool-5-thread-6] com.zaxxer.hikari.HikariDataSource       : HikariPool-1 - Starting...
2025-04-03 00:17:12.634  INFO 26704 --- [user-service] [pool-5-thread-3] com.zaxxer.hikari.HikariDataSource       : HikariPool-1 - Starting...
2025-04-03 00:17:13.647  INFO 26704 --- [user-service] [pool-5-thread-2] com.zaxxer.hikari.HikariDataSource       : HikariPool-1 - Starting...
2025-04-03 00:17:14.661  INFO 26704 --- [user-service] [pool-5-thread-3] com.zaxxer.hikari.HikariDataSource       : HikariPool-1 - Starting...
2025-04-03 00:17:15.671  INFO 26704 --- [user-service] [pool-5-thread-6] com.zaxxer.hikari.HikariDataSource       : HikariPool-1 - Starting...
2025-04-03 00:17:16.682  INFO 26704 --- [user-service] [pool-5-thread-4] com.zaxxer.hikari.HikariDataSource       : HikariPool-1 - Starting...
2025-04-03 00:17:17.689  INFO 26704 --- [user-service] [pool-5-thread-7] com.zaxxer.hikari.HikariDataSource       : HikariPool-1 - Starting...
2025-04-03 00:17:18.701  INFO 26704 --- [user-service] [pool-5-thread-5] com.zaxxer.hikari.HikariDataSource       : HikariPool-1 - Starting...
2025-04-03 00:17:19.714  INFO 26704 --- [user-service] [pool-5-thread-9] com.zaxxer.hikari.HikariDataSource       : HikariPool-1 - Starting...
2025-04-03 00:17:20.727  INFO 26704 --- [user-service] [pool-5-thread-8] com.zaxxer.hikari.HikariDataSource       : HikariPool-1 - Starting...
2025-04-03 00:17:21.736  INFO 26704 --- [user-service] [pool-5-thread-10] com.zaxxer.hikari.HikariDataSource       : HikariPool-1 - Starting...
2025-04-03 00:17:22.746  INFO 26704 --- [user-service] [pool-5-thread-1] com.zaxxer.hikari.HikariDataSource       : HikariPool-1 - Starting...
2025-04-03 00:17:23.760  INFO 26704 --- [user-service] [pool-5-thread-10] com.zaxxer.hikari.HikariDataSource       : HikariPool-1 - Starting...
2025-04-03 00:17:24.775  INFO 26704 --- [user-service] [pool-5-thread-8] com.zaxxer.hikari.HikariDataSource       : HikariPool-1 - Starting...
2025-04-03 00:17:25.789  INFO 26704 --- [user-service] [pool-5-thread-9] com.zaxxer.hikari.HikariDataSource       : HikariPool-1 - Starting...
2025-04-03 00:17:26.793  INFO 26704 --- [user-service] [pool-5-thread-5] com.zaxxer.hikari.HikariDataSource       : HikariPool-1 - Starting...
2025-04-03 00:17:27.801  INFO 26704 --- [user-service] [pool-5-thread-7] com.zaxxer.hikari.HikariDataSource       : HikariPool-1 - Starting...
2025-04-03 00:17:28.813  INFO 26704 --- [user-service] [pool-5-thread-4] com.zaxxer.hikari.HikariDataSource       : HikariPool-1 - Starting...
2025-04-03 00:17:29.816  INFO 26704 --- [user-service] [pool-5-thread-6] com.zaxxer.hikari.HikariDataSource       : HikariPool-1 - Starting...
2025-04-03 00:17:30.819  INFO 26704 --- [user-service] [pool-5-thread-3] com.zaxxer.hikari.HikariDataSource       : HikariPool-1 - Starting...
2025-04-03 00:17:31.825  INFO 26704 --- [user-service] [pool-5-thread-2] com.zaxxer.hikari.HikariDataSource       : HikariPool-1 - Starting...
2025-04-03 00:17:32.837  INFO 26704 --- [user-service] [pool-5-thread-3] com.zaxxer.hikari.HikariDataSource       : HikariPool-1 - Starting...
2025-04-03 00:17:33.848  INFO 26704 --- [user-service] [pool-5-thread-6] com.zaxxer.hikari.HikariDataSource       : HikariPool-1 - Starting...
2025-04-03 00:17:34.858  INFO 26704 --- [user-service] [pool-5-thread-4] com.zaxxer.hikari.HikariDataSource       : HikariPool-1 - Starting...
2025-04-03 00:17:35.865  INFO 26704 --- [user-service] [pool-5-thread-7] com.zaxxer.hikari.HikariDataSource       : HikariPool-1 - Starting...
2025-04-03 00:17:36.878  INFO 26704 --- [user-service] [pool-5-thread-5] com.zaxxer.hikari.HikariDataSource       : HikariPool-1 - Starting...
2025-04-03 00:17:37.880  INFO 26704 --- [user-service] [pool-5-thread-9] com.zaxxer.hikari.HikariDataSource       : HikariPool-1 - Starting...
2025-04-03 00:17:38.886  INFO 26704 --- [user-service] [pool-5-thread-8] com.zaxxer.hikari.HikariDataSource       : HikariPool-1 - Starting...
2025-04-03 00:17:39.896  INFO 26704 --- [user-service] [pool-5-thread-10] com.zaxxer.hikari.HikariDataSource       : HikariPool-1 - Starting...
2025-04-03 00:17:40.911  INFO 26704 --- [user-service] [pool-5-thread-1] com.zaxxer.hikari.HikariDataSource       : HikariPool-1 - Starting...
2025-04-03 00:17:41.922  INFO 26704 --- [user-service] [pool-5-thread-10] com.zaxxer.hikari.HikariDataSource       : HikariPool-1 - Starting...
2025-04-03 00:17:42.924  INFO 26704 --- [user-service] [pool-5-thread-8] com.zaxxer.hikari.HikariDataSource       : HikariPool-1 - Starting...
2025-04-03 00:17:43.939  INFO 26704 --- [user-service] [pool-5-thread-9] com.zaxxer.hikari.HikariDataSource       : HikariPool-1 - Starting...
2025-04-03 00:17:44.952  INFO 26704 --- [user-service] [pool-5-thread-5] com.zaxxer.hikari.HikariDataSource       : HikariPool-1 - Starting...
2025-04-03 00:17:45.964  INFO 26704 --- [user-service] [pool-5-thread-7] com.zaxxer.hikari.HikariDataSource       : HikariPool-1 - Starting...
2025-04-03 00:17:46.970  INFO 26704 --- [user-service] [pool-5-thread-4] com.zaxxer.hikari.HikariDataSource       : HikariPool-1 - Starting...
2025-04-03 00:17:47.983  INFO 26704 --- [user-service] [pool-5-thread-6] com.zaxxer.hikari.HikariDataSource       : HikariPool-1 - Starting...
2025-04-03 00:17:48.992  INFO 26704 --- [user-service] [pool-5-thread-3] com.zaxxer.hikari.HikariDataSource       : HikariPool-1 - Starting...
2025-04-03 00:17:50.000  INFO 26704 --- [user-service] [pool-5-thread-2] com.zaxxer.hikari.HikariDataSource       : HikariPool-1 - Starting...
2025-04-03 00:17:51.014  INFO 26704 --- [user-service] [pool-5-thread-3] com.zaxxer.hikari.HikariDataSource       : HikariPool-1 - Starting...
2025-04-03 00:17:52.027  INFO 26704 --- [user-service] [pool-5-thread-6] com.zaxxer.hikari.HikariDataSource       : HikariPool-1 - Starting...
2025-04-03 00:17:53.042  INFO 26704 --- [user-service] [pool-5-thread-4] com.zaxxer.hikari.HikariDataSource       : HikariPool-1 - Starting...
2025-04-03 00:17:54.054  INFO 26704 --- [user-service] [pool-5-thread-7] com.zaxxer.hikari.HikariDataSource       : HikariPool-1 - Starting...
2025-04-03 00:17:55.061  INFO 26704 --- [user-service] [pool-5-thread-5] com.zaxxer.hikari.HikariDataSource       : HikariPool-1 - Starting...
2025-04-03 00:17:56.072  INFO 26704 --- [user-service] [pool-5-thread-9] com.zaxxer.hikari.HikariDataSource       : HikariPool-1 - Starting...
2025-04-03 00:17:57.086  INFO 26704 --- [user-service] [pool-5-thread-8] com.zaxxer.hikari.HikariDataSource       : HikariPool-1 - Starting...
2025-04-03 00:17:58.094  INFO 26704 --- [user-service] [pool-5-thread-10] com.zaxxer.hikari.HikariDataSource       : HikariPool-1 - Starting...
2025-04-03 00:17:59.105  INFO 26704 --- [user-service] [pool-5-thread-1] com.zaxxer.hikari.HikariDataSource       : HikariPool-1 - Starting...
2025-04-03 00:18:00.115  INFO 26704 --- [user-service] [pool-5-thread-10] com.zaxxer.hikari.HikariDataSource       : HikariPool-1 - Starting...
2025-04-03 00:18:01.128  INFO 26704 --- [user-service] [pool-5-thread-8] com.zaxxer.hikari.HikariDataSource       : HikariPool-1 - Starting...
2025-04-03 00:18:02.142  INFO 26704 --- [user-service] [pool-5-thread-9] com.zaxxer.hikari.HikariDataSource       : HikariPool-1 - Starting...
2025-04-03 00:18:03.149  INFO 26704 --- [user-service] [pool-5-thread-5] com.zaxxer.hikari.HikariDataSource       : HikariPool-1 - Starting...
2025-04-03 00:18:04.157  INFO 26704 --- [user-service] [pool-5-thread-7] com.zaxxer.hikari.HikariDataSource       : HikariPool-1 - Starting...
2025-04-03 00:18:05.164  INFO 26704 --- [user-service] [pool-5-thread-4] com.zaxxer.hikari.HikariDataSource       : HikariPool-1 - Starting...
2025-04-03 00:18:06.180  INFO 26704 --- [user-service] [pool-5-thread-6] com.zaxxer.hikari.HikariDataSource       : HikariPool-1 - Starting...
2025-04-03 00:18:07.181  INFO 26704 --- [user-service] [pool-5-thread-3] com.zaxxer.hikari.HikariDataSource       : HikariPool-1 - Starting...
2025-04-03 00:18:08.187  INFO 26704 --- [user-service] [pool-5-thread-2] com.zaxxer.hikari.HikariDataSource       : HikariPool-1 - Starting...
2025-04-03 00:18:09.190  INFO 26704 --- [user-service] [pool-5-thread-3] com.zaxxer.hikari.HikariDataSource       : HikariPool-1 - Starting...
2025-04-03 00:18:10.198  INFO 26704 --- [user-service] [pool-5-thread-6] com.zaxxer.hikari.HikariDataSource       : HikariPool-1 - Starting...
2025-04-03 00:18:11.209  INFO 26704 --- [user-service] [pool-5-thread-4] com.zaxxer.hikari.HikariDataSource       : HikariPool-1 - Starting...
2025-04-03 00:18:12.210  INFO 26704 --- [user-service] [pool-5-thread-7] com.zaxxer.hikari.HikariDataSource       : HikariPool-1 - Starting...
2025-04-03 00:18:13.219  INFO 26704 --- [user-service] [pool-5-thread-5] com.zaxxer.hikari.HikariDataSource       : HikariPool-1 - Starting...
2025-04-03 00:18:14.230  INFO 26704 --- [user-service] [pool-5-thread-9] com.zaxxer.hikari.HikariDataSource       : HikariPool-1 - Starting...
2025-04-03 00:18:15.243  INFO 26704 --- [user-service] [pool-5-thread-8] com.zaxxer.hikari.HikariDataSource       : HikariPool-1 - Starting...
2025-04-03 00:18:16.254  INFO 26704 --- [user-service] [pool-5-thread-10] com.zaxxer.hikari.HikariDataSource       : HikariPool-1 - Starting...
2025-04-03 00:18:17.259  INFO 26704 --- [user-service] [pool-5-thread-1] com.zaxxer.hikari.HikariDataSource       : HikariPool-1 - Starting...
2025-04-03 00:18:18.263  INFO 26704 --- [user-service] [pool-5-thread-10] com.zaxxer.hikari.HikariDataSource       : HikariPool-1 - Starting...
2025-04-03 00:18:19.275  INFO 26704 --- [user-service] [pool-5-thread-8] com.zaxxer.hikari.HikariDataSource       : HikariPool-1 - Starting...
2025-04-03 00:18:20.285  INFO 26704 --- [user-service] [pool-5-thread-9] com.zaxxer.hikari.HikariDataSource       : HikariPool-1 - Starting...
2025-04-03 00:18:21.295  INFO 26704 --- [user-service] [pool-5-thread-5] com.zaxxer.hikari.HikariDataSource       : HikariPool-1 - Starting...
2025-04-03 00:18:22.308  INFO 26704 --- [user-service] [pool-5-thread-7] com.zaxxer.hikari.HikariDataSource       : HikariPool-1 - Starting...
2025-04-03 00:18:23.322  INFO 26704 --- [user-service] [pool-5-thread-4] com.zaxxer.hikari.HikariDataSource       : HikariPool-1 - Starting...
2025-04-03 00:18:24.329  INFO 26704 --- [user-service] [pool-5-thread-6] com.zaxxer.hikari.HikariDataSource       : HikariPool-1 - Starting...
2025-04-03 00:18:25.332  INFO 26704 --- [user-service] [pool-5-thread-3] com.zaxxer.hikari.HikariDataSource       : HikariPool-1 - Starting...
2025-04-03 00:18:26.343  INFO 26704 --- [user-service] [pool-5-thread-2] com.zaxxer.hikari.HikariDataSource       : HikariPool-1 - Starting...
2025-04-03 00:18:27.356  INFO 26704 --- [user-service] [pool-5-thread-3] com.zaxxer.hikari.HikariDataSource       : HikariPool-1 - Starting...
2025-04-03 00:18:28.364  INFO 26704 --- [user-service] [pool-5-thread-6] com.zaxxer.hikari.HikariDataSource       : HikariPool-1 - Starting...
2025-04-03 00:18:29.374  INFO 26704 --- [user-service] [pool-5-thread-4] com.zaxxer.hikari.HikariDataSource       : HikariPool-1 - Starting...
2025-04-03 00:18:30.385  INFO 26704 --- [user-service] [pool-5-thread-7] com.zaxxer.hikari.HikariDataSource       : HikariPool-1 - Starting...
2025-04-03 00:18:31.393  INFO 26704 --- [user-service] [pool-5-thread-5] com.zaxxer.hikari.HikariDataSource       : HikariPool-1 - Starting...
2025-04-03 00:18:32.403  INFO 26704 --- [user-service] [pool-5-thread-9] com.zaxxer.hikari.HikariDataSource       : HikariPool-1 - Starting...
2025-04-03 00:18:33.413  INFO 26704 --- [user-service] [pool-5-thread-8] com.zaxxer.hikari.HikariDataSource       : HikariPool-1 - Starting...
2025-04-03 00:18:34.426  INFO 26704 --- [user-service] [pool-5-thread-10] com.zaxxer.hikari.HikariDataSource       : HikariPool-1 - Starting...
2025-04-03 00:18:35.438  INFO 26704 --- [user-service] [pool-5-thread-1] com.zaxxer.hikari.HikariDataSource       : HikariPool-1 - Starting...
2025-04-03 00:18:36.449  INFO 26704 --- [user-service] [pool-5-thread-10] com.zaxxer.hikari.HikariDataSource       : HikariPool-1 - Starting...
2025-04-03 00:18:37.460  INFO 26704 --- [user-service] [pool-5-thread-8] com.zaxxer.hikari.HikariDataSource       : HikariPool-1 - Starting...
2025-04-03 00:18:38.462  INFO 26704 --- [user-service] [pool-5-thread-9] com.zaxxer.hikari.HikariDataSource       : HikariPool-1 - Starting...
2025-04-03 00:18:39.479  INFO 26704 --- [user-service] [pool-5-thread-5] com.zaxxer.hikari.HikariDataSource       : HikariPool-1 - Starting...
2025-04-03 00:18:40.495  INFO 26704 --- [user-service] [pool-5-thread-7] com.zaxxer.hikari.HikariDataSource       : HikariPool-1 - Starting...
2025-04-03 00:18:41.497  INFO 26704 --- [user-service] [pool-5-thread-4] com.zaxxer.hikari.HikariDataSource       : HikariPool-1 - Starting...
2025-04-03 00:18:42.502  INFO 26704 --- [user-service] [pool-5-thread-6] com.zaxxer.hikari.HikariDataSource       : HikariPool-1 - Starting...
2025-04-03 00:18:43.516  INFO 26704 --- [user-service] [pool-5-thread-3] com.zaxxer.hikari.HikariDataSource       : HikariPool-1 - Starting...
2025-04-03 00:18:44.528  INFO 26704 --- [user-service] [pool-5-thread-2] com.zaxxer.hikari.HikariDataSource       : HikariPool-1 - Starting...
2025-04-03 00:18:45.538  INFO 26704 --- [user-service] [pool-5-thread-3] com.zaxxer.hikari.HikariDataSource       : HikariPool-1 - Starting...
2025-04-03 00:18:46.551  INFO 26704 --- [user-service] [pool-5-thread-6] com.zaxxer.hikari.HikariDataSource       : HikariPool-1 - Starting...
2025-04-03 00:18:47.560  INFO 26704 --- [user-service] [pool-5-thread-4] com.zaxxer.hikari.HikariDataSource       : HikariPool-1 - Starting...
2025-04-03 00:18:48.573  INFO 26704 --- [user-service] [pool-5-thread-7] com.zaxxer.hikari.HikariDataSource       : HikariPool-1 - Starting...
2025-04-03 00:18:49.579  INFO 26704 --- [user-service] [pool-5-thread-5] com.zaxxer.hikari.HikariDataSource       : HikariPool-1 - Starting...
2025-04-03 00:18:50.593  INFO 26704 --- [user-service] [pool-5-thread-9] com.zaxxer.hikari.HikariDataSource       : HikariPool-1 - Starting...
2025-04-03 00:18:51.605  INFO 26704 --- [user-service] [pool-5-thread-8] com.zaxxer.hikari.HikariDataSource       : HikariPool-1 - Starting...
2025-04-03 00:18:52.608  INFO 26704 --- [user-service] [pool-5-thread-10] com.zaxxer.hikari.HikariDataSource       : HikariPool-1 - Starting...
2025-04-03 00:18:53.610  INFO 26704 --- [user-service] [pool-5-thread-1] com.zaxxer.hikari.HikariDataSource       : HikariPool-1 - Starting...
2025-04-03 00:18:54.625  INFO 26704 --- [user-service] [pool-5-thread-10] com.zaxxer.hikari.HikariDataSource       : HikariPool-1 - Starting...
2025-04-03 00:18:55.638  INFO 26704 --- [user-service] [pool-5-thread-8] com.zaxxer.hikari.HikariDataSource       : HikariPool-1 - Starting...
2025-04-03 00:18:56.653  INFO 26704 --- [user-service] [pool-5-thread-9] com.zaxxer.hikari.HikariDataSource       : HikariPool-1 - Starting...
2025-04-03 00:18:57.656  INFO 26704 --- [user-service] [pool-5-thread-5] com.zaxxer.hikari.HikariDataSource       : HikariPool-1 - Starting...
2025-04-03 00:18:58.671  INFO 26704 --- [user-service] [pool-5-thread-7] com.zaxxer.hikari.HikariDataSource       : HikariPool-1 - Starting...
2025-04-03 00:18:59.678  INFO 26704 --- [user-service] [pool-5-thread-4] com.zaxxer.hikari.HikariDataSource       : HikariPool-1 - Starting...
2025-04-03 00:19:00.688  INFO 26704 --- [user-service] [pool-5-thread-6] com.zaxxer.hikari.HikariDataSource       : HikariPool-1 - Starting...
2025-04-03 00:19:01.701  INFO 26704 --- [user-service] [pool-5-thread-3] com.zaxxer.hikari.HikariDataSource       : HikariPool-1 - Starting...
2025-04-03 00:19:02.706  INFO 26704 --- [user-service] [pool-5-thread-2] com.zaxxer.hikari.HikariDataSource       : HikariPool-1 - Starting...
2025-04-03 00:19:03.718  INFO 26704 --- [user-service] [pool-5-thread-3] com.zaxxer.hikari.HikariDataSource       : HikariPool-1 - Starting...
2025-04-03 00:19:04.732  INFO 26704 --- [user-service] [pool-5-thread-6] com.zaxxer.hikari.HikariDataSource       : HikariPool-1 - Starting...
2025-04-03 00:19:05.741  INFO 26704 --- [user-service] [pool-5-thread-4] com.zaxxer.hikari.HikariDataSource       : HikariPool-1 - Starting...
2025-04-03 00:19:06.743  INFO 26704 --- [user-service] [pool-5-thread-7] com.zaxxer.hikari.HikariDataSource       : HikariPool-1 - Starting...
2025-04-03 00:19:07.749  INFO 26704 --- [user-service] [pool-5-thread-5] com.zaxxer.hikari.HikariDataSource       : HikariPool-1 - Starting...
2025-04-03 00:19:08.753  INFO 26704 --- [user-service] [pool-5-thread-9] com.zaxxer.hikari.HikariDataSource       : HikariPool-1 - Starting...
2025-04-03 00:19:09.754  INFO 26704 --- [user-service] [pool-5-thread-8] com.zaxxer.hikari.HikariDataSource       : HikariPool-1 - Starting...
2025-04-03 00:19:10.763  INFO 26704 --- [user-service] [pool-5-thread-10] com.zaxxer.hikari.HikariDataSource       : HikariPool-1 - Starting...
2025-04-03 00:19:11.777  INFO 26704 --- [user-service] [pool-5-thread-1] com.zaxxer.hikari.HikariDataSource       : HikariPool-1 - Starting...
2025-04-03 00:19:12.787  INFO 26704 --- [user-service] [pool-5-thread-10] com.zaxxer.hikari.HikariDataSource       : HikariPool-1 - Starting...
2025-04-03 00:19:13.800  INFO 26704 --- [user-service] [pool-5-thread-8] com.zaxxer.hikari.HikariDataSource       : HikariPool-1 - Starting...
2025-04-03 00:19:14.811  INFO 26704 --- [user-service] [pool-5-thread-9] com.zaxxer.hikari.HikariDataSource       : HikariPool-1 - Starting...
2025-04-03 00:19:15.825  INFO 26704 --- [user-service] [pool-5-thread-5] com.zaxxer.hikari.HikariDataSource       : HikariPool-1 - Starting...
2025-04-03 00:19:16.833  INFO 26704 --- [user-service] [pool-5-thread-7] com.zaxxer.hikari.HikariDataSource       : HikariPool-1 - Starting...
2025-04-03 00:19:17.845  INFO 26704 --- [user-service] [pool-5-thread-4] com.zaxxer.hikari.HikariDataSource       : HikariPool-1 - Starting...
2025-04-03 00:19:18.855  INFO 26704 --- [user-service] [pool-5-thread-6] com.zaxxer.hikari.HikariDataSource       : HikariPool-1 - Starting...
2025-04-03 00:19:19.866  INFO 26704 --- [user-service] [pool-5-thread-3] com.zaxxer.hikari.HikariDataSource       : HikariPool-1 - Starting...
2025-04-03 00:19:20.877  INFO 26704 --- [user-service] [pool-5-thread-2] com.zaxxer.hikari.HikariDataSource       : HikariPool-1 - Starting...
2025-04-03 00:19:21.892  INFO 26704 --- [user-service] [pool-5-thread-3] com.zaxxer.hikari.HikariDataSource       : HikariPool-1 - Starting...
2025-04-03 00:19:22.903  INFO 26704 --- [user-service] [pool-5-thread-6] com.zaxxer.hikari.HikariDataSource       : HikariPool-1 - Starting...
2025-04-03 00:19:23.905  INFO 26704 --- [user-service] [pool-5-thread-4] com.zaxxer.hikari.HikariDataSource       : HikariPool-1 - Starting...
2025-04-03 00:19:24.912  INFO 26704 --- [user-service] [pool-5-thread-7] com.zaxxer.hikari.HikariDataSource       : HikariPool-1 - Starting...
2025-04-03 00:19:25.924  INFO 26704 --- [user-service] [pool-5-thread-5] com.zaxxer.hikari.HikariDataSource       : HikariPool-1 - Starting...
2025-04-03 00:19:26.938  INFO 26704 --- [user-service] [pool-5-thread-9] com.zaxxer.hikari.HikariDataSource       : HikariPool-1 - Starting...
2025-04-03 00:19:27.950  INFO 26704 --- [user-service] [pool-5-thread-8] com.zaxxer.hikari.HikariDataSource       : HikariPool-1 - Starting...
2025-04-03 00:19:28.966  INFO 26704 --- [user-service] [pool-5-thread-10] com.zaxxer.hikari.HikariDataSource       : HikariPool-1 - Starting...
2025-04-03 00:19:29.980  INFO 26704 --- [user-service] [pool-5-thread-1] com.zaxxer.hikari.HikariDataSource       : HikariPool-1 - Starting...
2025-04-03 00:19:30.983  INFO 26704 --- [user-service] [pool-5-thread-10] com.zaxxer.hikari.HikariDataSource       : HikariPool-1 - Starting...
2025-04-03 00:19:31.995  INFO 26704 --- [user-service] [pool-5-thread-8] com.zaxxer.hikari.HikariDataSource       : HikariPool-1 - Starting...
2025-04-03 00:19:32.999  INFO 26704 --- [user-service] [pool-5-thread-9] com.zaxxer.hikari.HikariDataSource       : HikariPool-1 - Starting...
2025-04-03 00:19:34.011  INFO 26704 --- [user-service] [pool-5-thread-5] com.zaxxer.hikari.HikariDataSource       : HikariPool-1 - Starting...
2025-04-03 00:19:35.021  INFO 26704 --- [user-service] [pool-5-thread-7] com.zaxxer.hikari.HikariDataSource       : HikariPool-1 - Starting...
2025-04-03 00:19:36.024  INFO 26704 --- [user-service] [pool-5-thread-4] com.zaxxer.hikari.HikariDataSource       : HikariPool-1 - Starting...
2025-04-03 00:19:37.037  INFO 26704 --- [user-service] [pool-5-thread-6] com.zaxxer.hikari.HikariDataSource       : HikariPool-1 - Starting...
2025-04-03 00:19:38.046  INFO 26704 --- [user-service] [pool-5-thread-3] com.zaxxer.hikari.HikariDataSource       : HikariPool-1 - Starting...
2025-04-03 00:19:39.060  INFO 26704 --- [user-service] [pool-5-thread-2] com.zaxxer.hikari.HikariDataSource       : HikariPool-1 - Starting...
2025-04-03 00:19:40.071  INFO 26704 --- [user-service] [pool-5-thread-3] com.zaxxer.hikari.HikariDataSource       : HikariPool-1 - Starting...
2025-04-03 00:19:41.083  INFO 26704 --- [user-service] [pool-5-thread-6] com.zaxxer.hikari.HikariDataSource       : HikariPool-1 - Starting...
2025-04-03 00:19:42.097  INFO 26704 --- [user-service] [pool-5-thread-4] com.zaxxer.hikari.HikariDataSource       : HikariPool-1 - Starting...
2025-04-03 00:19:43.105  INFO 26704 --- [user-service] [pool-5-thread-7] com.zaxxer.hikari.HikariDataSource       : HikariPool-1 - Starting...
2025-04-03 00:19:44.118  INFO 26704 --- [user-service] [pool-5-thread-5] com.zaxxer.hikari.HikariDataSource       : HikariPool-1 - Starting...
2025-04-03 00:19:45.131  INFO 26704 --- [user-service] [pool-5-thread-9] com.zaxxer.hikari.HikariDataSource       : HikariPool-1 - Starting...
2025-04-03 00:19:46.146  INFO 26704 --- [user-service] [pool-5-thread-8] com.zaxxer.hikari.HikariDataSource       : HikariPool-1 - Starting...
2025-04-03 00:19:47.149  INFO 26704 --- [user-service] [pool-5-thread-10] com.zaxxer.hikari.HikariDataSource       : HikariPool-1 - Starting...
2025-04-03 00:19:48.159  INFO 26704 --- [user-service] [pool-5-thread-1] com.zaxxer.hikari.HikariDataSource       : HikariPool-1 - Starting...
2025-04-03 00:19:49.172  INFO 26704 --- [user-service] [pool-5-thread-10] com.zaxxer.hikari.HikariDataSource       : HikariPool-1 - Starting...
2025-04-03 00:19:50.184  INFO 26704 --- [user-service] [pool-5-thread-8] com.zaxxer.hikari.HikariDataSource       : HikariPool-1 - Starting...
2025-04-03 00:19:51.197  INFO 26704 --- [user-service] [pool-5-thread-9] com.zaxxer.hikari.HikariDataSource       : HikariPool-1 - Starting...
2025-04-03 00:19:52.210  INFO 26704 --- [user-service] [pool-5-thread-5] com.zaxxer.hikari.HikariDataSource       : HikariPool-1 - Starting...
2025-04-03 00:19:53.220  INFO 26704 --- [user-service] [pool-5-thread-7] com.zaxxer.hikari.HikariDataSource       : HikariPool-1 - Starting...
2025-04-03 00:19:54.233  INFO 26704 --- [user-service] [pool-5-thread-4] com.zaxxer.hikari.HikariDataSource       : HikariPool-1 - Starting...
2025-04-03 00:19:55.240  INFO 26704 --- [user-service] [pool-5-thread-6] com.zaxxer.hikari.HikariDataSource       : HikariPool-1 - Starting...
2025-04-03 00:19:56.255  INFO 26704 --- [user-service] [pool-5-thread-3] com.zaxxer.hikari.HikariDataSource       : HikariPool-1 - Starting...
2025-04-03 00:19:57.268  INFO 26704 --- [user-service] [pool-5-thread-2] com.zaxxer.hikari.HikariDataSource       : HikariPool-1 - Starting...
2025-04-03 00:19:58.282  INFO 26704 --- [user-service] [pool-5-thread-3] com.zaxxer.hikari.HikariDataSource       : HikariPool-1 - Starting...
2025-04-03 00:19:59.294  INFO 26704 --- [user-service] [pool-5-thread-6] com.zaxxer.hikari.HikariDataSource       : HikariPool-1 - Starting...
2025-04-03 00:20:00.296  INFO 26704 --- [user-service] [pool-5-thread-4] com.zaxxer.hikari.HikariDataSource       : HikariPool-1 - Starting...
2025-04-03 00:20:01.311  INFO 26704 --- [user-service] [pool-5-thread-7] com.zaxxer.hikari.HikariDataSource       : HikariPool-1 - Starting...
2025-04-03 00:20:02.313  INFO 26704 --- [user-service] [pool-5-thread-5] com.zaxxer.hikari.HikariDataSource       : HikariPool-1 - Starting...
2025-04-03 00:20:03.327  INFO 26704 --- [user-service] [pool-5-thread-9] com.zaxxer.hikari.HikariDataSource       : HikariPool-1 - Starting...
2025-04-03 00:20:04.338  INFO 26704 --- [user-service] [pool-5-thread-8] com.zaxxer.hikari.HikariDataSource       : HikariPool-1 - Starting...
2025-04-03 00:20:05.341  INFO 26704 --- [user-service] [pool-5-thread-10] com.zaxxer.hikari.HikariDataSource       : HikariPool-1 - Starting...
2025-04-03 00:20:06.350  INFO 26704 --- [user-service] [pool-5-thread-1] com.zaxxer.hikari.HikariDataSource       : HikariPool-1 - Starting...
2025-04-03 00:20:07.359  INFO 26704 --- [user-service] [pool-5-thread-10] com.zaxxer.hikari.HikariDataSource       : HikariPool-1 - Starting...
2025-04-03 00:20:08.373  INFO 26704 --- [user-service] [pool-5-thread-8] com.zaxxer.hikari.HikariDataSource       : HikariPool-1 - Starting...
2025-04-03 00:20:09.387  INFO 26704 --- [user-service] [pool-5-thread-9] com.zaxxer.hikari.HikariDataSource       : HikariPool-1 - Starting...
2025-04-03 00:20:10.395  INFO 26704 --- [user-service] [pool-5-thread-9] com.zaxxer.hikari.HikariDataSource       : HikariPool-1 - Starting...
2025-04-03 00:20:11.411  INFO 26704 --- [user-service] [pool-5-thread-5] com.zaxxer.hikari.HikariDataSource       : HikariPool-1 - Starting...
2025-04-03 00:20:12.413  INFO 26704 --- [user-service] [pool-5-thread-7] com.zaxxer.hikari.HikariDataSource       : HikariPool-1 - Starting...
2025-04-03 00:20:13.426  INFO 26704 --- [user-service] [pool-5-thread-4] com.zaxxer.hikari.HikariDataSource       : HikariPool-1 - Starting...
2025-04-03 00:20:14.438  INFO 26704 --- [user-service] [pool-5-thread-6] com.zaxxer.hikari.HikariDataSource       : HikariPool-1 - Starting...
2025-04-03 00:20:15.447  INFO 26704 --- [user-service] [pool-5-thread-3] com.zaxxer.hikari.HikariDataSource       : HikariPool-1 - Starting...
2025-04-03 00:20:16.461  INFO 26704 --- [user-service] [pool-5-thread-2] com.zaxxer.hikari.HikariDataSource       : HikariPool-1 - Starting...
2025-04-03 00:20:17.472  INFO 26704 --- [user-service] [pool-5-thread-3] com.zaxxer.hikari.HikariDataSource       : HikariPool-1 - Starting...
2025-04-03 00:20:18.481  INFO 26704 --- [user-service] [pool-5-thread-6] com.zaxxer.hikari.HikariDataSource       : HikariPool-1 - Starting...
2025-04-03 00:20:19.495  INFO 26704 --- [user-service] [pool-5-thread-4] com.zaxxer.hikari.HikariDataSource       : HikariPool-1 - Starting...
2025-04-03 00:20:20.504  INFO 26704 --- [user-service] [pool-5-thread-7] com.zaxxer.hikari.HikariDataSource       : HikariPool-1 - Starting...
2025-04-03 00:20:21.514  INFO 26704 --- [user-service] [pool-5-thread-5] com.zaxxer.hikari.HikariDataSource       : HikariPool-1 - Starting...
2025-04-03 00:20:22.523  INFO 26704 --- [user-service] [pool-5-thread-9] com.zaxxer.hikari.HikariDataSource       : HikariPool-1 - Starting...
2025-04-03 00:20:23.526  INFO 26704 --- [user-service] [pool-5-thread-8] com.zaxxer.hikari.HikariDataSource       : HikariPool-1 - Starting...
2025-04-03 00:20:24.539  INFO 26704 --- [user-service] [pool-5-thread-10] com.zaxxer.hikari.HikariDataSource       : HikariPool-1 - Starting...
2025-04-03 00:20:25.553  INFO 26704 --- [user-service] [pool-5-thread-1] com.zaxxer.hikari.HikariDataSource       : HikariPool-1 - Starting...
2025-04-03 00:20:26.568  INFO 26704 --- [user-service] [pool-5-thread-10] com.zaxxer.hikari.HikariDataSource       : HikariPool-1 - Starting...
2025-04-03 00:20:27.578  INFO 26704 --- [user-service] [pool-5-thread-8] com.zaxxer.hikari.HikariDataSource       : HikariPool-1 - Starting...
2025-04-03 00:20:28.590  INFO 26704 --- [user-service] [pool-5-thread-9] com.zaxxer.hikari.HikariDataSource       : HikariPool-1 - Starting...
2025-04-03 00:20:29.604  INFO 26704 --- [user-service] [pool-5-thread-5] com.zaxxer.hikari.HikariDataSource       : HikariPool-1 - Starting...
2025-04-03 00:20:30.618  INFO 26704 --- [user-service] [pool-5-thread-7] com.zaxxer.hikari.HikariDataSource       : HikariPool-1 - Starting...
2025-04-03 00:20:31.620  INFO 26704 --- [user-service] [pool-5-thread-4] com.zaxxer.hikari.HikariDataSource       : HikariPool-1 - Starting...
2025-04-03 00:20:32.623  INFO 26704 --- [user-service] [pool-5-thread-6] com.zaxxer.hikari.HikariDataSource       : HikariPool-1 - Starting...
2025-04-03 00:20:33.625  INFO 26704 --- [user-service] [pool-5-thread-3] com.zaxxer.hikari.HikariDataSource       : HikariPool-1 - Starting...
2025-04-03 00:20:34.635  INFO 26704 --- [user-service] [pool-5-thread-2] com.zaxxer.hikari.HikariDataSource       : HikariPool-1 - Starting...
2025-04-03 00:20:35.643  INFO 26704 --- [user-service] [pool-5-thread-3] com.zaxxer.hikari.HikariDataSource       : HikariPool-1 - Starting...
2025-04-03 00:20:36.652  INFO 26704 --- [user-service] [pool-5-thread-6] com.zaxxer.hikari.HikariDataSource       : HikariPool-1 - Starting...
2025-04-03 00:20:37.663  INFO 26704 --- [user-service] [pool-5-thread-4] com.zaxxer.hikari.HikariDataSource       : HikariPool-1 - Starting...
2025-04-03 00:20:38.677  INFO 26704 --- [user-service] [pool-5-thread-7] com.zaxxer.hikari.HikariDataSource       : HikariPool-1 - Starting...
2025-04-03 00:20:39.692  INFO 26704 --- [user-service] [pool-5-thread-5] com.zaxxer.hikari.HikariDataSource       : HikariPool-1 - Starting...
2025-04-03 00:20:40.701  INFO 26704 --- [user-service] [pool-5-thread-9] com.zaxxer.hikari.HikariDataSource       : HikariPool-1 - Starting...
2025-04-03 00:20:41.715  INFO 26704 --- [user-service] [pool-5-thread-8] com.zaxxer.hikari.HikariDataSource       : HikariPool-1 - Starting...
2025-04-03 00:20:42.728  INFO 26704 --- [user-service] [pool-5-thread-10] com.zaxxer.hikari.HikariDataSource       : HikariPool-1 - Starting...
2025-04-03 00:20:43.742  INFO 26704 --- [user-service] [pool-5-thread-1] com.zaxxer.hikari.HikariDataSource       : HikariPool-1 - Starting...
2025-04-03 00:20:44.754  INFO 26704 --- [user-service] [pool-5-thread-10] com.zaxxer.hikari.HikariDataSource       : HikariPool-1 - Starting...
2025-04-03 00:20:45.757  INFO 26704 --- [user-service] [pool-5-thread-8] com.zaxxer.hikari.HikariDataSource       : HikariPool-1 - Starting...
2025-04-03 00:20:46.762  INFO 26704 --- [user-service] [pool-5-thread-9] com.zaxxer.hikari.HikariDataSource       : HikariPool-1 - Starting...
2025-04-03 00:20:47.767  INFO 26704 --- [user-service] [pool-5-thread-5] com.zaxxer.hikari.HikariDataSource       : HikariPool-1 - Starting...
2025-04-03 00:20:48.774  INFO 26704 --- [user-service] [pool-5-thread-7] com.zaxxer.hikari.HikariDataSource       : HikariPool-1 - Starting...
2025-04-03 00:20:49.781  INFO 26704 --- [user-service] [pool-5-thread-4] com.zaxxer.hikari.HikariDataSource       : HikariPool-1 - Starting...
2025-04-03 00:20:50.787  INFO 26704 --- [user-service] [pool-5-thread-6] com.zaxxer.hikari.HikariDataSource       : HikariPool-1 - Starting...
2025-04-03 00:20:51.800  INFO 26704 --- [user-service] [pool-5-thread-3] com.zaxxer.hikari.HikariDataSource       : HikariPool-1 - Starting...
2025-04-03 00:20:52.807  INFO 26704 --- [user-service] [pool-5-thread-2] com.zaxxer.hikari.HikariDataSource       : HikariPool-1 - Starting...
2025-04-03 00:20:53.818  INFO 26704 --- [user-service] [pool-5-thread-3] com.zaxxer.hikari.HikariDataSource       : HikariPool-1 - Starting...
2025-04-03 00:20:54.821  INFO 26704 --- [user-service] [pool-5-thread-6] com.zaxxer.hikari.HikariDataSource       : HikariPool-1 - Starting...
2025-04-03 00:20:55.830  INFO 26704 --- [user-service] [pool-5-thread-4] com.zaxxer.hikari.HikariDataSource       : HikariPool-1 - Starting...
2025-04-03 00:20:56.844  INFO 26704 --- [user-service] [pool-5-thread-7] com.zaxxer.hikari.HikariDataSource       : HikariPool-1 - Starting...
2025-04-03 00:20:57.847  INFO 26704 --- [user-service] [pool-5-thread-5] com.zaxxer.hikari.HikariDataSource       : HikariPool-1 - Starting...
2025-04-03 00:20:58.850  INFO 26704 --- [user-service] [pool-5-thread-9] com.zaxxer.hikari.HikariDataSource       : HikariPool-1 - Starting...
2025-04-03 00:20:59.859  INFO 26704 --- [user-service] [pool-5-thread-8] com.zaxxer.hikari.HikariDataSource       : HikariPool-1 - Starting...
2025-04-03 00:21:00.869  INFO 26704 --- [user-service] [pool-5-thread-10] com.zaxxer.hikari.HikariDataSource       : HikariPool-1 - Starting...
2025-04-03 00:21:01.882  INFO 26704 --- [user-service] [pool-5-thread-1] com.zaxxer.hikari.HikariDataSource       : HikariPool-1 - Starting...
2025-04-03 00:21:02.885  INFO 26704 --- [user-service] [pool-5-thread-10] com.zaxxer.hikari.HikariDataSource       : HikariPool-1 - Starting...
2025-04-03 00:21:03.897  INFO 26704 --- [user-service] [pool-5-thread-8] com.zaxxer.hikari.HikariDataSource       : HikariPool-1 - Starting...
2025-04-03 00:21:04.906  INFO 26704 --- [user-service] [pool-5-thread-9] com.zaxxer.hikari.HikariDataSource       : HikariPool-1 - Starting...
2025-04-03 00:21:05.921  INFO 26704 --- [user-service] [pool-5-thread-5] com.zaxxer.hikari.HikariDataSource       : HikariPool-1 - Starting...
2025-04-03 00:21:06.923  INFO 26704 --- [user-service] [pool-5-thread-7] com.zaxxer.hikari.HikariDataSource       : HikariPool-1 - Starting...
2025-04-03 00:21:07.928  INFO 26704 --- [user-service] [pool-5-thread-4] com.zaxxer.hikari.HikariDataSource       : HikariPool-1 - Starting...
2025-04-03 00:21:08.939  INFO 26704 --- [user-service] [pool-5-thread-6] com.zaxxer.hikari.HikariDataSource       : HikariPool-1 - Starting...
2025-04-03 00:21:09.942  INFO 26704 --- [user-service] [pool-5-thread-3] com.zaxxer.hikari.HikariDataSource       : HikariPool-1 - Starting...
2025-04-03 00:21:10.946  INFO 26704 --- [user-service] [pool-5-thread-2] com.zaxxer.hikari.HikariDataSource       : HikariPool-1 - Starting...
2025-04-03 00:21:11.952  INFO 26704 --- [user-service] [pool-5-thread-3] com.zaxxer.hikari.HikariDataSource       : HikariPool-1 - Starting...
2025-04-03 00:21:12.958  INFO 26704 --- [user-service] [pool-5-thread-6] com.zaxxer.hikari.HikariDataSource       : HikariPool-1 - Starting...
2025-04-03 00:21:13.971  INFO 26704 --- [user-service] [pool-5-thread-4] com.zaxxer.hikari.HikariDataSource       : HikariPool-1 - Starting...
2025-04-03 00:21:14.985  INFO 26704 --- [user-service] [pool-5-thread-7] com.zaxxer.hikari.HikariDataSource       : HikariPool-1 - Starting...
2025-04-03 00:21:15.989  INFO 26704 --- [user-service] [pool-5-thread-5] com.zaxxer.hikari.HikariDataSource       : HikariPool-1 - Starting...
2025-04-03 00:21:16.995  INFO 26704 --- [user-service] [pool-5-thread-9] com.zaxxer.hikari.HikariDataSource       : HikariPool-1 - Starting...
2025-04-03 00:21:18.003  INFO 26704 --- [user-service] [pool-5-thread-8] com.zaxxer.hikari.HikariDataSource       : HikariPool-1 - Starting...
2025-04-03 00:21:19.005  INFO 26704 --- [user-service] [pool-5-thread-10] com.zaxxer.hikari.HikariDataSource       : HikariPool-1 - Starting...
2025-04-03 00:21:20.013  INFO 26704 --- [user-service] [pool-5-thread-1] com.zaxxer.hikari.HikariDataSource       : HikariPool-1 - Starting...
2025-04-03 00:21:21.019  INFO 26704 --- [user-service] [pool-5-thread-10] com.zaxxer.hikari.HikariDataSource       : HikariPool-1 - Starting...
2025-04-03 00:21:22.025  INFO 26704 --- [user-service] [pool-5-thread-8] com.zaxxer.hikari.HikariDataSource       : HikariPool-1 - Starting...
2025-04-03 00:21:23.031  INFO 26704 --- [user-service] [pool-5-thread-9] com.zaxxer.hikari.HikariDataSource       : HikariPool-1 - Starting...
2025-04-03 00:21:24.047  INFO 26704 --- [user-service] [pool-5-thread-5] com.zaxxer.hikari.HikariDataSource       : HikariPool-1 - Starting...
2025-04-03 00:21:25.048  INFO 26704 --- [user-service] [pool-5-thread-7] com.zaxxer.hikari.HikariDataSource       : HikariPool-1 - Starting...
2025-04-03 00:21:26.062  INFO 26704 --- [user-service] [pool-5-thread-4] com.zaxxer.hikari.HikariDataSource       : HikariPool-1 - Starting...
2025-04-03 00:21:27.072  INFO 26704 --- [user-service] [pool-5-thread-6] com.zaxxer.hikari.HikariDataSource       : HikariPool-1 - Starting...
2025-04-03 00:21:28.074  INFO 26704 --- [user-service] [pool-5-thread-3] com.zaxxer.hikari.HikariDataSource       : HikariPool-1 - Starting...
2025-04-03 00:21:29.084  INFO 26704 --- [user-service] [pool-5-thread-2] com.zaxxer.hikari.HikariDataSource       : HikariPool-1 - Starting...
2025-04-03 00:21:30.090  INFO 26704 --- [user-service] [pool-5-thread-3] com.zaxxer.hikari.HikariDataSource       : HikariPool-1 - Starting...
2025-04-03 00:21:31.094  INFO 26704 --- [user-service] [pool-5-thread-6] com.zaxxer.hikari.HikariDataSource       : HikariPool-1 - Starting...
2025-04-03 00:21:32.107  INFO 26704 --- [user-service] [pool-5-thread-4] com.zaxxer.hikari.HikariDataSource       : HikariPool-1 - Starting...
2025-04-03 00:21:33.117  INFO 26704 --- [user-service] [pool-5-thread-7] com.zaxxer.hikari.HikariDataSource       : HikariPool-1 - Starting...
2025-04-03 00:21:34.126  INFO 26704 --- [user-service] [pool-5-thread-5] com.zaxxer.hikari.HikariDataSource       : HikariPool-1 - Starting...
2025-04-03 00:21:35.138  INFO 26704 --- [user-service] [pool-5-thread-9] com.zaxxer.hikari.HikariDataSource       : HikariPool-1 - Starting...
2025-04-03 00:21:36.149  INFO 26704 --- [user-service] [pool-5-thread-8] com.zaxxer.hikari.HikariDataSource       : HikariPool-1 - Starting...
2025-04-03 00:21:37.151  INFO 26704 --- [user-service] [pool-5-thread-10] com.zaxxer.hikari.HikariDataSource       : HikariPool-1 - Starting...
2025-04-03 00:21:38.160  INFO 26704 --- [user-service] [pool-5-thread-1] com.zaxxer.hikari.HikariDataSource       : HikariPool-1 - Starting...
2025-04-03 00:21:39.169  INFO 26704 --- [user-service] [pool-5-thread-10] com.zaxxer.hikari.HikariDataSource       : HikariPool-1 - Starting...
2025-04-03 00:21:40.172  INFO 26704 --- [user-service] [pool-5-thread-8] com.zaxxer.hikari.HikariDataSource       : HikariPool-1 - Starting...
2025-04-03 00:21:41.175  INFO 26704 --- [user-service] [pool-5-thread-9] com.zaxxer.hikari.HikariDataSource       : HikariPool-1 - Starting...
2025-04-03 00:21:42.178  INFO 26704 --- [user-service] [pool-5-thread-5] com.zaxxer.hikari.HikariDataSource       : HikariPool-1 - Starting...
2025-04-03 00:21:43.183  INFO 26704 --- [user-service] [pool-5-thread-7] com.zaxxer.hikari.HikariDataSource       : HikariPool-1 - Starting...
2025-04-03 00:21:44.186  INFO 26704 --- [user-service] [pool-5-thread-4] com.zaxxer.hikari.HikariDataSource       : HikariPool-1 - Starting...
2025-04-03 00:21:45.194  INFO 26704 --- [user-service] [pool-5-thread-6] com.zaxxer.hikari.HikariDataSource       : HikariPool-1 - Starting...
2025-04-03 00:21:46.204  INFO 26704 --- [user-service] [pool-5-thread-3] com.zaxxer.hikari.HikariDataSource       : HikariPool-1 - Starting...
2025-04-03 00:21:47.211  INFO 26704 --- [user-service] [pool-5-thread-2] com.zaxxer.hikari.HikariDataSource       : HikariPool-1 - Starting...
2025-04-03 00:21:48.212  INFO 26704 --- [user-service] [pool-5-thread-3] com.zaxxer.hikari.HikariDataSource       : HikariPool-1 - Starting...
2025-04-03 00:21:49.218  INFO 26704 --- [user-service] [pool-5-thread-6] com.zaxxer.hikari.HikariDataSource       : HikariPool-1 - Starting...
2025-04-03 00:21:50.220  INFO 26704 --- [user-service] [pool-5-thread-4] com.zaxxer.hikari.HikariDataSource       : HikariPool-1 - Starting...
2025-04-03 00:21:51.223  INFO 26704 --- [user-service] [pool-5-thread-7] com.zaxxer.hikari.HikariDataSource       : HikariPool-1 - Starting...
2025-04-03 00:21:52.235  INFO 26704 --- [user-service] [pool-5-thread-5] com.zaxxer.hikari.HikariDataSource       : HikariPool-1 - Starting...
2025-04-03 00:21:53.240  INFO 26704 --- [user-service] [pool-5-thread-9] com.zaxxer.hikari.HikariDataSource       : HikariPool-1 - Starting...
2025-04-03 00:21:54.242  INFO 26704 --- [user-service] [pool-5-thread-8] com.zaxxer.hikari.HikariDataSource       : HikariPool-1 - Starting...
2025-04-03 00:21:55.251  INFO 26704 --- [user-service] [pool-5-thread-10] com.zaxxer.hikari.HikariDataSource       : HikariPool-1 - Starting...
2025-04-03 00:21:56.265  INFO 26704 --- [user-service] [pool-5-thread-1] com.zaxxer.hikari.HikariDataSource       : HikariPool-1 - Starting...
2025-04-03 00:21:57.270  INFO 26704 --- [user-service] [pool-5-thread-10] com.zaxxer.hikari.HikariDataSource       : HikariPool-1 - Starting...
2025-04-03 00:21:58.277  INFO 26704 --- [user-service] [pool-5-thread-8] com.zaxxer.hikari.HikariDataSource       : HikariPool-1 - Starting...
2025-04-03 00:21:59.286  INFO 26704 --- [user-service] [pool-5-thread-9] com.zaxxer.hikari.HikariDataSource       : HikariPool-1 - Starting...
2025-04-03 00:22:00.288  INFO 26704 --- [user-service] [pool-5-thread-5] com.zaxxer.hikari.HikariDataSource       : HikariPool-1 - Starting...
2025-04-03 00:22:01.305  INFO 26704 --- [user-service] [pool-5-thread-7] com.zaxxer.hikari.HikariDataSource       : HikariPool-1 - Starting...
2025-04-03 00:22:02.307  INFO 26704 --- [user-service] [pool-5-thread-4] com.zaxxer.hikari.HikariDataSource       : HikariPool-1 - Starting...
2025-04-03 00:22:03.319  INFO 26704 --- [user-service] [pool-5-thread-6] com.zaxxer.hikari.HikariDataSource       : HikariPool-1 - Starting...
2025-04-03 00:22:04.326  INFO 26704 --- [user-service] [pool-5-thread-3] com.zaxxer.hikari.HikariDataSource       : HikariPool-1 - Starting...
2025-04-03 00:22:05.331  INFO 26704 --- [user-service] [pool-5-thread-2] com.zaxxer.hikari.HikariDataSource       : HikariPool-1 - Starting...
2025-04-03 00:22:06.334  INFO 26704 --- [user-service] [pool-5-thread-3] com.zaxxer.hikari.HikariDataSource       : HikariPool-1 - Starting...
2025-04-03 00:22:07.348  INFO 26704 --- [user-service] [pool-5-thread-6] com.zaxxer.hikari.HikariDataSource       : HikariPool-1 - Starting...
2025-04-03 00:22:08.358  INFO 26704 --- [user-service] [pool-5-thread-4] com.zaxxer.hikari.HikariDataSource       : HikariPool-1 - Starting...
2025-04-03 00:22:09.361  INFO 26704 --- [user-service] [pool-5-thread-7] com.zaxxer.hikari.HikariDataSource       : HikariPool-1 - Starting...
2025-04-03 00:22:10.372  INFO 26704 --- [user-service] [pool-5-thread-5] com.zaxxer.hikari.HikariDataSource       : HikariPool-1 - Starting...
2025-04-03 00:22:11.375  INFO 26704 --- [user-service] [pool-5-thread-9] com.zaxxer.hikari.HikariDataSource       : HikariPool-1 - Starting...
2025-04-03 00:22:12.391  INFO 26704 --- [user-service] [pool-5-thread-8] com.zaxxer.hikari.HikariDataSource       : HikariPool-1 - Starting...
2025-04-03 00:22:13.396  INFO 26704 --- [user-service] [pool-5-thread-10] com.zaxxer.hikari.HikariDataSource       : HikariPool-1 - Starting...
2025-04-03 00:22:14.397  INFO 26704 --- [user-service] [pool-5-thread-1] com.zaxxer.hikari.HikariDataSource       : HikariPool-1 - Starting...
2025-04-03 00:22:15.399  INFO 26704 --- [user-service] [pool-5-thread-10] com.zaxxer.hikari.HikariDataSource       : HikariPool-1 - Starting...
2025-04-03 00:22:16.402  INFO 26704 --- [user-service] [pool-5-thread-8] com.zaxxer.hikari.HikariDataSource       : HikariPool-1 - Starting...
2025-04-03 00:22:17.411  INFO 26704 --- [user-service] [pool-5-thread-9] com.zaxxer.hikari.HikariDataSource       : HikariPool-1 - Starting...
2025-04-03 00:22:18.417  INFO 26704 --- [user-service] [pool-5-thread-5] com.zaxxer.hikari.HikariDataSource       : HikariPool-1 - Starting...
2025-04-03 00:22:19.428  INFO 26704 --- [user-service] [pool-5-thread-7] com.zaxxer.hikari.HikariDataSource       : HikariPool-1 - Starting...
2025-04-03 00:22:20.429  INFO 26704 --- [user-service] [pool-5-thread-4] com.zaxxer.hikari.HikariDataSource       : HikariPool-1 - Starting...
2025-04-03 00:22:21.442  INFO 26704 --- [user-service] [pool-5-thread-6] com.zaxxer.hikari.HikariDataSource       : HikariPool-1 - Starting...
2025-04-03 00:22:22.446  INFO 26704 --- [user-service] [pool-5-thread-3] com.zaxxer.hikari.HikariDataSource       : HikariPool-1 - Starting...
2025-04-03 00:22:23.451  INFO 26704 --- [user-service] [pool-5-thread-2] com.zaxxer.hikari.HikariDataSource       : HikariPool-1 - Starting...
2025-04-03 00:22:24.455  INFO 26704 --- [user-service] [pool-5-thread-3] com.zaxxer.hikari.HikariDataSource       : HikariPool-1 - Starting...
2025-04-03 00:22:25.457  INFO 26704 --- [user-service] [pool-5-thread-6] com.zaxxer.hikari.HikariDataSource       : HikariPool-1 - Starting...
2025-04-03 00:22:26.470  INFO 26704 --- [user-service] [pool-5-thread-4] com.zaxxer.hikari.HikariDataSource       : HikariPool-1 - Starting...
2025-04-03 00:22:27.486  INFO 26704 --- [user-service] [pool-5-thread-7] com.zaxxer.hikari.HikariDataSource       : HikariPool-1 - Starting...
2025-04-03 00:22:28.497  INFO 26704 --- [user-service] [pool-5-thread-5] com.zaxxer.hikari.HikariDataSource       : HikariPool-1 - Starting...
2025-04-03 00:22:29.503  INFO 26704 --- [user-service] [pool-5-thread-9] com.zaxxer.hikari.HikariDataSource       : HikariPool-1 - Starting...
2025-04-03 00:22:30.510  INFO 26704 --- [user-service] [pool-5-thread-8] com.zaxxer.hikari.HikariDataSource       : HikariPool-1 - Starting...
2025-04-03 00:22:31.525  INFO 26704 --- [user-service] [pool-5-thread-10] com.zaxxer.hikari.HikariDataSource       : HikariPool-1 - Starting...
2025-04-03 00:22:32.528  INFO 26704 --- [user-service] [pool-5-thread-1] com.zaxxer.hikari.HikariDataSource       : HikariPool-1 - Starting...
2025-04-03 00:22:33.533  INFO 26704 --- [user-service] [pool-5-thread-10] com.zaxxer.hikari.HikariDataSource       : HikariPool-1 - Starting...
2025-04-03 00:22:34.536  INFO 26704 --- [user-service] [pool-5-thread-8] com.zaxxer.hikari.HikariDataSource       : HikariPool-1 - Starting...
2025-04-03 00:22:35.540  INFO 26704 --- [user-service] [pool-5-thread-9] com.zaxxer.hikari.HikariDataSource       : HikariPool-1 - Starting...
2025-04-03 00:22:36.547  INFO 26704 --- [user-service] [pool-5-thread-5] com.zaxxer.hikari.HikariDataSource       : HikariPool-1 - Starting...
2025-04-03 00:22:37.552  INFO 26704 --- [user-service] [pool-5-thread-7] com.zaxxer.hikari.HikariDataSource       : HikariPool-1 - Starting...
2025-04-03 00:22:38.554  INFO 26704 --- [user-service] [pool-5-thread-4] com.zaxxer.hikari.HikariDataSource       : HikariPool-1 - Starting...
2025-04-03 00:22:39.565  INFO 26704 --- [user-service] [pool-5-thread-6] com.zaxxer.hikari.HikariDataSource       : HikariPool-1 - Starting...
2025-04-03 00:22:40.570  INFO 26704 --- [user-service] [pool-5-thread-3] com.zaxxer.hikari.HikariDataSource       : HikariPool-1 - Starting...
2025-04-03 00:22:41.576  INFO 26704 --- [user-service] [pool-5-thread-2] com.zaxxer.hikari.HikariDataSource       : HikariPool-1 - Starting...
2025-04-03 00:22:42.582  INFO 26704 --- [user-service] [pool-5-thread-3] com.zaxxer.hikari.HikariDataSource       : HikariPool-1 - Starting...
2025-04-03 00:22:43.584  INFO 26704 --- [user-service] [pool-5-thread-6] com.zaxxer.hikari.HikariDataSource       : HikariPool-1 - Starting...
2025-04-03 00:22:44.589  INFO 26704 --- [user-service] [pool-5-thread-4] com.zaxxer.hikari.HikariDataSource       : HikariPool-1 - Starting...
2025-04-03 00:22:45.595  INFO 26704 --- [user-service] [pool-5-thread-7] com.zaxxer.hikari.HikariDataSource       : HikariPool-1 - Starting...
2025-04-03 00:22:46.601  INFO 26704 --- [user-service] [pool-5-thread-5] com.zaxxer.hikari.HikariDataSource       : HikariPool-1 - Starting...
2025-04-03 00:22:47.614  INFO 26704 --- [user-service] [pool-5-thread-9] com.zaxxer.hikari.HikariDataSource       : HikariPool-1 - Starting...
2025-04-03 00:22:48.625  INFO 26704 --- [user-service] [pool-5-thread-8] com.zaxxer.hikari.HikariDataSource       : HikariPool-1 - Starting...
2025-04-03 00:22:49.637  INFO 26704 --- [user-service] [pool-5-thread-10] com.zaxxer.hikari.HikariDataSource       : HikariPool-1 - Starting...
2025-04-03 00:22:50.648  INFO 26704 --- [user-service] [pool-5-thread-1] com.zaxxer.hikari.HikariDataSource       : HikariPool-1 - Starting...
2025-04-03 00:22:51.651  INFO 26704 --- [user-service] [pool-5-thread-10] com.zaxxer.hikari.HikariDataSource       : HikariPool-1 - Starting...
2025-04-03 00:22:52.661  INFO 26704 --- [user-service] [pool-5-thread-8] com.zaxxer.hikari.HikariDataSource       : HikariPool-1 - Starting...
2025-04-03 00:22:53.674  INFO 26704 --- [user-service] [pool-5-thread-9] com.zaxxer.hikari.HikariDataSource       : HikariPool-1 - Starting...
2025-04-03 00:22:54.685  INFO 26704 --- [user-service] [pool-5-thread-5] com.zaxxer.hikari.HikariDataSource       : HikariPool-1 - Starting...
2025-04-03 00:22:55.697  INFO 26704 --- [user-service] [pool-5-thread-7] com.zaxxer.hikari.HikariDataSource       : HikariPool-1 - Starting...
2025-04-03 00:22:56.698  INFO 26704 --- [user-service] [pool-5-thread-4] com.zaxxer.hikari.HikariDataSource       : HikariPool-1 - Starting...
2025-04-03 00:22:57.710  INFO 26704 --- [user-service] [pool-5-thread-6] com.zaxxer.hikari.HikariDataSource       : HikariPool-1 - Starting...
2025-04-03 00:22:58.721  INFO 26704 --- [user-service] [pool-5-thread-3] com.zaxxer.hikari.HikariDataSource       : HikariPool-1 - Starting...
2025-04-03 00:22:59.735  INFO 26704 --- [user-service] [pool-5-thread-2] com.zaxxer.hikari.HikariDataSource       : HikariPool-1 - Starting...
2025-04-03 00:23:00.748  INFO 26704 --- [user-service] [pool-5-thread-3] com.zaxxer.hikari.HikariDataSource       : HikariPool-1 - Starting...
2025-04-03 00:23:01.750  INFO 26704 --- [user-service] [pool-5-thread-6] com.zaxxer.hikari.HikariDataSource       : HikariPool-1 - Starting...
2025-04-03 00:23:02.765  INFO 26704 --- [user-service] [pool-5-thread-4] com.zaxxer.hikari.HikariDataSource       : HikariPool-1 - Starting...
2025-04-03 00:23:03.777  INFO 26704 --- [user-service] [pool-5-thread-7] com.zaxxer.hikari.HikariDataSource       : HikariPool-1 - Starting...
2025-04-03 00:23:04.789  INFO 26704 --- [user-service] [pool-5-thread-5] com.zaxxer.hikari.HikariDataSource       : HikariPool-1 - Starting...
2025-04-03 00:23:05.791  INFO 26704 --- [user-service] [pool-5-thread-9] com.zaxxer.hikari.HikariDataSource       : HikariPool-1 - Starting...
2025-04-03 00:23:06.802  INFO 26704 --- [user-service] [pool-5-thread-8] com.zaxxer.hikari.HikariDataSource       : HikariPool-1 - Starting...
2025-04-03 00:23:07.816  INFO 26704 --- [user-service] [pool-5-thread-10] com.zaxxer.hikari.HikariDataSource       : HikariPool-1 - Starting...
2025-04-03 00:23:08.826  INFO 26704 --- [user-service] [pool-5-thread-1] com.zaxxer.hikari.HikariDataSource       : HikariPool-1 - Starting...
2025-04-03 00:23:09.839  INFO 26704 --- [user-service] [pool-5-thread-10] com.zaxxer.hikari.HikariDataSource       : HikariPool-1 - Starting...
2025-04-03 00:23:10.852  INFO 26704 --- [user-service] [pool-5-thread-8] com.zaxxer.hikari.HikariDataSource       : HikariPool-1 - Starting...
2025-04-03 00:23:11.862  INFO 26704 --- [user-service] [pool-5-thread-9] com.zaxxer.hikari.HikariDataSource       : HikariPool-1 - Starting...
2025-04-03 00:23:12.870  INFO 26704 --- [user-service] [pool-5-thread-5] com.zaxxer.hikari.HikariDataSource       : HikariPool-1 - Starting...
2025-04-03 00:23:13.876  INFO 26704 --- [user-service] [pool-5-thread-7] com.zaxxer.hikari.HikariDataSource       : HikariPool-1 - Starting...
2025-04-03 00:23:14.882  INFO 26704 --- [user-service] [pool-5-thread-4] com.zaxxer.hikari.HikariDataSource       : HikariPool-1 - Starting...
2025-04-03 00:23:15.898  INFO 26704 --- [user-service] [pool-5-thread-6] com.zaxxer.hikari.HikariDataSource       : HikariPool-1 - Starting...
2025-04-03 00:23:16.901  INFO 26704 --- [user-service] [pool-5-thread-3] com.zaxxer.hikari.HikariDataSource       : HikariPool-1 - Starting...
2025-04-03 00:23:17.906  INFO 26704 --- [user-service] [pool-5-thread-2] com.zaxxer.hikari.HikariDataSource       : HikariPool-1 - Starting...
2025-04-03 00:23:18.918  INFO 26704 --- [user-service] [pool-5-thread-3] com.zaxxer.hikari.HikariDataSource       : HikariPool-1 - Starting...
2025-04-03 00:23:19.925  INFO 26704 --- [user-service] [pool-5-thread-6] com.zaxxer.hikari.HikariDataSource       : HikariPool-1 - Starting...
2025-04-03 00:23:20.930  INFO 26704 --- [user-service] [pool-5-thread-4] com.zaxxer.hikari.HikariDataSource       : HikariPool-1 - Starting...
2025-04-03 00:23:21.937  INFO 26704 --- [user-service] [pool-5-thread-7] com.zaxxer.hikari.HikariDataSource       : HikariPool-1 - Starting...
2025-04-03 00:23:22.943  INFO 26704 --- [user-service] [pool-5-thread-5] com.zaxxer.hikari.HikariDataSource       : HikariPool-1 - Starting...
2025-04-03 00:23:23.949  INFO 26704 --- [user-service] [pool-5-thread-9] com.zaxxer.hikari.HikariDataSource       : HikariPool-1 - Starting...
2025-04-03 00:23:24.962  INFO 26704 --- [user-service] [pool-5-thread-8] com.zaxxer.hikari.HikariDataSource       : HikariPool-1 - Starting...
2025-04-03 00:23:25.967  INFO 26704 --- [user-service] [pool-5-thread-10] com.zaxxer.hikari.HikariDataSource       : HikariPool-1 - Starting...
2025-04-03 00:23:26.974  INFO 26704 --- [user-service] [pool-5-thread-1] com.zaxxer.hikari.HikariDataSource       : HikariPool-1 - Starting...
2025-04-03 00:23:27.980  INFO 26704 --- [user-service] [pool-5-thread-10] com.zaxxer.hikari.HikariDataSource       : HikariPool-1 - Starting...
2025-04-03 00:23:28.986  INFO 26704 --- [user-service] [pool-5-thread-8] com.zaxxer.hikari.HikariDataSource       : HikariPool-1 - Starting...
2025-04-03 00:23:29.994  INFO 26704 --- [user-service] [pool-5-thread-9] com.zaxxer.hikari.HikariDataSource       : HikariPool-1 - Starting...
2025-04-03 00:23:31.007  INFO 26704 --- [user-service] [pool-5-thread-5] com.zaxxer.hikari.HikariDataSource       : HikariPool-1 - Starting...
2025-04-03 00:23:32.017  INFO 26704 --- [user-service] [pool-5-thread-7] com.zaxxer.hikari.HikariDataSource       : HikariPool-1 - Starting...
2025-04-03 00:23:33.030  INFO 26704 --- [user-service] [pool-5-thread-4] com.zaxxer.hikari.HikariDataSource       : HikariPool-1 - Starting...
2025-04-03 00:23:34.044  INFO 26704 --- [user-service] [pool-5-thread-6] com.zaxxer.hikari.HikariDataSource       : HikariPool-1 - Starting...
2025-04-03 00:23:35.046  INFO 26704 --- [user-service] [pool-5-thread-3] com.zaxxer.hikari.HikariDataSource       : HikariPool-1 - Starting...
2025-04-03 00:23:36.059  INFO 26704 --- [user-service] [pool-5-thread-2] com.zaxxer.hikari.HikariDataSource       : HikariPool-1 - Starting...
2025-04-03 00:23:37.070  INFO 26704 --- [user-service] [pool-5-thread-3] com.zaxxer.hikari.HikariDataSource       : HikariPool-1 - Starting...
2025-04-03 00:23:38.085  INFO 26704 --- [user-service] [pool-5-thread-6] com.zaxxer.hikari.HikariDataSource       : HikariPool-1 - Starting...
2025-04-03 00:23:39.087  INFO 26704 --- [user-service] [pool-5-thread-4] com.zaxxer.hikari.HikariDataSource       : HikariPool-1 - Starting...
2025-04-03 00:23:40.089  INFO 26704 --- [user-service] [pool-5-thread-7] com.zaxxer.hikari.HikariDataSource       : HikariPool-1 - Starting...
2025-04-03 00:23:41.097  INFO 26704 --- [user-service] [pool-5-thread-5] com.zaxxer.hikari.HikariDataSource       : HikariPool-1 - Starting...
2025-04-03 00:23:42.110  INFO 26704 --- [user-service] [pool-5-thread-9] com.zaxxer.hikari.HikariDataSource       : HikariPool-1 - Starting...
2025-04-03 00:23:43.112  INFO 26704 --- [user-service] [pool-5-thread-8] com.zaxxer.hikari.HikariDataSource       : HikariPool-1 - Starting...
2025-04-03 00:23:44.121  INFO 26704 --- [user-service] [pool-5-thread-10] com.zaxxer.hikari.HikariDataSource       : HikariPool-1 - Starting...
2025-04-03 00:23:45.135  INFO 26704 --- [user-service] [pool-5-thread-1] com.zaxxer.hikari.HikariDataSource       : HikariPool-1 - Starting...
2025-04-03 00:23:46.148  INFO 26704 --- [user-service] [pool-5-thread-10] com.zaxxer.hikari.HikariDataSource       : HikariPool-1 - Starting...
2025-04-03 00:23:47.151  INFO 26704 --- [user-service] [pool-5-thread-8] com.zaxxer.hikari.HikariDataSource       : HikariPool-1 - Starting...
2025-04-03 00:23:48.154  INFO 26704 --- [user-service] [pool-5-thread-9] com.zaxxer.hikari.HikariDataSource       : HikariPool-1 - Starting...
2025-04-03 00:23:49.157  INFO 26704 --- [user-service] [pool-5-thread-5] com.zaxxer.hikari.HikariDataSource       : HikariPool-1 - Starting...
2025-04-03 00:23:50.170  INFO 26704 --- [user-service] [pool-5-thread-7] com.zaxxer.hikari.HikariDataSource       : HikariPool-1 - Starting...
2025-04-03 00:23:51.186  INFO 26704 --- [user-service] [pool-5-thread-4] com.zaxxer.hikari.HikariDataSource       : HikariPool-1 - Starting...
2025-04-03 00:23:52.201  INFO 26704 --- [user-service] [pool-5-thread-6] com.zaxxer.hikari.HikariDataSource       : HikariPool-1 - Starting...
2025-04-03 00:23:53.211  INFO 26704 --- [user-service] [pool-5-thread-3] com.zaxxer.hikari.HikariDataSource       : HikariPool-1 - Starting...
2025-04-03 00:23:54.223  INFO 26704 --- [user-service] [pool-5-thread-2] com.zaxxer.hikari.HikariDataSource       : HikariPool-1 - Starting...
2025-04-03 00:23:55.227  INFO 26704 --- [user-service] [pool-5-thread-3] com.zaxxer.hikari.HikariDataSource       : HikariPool-1 - Starting...
2025-04-03 00:23:56.240  INFO 26704 --- [user-service] [pool-5-thread-6] com.zaxxer.hikari.HikariDataSource       : HikariPool-1 - Starting...
2025-04-03 00:23:57.250  INFO 26704 --- [user-service] [pool-5-thread-4] com.zaxxer.hikari.HikariDataSource       : HikariPool-1 - Starting...
2025-04-03 00:23:58.260  INFO 26704 --- [user-service] [pool-5-thread-7] com.zaxxer.hikari.HikariDataSource       : HikariPool-1 - Starting...
2025-04-03 00:23:59.263  INFO 26704 --- [user-service] [pool-5-thread-5] com.zaxxer.hikari.HikariDataSource       : HikariPool-1 - Starting...
2025-04-03 00:24:00.277  INFO 26704 --- [user-service] [pool-5-thread-9] com.zaxxer.hikari.HikariDataSource       : HikariPool-1 - Starting...
2025-04-03 00:24:01.279  INFO 26704 --- [user-service] [pool-5-thread-8] com.zaxxer.hikari.HikariDataSource       : HikariPool-1 - Starting...
2025-04-03 00:24:02.289  INFO 26704 --- [user-service] [pool-5-thread-10] com.zaxxer.hikari.HikariDataSource       : HikariPool-1 - Starting...
2025-04-03 00:24:03.303  INFO 26704 --- [user-service] [pool-5-thread-1] com.zaxxer.hikari.HikariDataSource       : HikariPool-1 - Starting...
2025-04-03 00:24:04.304  INFO 26704 --- [user-service] [pool-5-thread-10] com.zaxxer.hikari.HikariDataSource       : HikariPool-1 - Starting...
2025-04-03 00:24:05.310  INFO 26704 --- [user-service] [pool-5-thread-8] com.zaxxer.hikari.HikariDataSource       : HikariPool-1 - Starting...
2025-04-03 00:24:06.317  INFO 26704 --- [user-service] [pool-5-thread-9] com.zaxxer.hikari.HikariDataSource       : HikariPool-1 - Starting...
2025-04-03 00:24:07.329  INFO 26704 --- [user-service] [pool-5-thread-5] com.zaxxer.hikari.HikariDataSource       : HikariPool-1 - Starting...
2025-04-03 00:24:08.345  INFO 26704 --- [user-service] [pool-5-thread-7] com.zaxxer.hikari.HikariDataSource       : HikariPool-1 - Starting...
2025-04-03 00:24:09.348  INFO 26704 --- [user-service] [pool-5-thread-4] com.zaxxer.hikari.HikariDataSource       : HikariPool-1 - Starting...
2025-04-03 00:24:10.352  INFO 26704 --- [user-service] [pool-5-thread-6] com.zaxxer.hikari.HikariDataSource       : HikariPool-1 - Starting...
2025-04-03 00:24:11.362  INFO 26704 --- [user-service] [pool-5-thread-3] com.zaxxer.hikari.HikariDataSource       : HikariPool-1 - Starting...
2025-04-03 00:24:12.378  INFO 26704 --- [user-service] [pool-5-thread-2] com.zaxxer.hikari.HikariDataSource       : HikariPool-1 - Starting...
2025-04-03 00:24:13.380  INFO 26704 --- [user-service] [pool-5-thread-3] com.zaxxer.hikari.HikariDataSource       : HikariPool-1 - Starting...
2025-04-03 00:24:14.383  INFO 26704 --- [user-service] [pool-5-thread-6] com.zaxxer.hikari.HikariDataSource       : HikariPool-1 - Starting...
2025-04-03 00:24:15.392  INFO 26704 --- [user-service] [pool-5-thread-4] com.zaxxer.hikari.HikariDataSource       : HikariPool-1 - Starting...
2025-04-03 00:24:16.399  INFO 26704 --- [user-service] [pool-5-thread-7] com.zaxxer.hikari.HikariDataSource       : HikariPool-1 - Starting...
2025-04-03 00:24:17.403  INFO 26704 --- [user-service] [pool-5-thread-5] com.zaxxer.hikari.HikariDataSource       : HikariPool-1 - Starting...
2025-04-03 00:24:18.407  INFO 26704 --- [user-service] [pool-5-thread-9] com.zaxxer.hikari.HikariDataSource       : HikariPool-1 - Starting...
2025-04-03 00:24:19.423  INFO 26704 --- [user-service] [pool-5-thread-8] com.zaxxer.hikari.HikariDataSource       : HikariPool-1 - Starting...
2025-04-03 00:24:20.426  INFO 26704 --- [user-service] [pool-5-thread-10] com.zaxxer.hikari.HikariDataSource       : HikariPool-1 - Starting...
2025-04-03 00:24:21.438  INFO 26704 --- [user-service] [pool-5-thread-1] com.zaxxer.hikari.HikariDataSource       : HikariPool-1 - Starting...
2025-04-03 00:24:22.444  INFO 26704 --- [user-service] [pool-5-thread-10] com.zaxxer.hikari.HikariDataSource       : HikariPool-1 - Starting...
2025-04-03 00:24:23.450  INFO 26704 --- [user-service] [pool-5-thread-8] com.zaxxer.hikari.HikariDataSource       : HikariPool-1 - Starting...
2025-04-03 00:24:24.461  INFO 26704 --- [user-service] [pool-5-thread-9] com.zaxxer.hikari.HikariDataSource       : HikariPool-1 - Starting...
2025-04-03 00:24:25.463  INFO 26704 --- [user-service] [pool-5-thread-5] com.zaxxer.hikari.HikariDataSource       : HikariPool-1 - Starting...
2025-04-03 00:24:26.477  INFO 26704 --- [user-service] [pool-5-thread-7] com.zaxxer.hikari.HikariDataSource       : HikariPool-1 - Starting...
2025-04-03 00:24:27.489  INFO 26704 --- [user-service] [pool-5-thread-4] com.zaxxer.hikari.HikariDataSource       : HikariPool-1 - Starting...
2025-04-03 00:24:28.498  INFO 26704 --- [user-service] [pool-5-thread-6] com.zaxxer.hikari.HikariDataSource       : HikariPool-1 - Starting...
2025-04-03 00:24:29.510  INFO 26704 --- [user-service] [pool-5-thread-3] com.zaxxer.hikari.HikariDataSource       : HikariPool-1 - Starting...
2025-04-03 00:24:30.511  INFO 26704 --- [user-service] [pool-5-thread-2] com.zaxxer.hikari.HikariDataSource       : HikariPool-1 - Starting...
2025-04-03 00:24:31.523  INFO 26704 --- [user-service] [pool-5-thread-3] com.zaxxer.hikari.HikariDataSource       : HikariPool-1 - Starting...
2025-04-03 00:24:32.535  INFO 26704 --- [user-service] [pool-5-thread-6] com.zaxxer.hikari.HikariDataSource       : HikariPool-1 - Starting...
2025-04-03 00:24:33.538  INFO 26704 --- [user-service] [pool-5-thread-4] com.zaxxer.hikari.HikariDataSource       : HikariPool-1 - Starting...
2025-04-03 00:24:34.547  INFO 26704 --- [user-service] [pool-5-thread-7] com.zaxxer.hikari.HikariDataSource       : HikariPool-1 - Starting...
2025-04-03 00:24:35.560  INFO 26704 --- [user-service] [pool-5-thread-5] com.zaxxer.hikari.HikariDataSource       : HikariPool-1 - Starting...
2025-04-03 00:24:36.574  INFO 26704 --- [user-service] [pool-5-thread-9] com.zaxxer.hikari.HikariDataSource       : HikariPool-1 - Starting...
2025-04-03 00:24:37.588  INFO 26704 --- [user-service] [pool-5-thread-8] com.zaxxer.hikari.HikariDataSource       : HikariPool-1 - Starting...
2025-04-03 00:24:38.594  INFO 26704 --- [user-service] [pool-5-thread-10] com.zaxxer.hikari.HikariDataSource       : HikariPool-1 - Starting...
2025-04-03 00:24:39.608  INFO 26704 --- [user-service] [pool-5-thread-1] com.zaxxer.hikari.HikariDataSource       : HikariPool-1 - Starting...
2025-04-03 00:24:40.623  INFO 26704 --- [user-service] [pool-5-thread-10] com.zaxxer.hikari.HikariDataSource       : HikariPool-1 - Starting...
2025-04-03 00:24:41.637  INFO 26704 --- [user-service] [pool-5-thread-8] com.zaxxer.hikari.HikariDataSource       : HikariPool-1 - Starting...
2025-04-03 00:24:42.649  INFO 26704 --- [user-service] [pool-5-thread-9] com.zaxxer.hikari.HikariDataSource       : HikariPool-1 - Starting...
2025-04-03 00:24:43.664  INFO 26704 --- [user-service] [pool-5-thread-5] com.zaxxer.hikari.HikariDataSource       : HikariPool-1 - Starting...
2025-04-03 00:24:44.678  INFO 26704 --- [user-service] [pool-5-thread-7] com.zaxxer.hikari.HikariDataSource       : HikariPool-1 - Starting...
2025-04-03 00:24:45.691  INFO 26704 --- [user-service] [pool-5-thread-4] com.zaxxer.hikari.HikariDataSource       : HikariPool-1 - Starting...
2025-04-03 00:24:46.705  INFO 26704 --- [user-service] [pool-5-thread-6] com.zaxxer.hikari.HikariDataSource       : HikariPool-1 - Starting...
2025-04-03 00:24:47.716  INFO 26704 --- [user-service] [pool-5-thread-3] com.zaxxer.hikari.HikariDataSource       : HikariPool-1 - Starting...
2025-04-03 00:24:48.729  INFO 26704 --- [user-service] [pool-5-thread-2] com.zaxxer.hikari.HikariDataSource       : HikariPool-1 - Starting...
2025-04-03 00:24:49.743  INFO 26704 --- [user-service] [pool-5-thread-3] com.zaxxer.hikari.HikariDataSource       : HikariPool-1 - Starting...
2025-04-03 00:24:50.756  INFO 26704 --- [user-service] [pool-5-thread-6] com.zaxxer.hikari.HikariDataSource       : HikariPool-1 - Starting...
2025-04-03 00:24:51.768  INFO 26704 --- [user-service] [pool-5-thread-4] com.zaxxer.hikari.HikariDataSource       : HikariPool-1 - Starting...
2025-04-03 00:24:52.785  INFO 26704 --- [user-service] [pool-5-thread-7] com.zaxxer.hikari.HikariDataSource       : HikariPool-1 - Starting...
2025-04-03 00:24:53.797  INFO 26704 --- [user-service] [pool-5-thread-5] com.zaxxer.hikari.HikariDataSource       : HikariPool-1 - Starting...
2025-04-03 00:24:54.798  INFO 26704 --- [user-service] [pool-5-thread-9] com.zaxxer.hikari.HikariDataSource       : HikariPool-1 - Starting...
2025-04-03 00:24:55.811  INFO 26704 --- [user-service] [pool-5-thread-8] com.zaxxer.hikari.HikariDataSource       : HikariPool-1 - Starting...
2025-04-03 00:24:56.823  INFO 26704 --- [user-service] [pool-5-thread-10] com.zaxxer.hikari.HikariDataSource       : HikariPool-1 - Starting...
2025-04-03 00:24:57.837  INFO 26704 --- [user-service] [pool-5-thread-1] com.zaxxer.hikari.HikariDataSource       : HikariPool-1 - Starting...
2025-04-03 00:24:58.851  INFO 26704 --- [user-service] [pool-5-thread-10] com.zaxxer.hikari.HikariDataSource       : HikariPool-1 - Starting...
2025-04-03 00:24:59.866  INFO 26704 --- [user-service] [pool-5-thread-8] com.zaxxer.hikari.HikariDataSource       : HikariPool-1 - Starting...
2025-04-03 00:25:00.882  INFO 26704 --- [user-service] [pool-5-thread-9] com.zaxxer.hikari.HikariDataSource       : HikariPool-1 - Starting...
2025-04-03 00:25:01.888  INFO 26704 --- [user-service] [pool-5-thread-5] com.zaxxer.hikari.HikariDataSource       : HikariPool-1 - Starting...
2025-04-03 00:25:02.902  INFO 26704 --- [user-service] [pool-5-thread-7] com.zaxxer.hikari.HikariDataSource       : HikariPool-1 - Starting...
2025-04-03 00:25:03.912  INFO 26704 --- [user-service] [pool-5-thread-4] com.zaxxer.hikari.HikariDataSource       : HikariPool-1 - Starting...
2025-04-03 00:25:04.914  INFO 26704 --- [user-service] [pool-5-thread-6] com.zaxxer.hikari.HikariDataSource       : HikariPool-1 - Starting...
2025-04-03 00:25:05.922  INFO 26704 --- [user-service] [pool-5-thread-3] com.zaxxer.hikari.HikariDataSource       : HikariPool-1 - Starting...
2025-04-03 00:25:06.924  INFO 26704 --- [user-service] [pool-5-thread-2] com.zaxxer.hikari.HikariDataSource       : HikariPool-1 - Starting...
2025-04-03 00:25:07.930  INFO 26704 --- [user-service] [pool-5-thread-3] com.zaxxer.hikari.HikariDataSource       : HikariPool-1 - Starting...
2025-04-03 00:25:08.939  INFO 26704 --- [user-service] [pool-5-thread-6] com.zaxxer.hikari.HikariDataSource       : HikariPool-1 - Starting...
2025-04-03 00:25:09.950  INFO 26704 --- [user-service] [pool-5-thread-4] com.zaxxer.hikari.HikariDataSource       : HikariPool-1 - Starting...
2025-04-03 00:25:10.961  INFO 26704 --- [user-service] [pool-5-thread-7] com.zaxxer.hikari.HikariDataSource       : HikariPool-1 - Starting...
2025-04-03 00:25:11.963  INFO 26704 --- [user-service] [pool-5-thread-5] com.zaxxer.hikari.HikariDataSource       : HikariPool-1 - Starting...
2025-04-03 00:25:12.966  INFO 26704 --- [user-service] [pool-5-thread-9] com.zaxxer.hikari.HikariDataSource       : HikariPool-1 - Starting...
2025-04-03 00:25:13.977  INFO 26704 --- [user-service] [pool-5-thread-8] com.zaxxer.hikari.HikariDataSource       : HikariPool-1 - Starting...
2025-04-03 00:25:14.991  INFO 26704 --- [user-service] [pool-5-thread-10] com.zaxxer.hikari.HikariDataSource       : HikariPool-1 - Starting...
2025-04-03 00:25:16.004  INFO 26704 --- [user-service] [pool-5-thread-1] com.zaxxer.hikari.HikariDataSource       : HikariPool-1 - Starting...
2025-04-03 00:25:17.013  INFO 26704 --- [user-service] [pool-5-thread-10] com.zaxxer.hikari.HikariDataSource       : HikariPool-1 - Starting...
2025-04-03 00:25:18.028  INFO 26704 --- [user-service] [pool-5-thread-8] com.zaxxer.hikari.HikariDataSource       : HikariPool-1 - Starting...
2025-04-03 00:25:19.039  INFO 26704 --- [user-service] [pool-5-thread-9] com.zaxxer.hikari.HikariDataSource       : HikariPool-1 - Starting...
2025-04-03 00:25:20.055  INFO 26704 --- [user-service] [pool-5-thread-5] com.zaxxer.hikari.HikariDataSource       : HikariPool-1 - Starting...
2025-04-03 00:25:21.059  INFO 26704 --- [user-service] [pool-5-thread-7] com.zaxxer.hikari.HikariDataSource       : HikariPool-1 - Starting...
2025-04-03 00:25:22.070  INFO 26704 --- [user-service] [pool-5-thread-4] com.zaxxer.hikari.HikariDataSource       : HikariPool-1 - Starting...
2025-04-03 00:25:23.078  INFO 26704 --- [user-service] [pool-5-thread-6] com.zaxxer.hikari.HikariDataSource       : HikariPool-1 - Starting...
2025-04-03 00:25:24.092  INFO 26704 --- [user-service] [pool-5-thread-3] com.zaxxer.hikari.HikariDataSource       : HikariPool-1 - Starting...
2025-04-03 00:25:25.105  INFO 26704 --- [user-service] [pool-5-thread-2] com.zaxxer.hikari.HikariDataSource       : HikariPool-1 - Starting...
2025-04-03 00:25:26.117  INFO 26704 --- [user-service] [pool-5-thread-3] com.zaxxer.hikari.HikariDataSource       : HikariPool-1 - Starting...
2025-04-03 00:25:27.128  INFO 26704 --- [user-service] [pool-5-thread-6] com.zaxxer.hikari.HikariDataSource       : HikariPool-1 - Starting...
2025-04-03 00:25:28.137  INFO 26704 --- [user-service] [pool-5-thread-4] com.zaxxer.hikari.HikariDataSource       : HikariPool-1 - Starting...
2025-04-03 00:25:29.147  INFO 26704 --- [user-service] [pool-5-thread-7] com.zaxxer.hikari.HikariDataSource       : HikariPool-1 - Starting...
2025-04-03 00:25:30.153  INFO 26704 --- [user-service] [pool-5-thread-5] com.zaxxer.hikari.HikariDataSource       : HikariPool-1 - Starting...
2025-04-03 00:25:31.164  INFO 26704 --- [user-service] [pool-5-thread-9] com.zaxxer.hikari.HikariDataSource       : HikariPool-1 - Starting...
2025-04-03 00:25:32.175  INFO 26704 --- [user-service] [pool-5-thread-8] com.zaxxer.hikari.HikariDataSource       : HikariPool-1 - Starting...
2025-04-03 00:25:33.188  INFO 26704 --- [user-service] [pool-5-thread-10] com.zaxxer.hikari.HikariDataSource       : HikariPool-1 - Starting...
2025-04-03 00:25:34.202  INFO 26704 --- [user-service] [pool-5-thread-1] com.zaxxer.hikari.HikariDataSource       : HikariPool-1 - Starting...
2025-04-03 00:25:35.216  INFO 26704 --- [user-service] [pool-5-thread-10] com.zaxxer.hikari.HikariDataSource       : HikariPool-1 - Starting...
2025-04-03 00:25:36.219  INFO 26704 --- [user-service] [pool-5-thread-8] com.zaxxer.hikari.HikariDataSource       : HikariPool-1 - Starting...
2025-04-03 00:25:37.224  INFO 26704 --- [user-service] [pool-5-thread-9] com.zaxxer.hikari.HikariDataSource       : HikariPool-1 - Starting...
2025-04-03 00:25:38.238  INFO 26704 --- [user-service] [pool-5-thread-5] com.zaxxer.hikari.HikariDataSource       : HikariPool-1 - Starting...
2025-04-03 00:25:39.252  INFO 26704 --- [user-service] [pool-5-thread-7] com.zaxxer.hikari.HikariDataSource       : HikariPool-1 - Starting...
2025-04-03 00:25:40.265  INFO 26704 --- [user-service] [pool-5-thread-4] com.zaxxer.hikari.HikariDataSource       : HikariPool-1 - Starting...
2025-04-03 00:25:41.278  INFO 26704 --- [user-service] [pool-5-thread-6] com.zaxxer.hikari.HikariDataSource       : HikariPool-1 - Starting...
2025-04-03 00:25:42.282  INFO 26704 --- [user-service] [pool-5-thread-3] com.zaxxer.hikari.HikariDataSource       : HikariPool-1 - Starting...
2025-04-03 00:25:43.284  INFO 26704 --- [user-service] [pool-5-thread-2] com.zaxxer.hikari.HikariDataSource       : HikariPool-1 - Starting...
2025-04-03 00:25:44.289  INFO 26704 --- [user-service] [pool-5-thread-3] com.zaxxer.hikari.HikariDataSource       : HikariPool-1 - Starting...
2025-04-03 00:25:45.303  INFO 26704 --- [user-service] [pool-5-thread-6] com.zaxxer.hikari.HikariDataSource       : HikariPool-1 - Starting...
2025-04-03 00:25:46.317  INFO 26704 --- [user-service] [pool-5-thread-4] com.zaxxer.hikari.HikariDataSource       : HikariPool-1 - Starting...
2025-04-03 00:25:47.329  INFO 26704 --- [user-service] [pool-5-thread-7] com.zaxxer.hikari.HikariDataSource       : HikariPool-1 - Starting...
2025-04-03 00:25:48.344  INFO 26704 --- [user-service] [pool-5-thread-5] com.zaxxer.hikari.HikariDataSource       : HikariPool-1 - Starting...
2025-04-03 00:25:49.354  INFO 26704 --- [user-service] [pool-5-thread-9] com.zaxxer.hikari.HikariDataSource       : HikariPool-1 - Starting...
2025-04-03 00:25:50.368  INFO 26704 --- [user-service] [pool-5-thread-8] com.zaxxer.hikari.HikariDataSource       : HikariPool-1 - Starting...
2025-04-03 00:25:51.379  INFO 26704 --- [user-service] [pool-5-thread-10] com.zaxxer.hikari.HikariDataSource       : HikariPool-1 - Starting...
2025-04-03 00:25:52.390  INFO 26704 --- [user-service] [pool-5-thread-1] com.zaxxer.hikari.HikariDataSource       : HikariPool-1 - Starting...
2025-04-03 00:25:53.404  INFO 26704 --- [user-service] [pool-5-thread-10] com.zaxxer.hikari.HikariDataSource       : HikariPool-1 - Starting...
2025-04-03 00:25:54.414  INFO 26704 --- [user-service] [pool-5-thread-8] com.zaxxer.hikari.HikariDataSource       : HikariPool-1 - Starting...
2025-04-03 00:25:55.426  INFO 26704 --- [user-service] [pool-5-thread-9] com.zaxxer.hikari.HikariDataSource       : HikariPool-1 - Starting...
2025-04-03 00:25:56.430  INFO 26704 --- [user-service] [pool-5-thread-5] com.zaxxer.hikari.HikariDataSource       : HikariPool-1 - Starting...
2025-04-03 00:25:57.443  INFO 26704 --- [user-service] [pool-5-thread-7] com.zaxxer.hikari.HikariDataSource       : HikariPool-1 - Starting...
2025-04-03 00:25:58.454  INFO 26704 --- [user-service] [pool-5-thread-4] com.zaxxer.hikari.HikariDataSource       : HikariPool-1 - Starting...
2025-04-03 00:25:59.456  INFO 26704 --- [user-service] [pool-5-thread-6] com.zaxxer.hikari.HikariDataSource       : HikariPool-1 - Starting...
2025-04-03 00:26:00.464  INFO 26704 --- [user-service] [pool-5-thread-3] com.zaxxer.hikari.HikariDataSource       : HikariPool-1 - Starting...
2025-04-03 00:26:01.474  INFO 26704 --- [user-service] [pool-5-thread-2] com.zaxxer.hikari.HikariDataSource       : HikariPool-1 - Starting...
2025-04-03 00:26:02.483  INFO 26704 --- [user-service] [pool-5-thread-3] com.zaxxer.hikari.HikariDataSource       : HikariPool-1 - Starting...
2025-04-03 00:26:03.497  INFO 26704 --- [user-service] [pool-5-thread-6] com.zaxxer.hikari.HikariDataSource       : HikariPool-1 - Starting...
2025-04-03 00:26:04.508  INFO 26704 --- [user-service] [pool-5-thread-4] com.zaxxer.hikari.HikariDataSource       : HikariPool-1 - Starting...
2025-04-03 00:26:05.523  INFO 26704 --- [user-service] [pool-5-thread-7] com.zaxxer.hikari.HikariDataSource       : HikariPool-1 - Starting...
2025-04-03 00:26:06.537  INFO 26704 --- [user-service] [pool-5-thread-5] com.zaxxer.hikari.HikariDataSource       : HikariPool-1 - Starting...
2025-04-03 00:26:07.539  INFO 26704 --- [user-service] [pool-5-thread-9] com.zaxxer.hikari.HikariDataSource       : HikariPool-1 - Starting...
2025-04-03 00:26:08.545  INFO 26704 --- [user-service] [pool-5-thread-8] com.zaxxer.hikari.HikariDataSource       : HikariPool-1 - Starting...
2025-04-03 00:26:09.560  INFO 26704 --- [user-service] [pool-5-thread-10] com.zaxxer.hikari.HikariDataSource       : HikariPool-1 - Starting...
2025-04-03 00:26:10.570  INFO 26704 --- [user-service] [pool-5-thread-1] com.zaxxer.hikari.HikariDataSource       : HikariPool-1 - Starting...
2025-04-03 00:26:11.584  INFO 26704 --- [user-service] [pool-5-thread-10] com.zaxxer.hikari.HikariDataSource       : HikariPool-1 - Starting...
2025-04-03 00:26:12.598  INFO 26704 --- [user-service] [pool-5-thread-8] com.zaxxer.hikari.HikariDataSource       : HikariPool-1 - Starting...
2025-04-03 00:26:13.611  INFO 26704 --- [user-service] [pool-5-thread-9] com.zaxxer.hikari.HikariDataSource       : HikariPool-1 - Starting...
2025-04-03 00:26:14.622  INFO 26704 --- [user-service] [pool-5-thread-5] com.zaxxer.hikari.HikariDataSource       : HikariPool-1 - Starting...
2025-04-03 00:26:15.638  INFO 26704 --- [user-service] [pool-5-thread-7] com.zaxxer.hikari.HikariDataSource       : HikariPool-1 - Starting...
2025-04-03 00:26:16.641  INFO 26704 --- [user-service] [pool-5-thread-4] com.zaxxer.hikari.HikariDataSource       : HikariPool-1 - Starting...
2025-04-03 00:26:17.648  INFO 26704 --- [user-service] [pool-5-thread-6] com.zaxxer.hikari.HikariDataSource       : HikariPool-1 - Starting...
2025-04-03 00:26:18.658  INFO 26704 --- [user-service] [pool-5-thread-3] com.zaxxer.hikari.HikariDataSource       : HikariPool-1 - Starting...
2025-04-03 00:26:19.669  INFO 26704 --- [user-service] [pool-5-thread-2] com.zaxxer.hikari.HikariDataSource       : HikariPool-1 - Starting...
2025-04-03 00:26:20.670  INFO 26704 --- [user-service] [pool-5-thread-3] com.zaxxer.hikari.HikariDataSource       : HikariPool-1 - Starting...
2025-04-03 00:26:21.686  INFO 26704 --- [user-service] [pool-5-thread-6] com.zaxxer.hikari.HikariDataSource       : HikariPool-1 - Starting...
2025-04-03 00:26:22.697  INFO 26704 --- [user-service] [pool-5-thread-4] com.zaxxer.hikari.HikariDataSource       : HikariPool-1 - Starting...
2025-04-03 00:26:23.709  INFO 26704 --- [user-service] [pool-5-thread-7] com.zaxxer.hikari.HikariDataSource       : HikariPool-1 - Starting...
2025-04-03 00:26:24.718  INFO 26704 --- [user-service] [pool-5-thread-5] com.zaxxer.hikari.HikariDataSource       : HikariPool-1 - Starting...
2025-04-03 00:26:25.725  INFO 26704 --- [user-service] [pool-5-thread-9] com.zaxxer.hikari.HikariDataSource       : HikariPool-1 - Starting...
2025-04-03 00:26:26.737  INFO 26704 --- [user-service] [pool-5-thread-8] com.zaxxer.hikari.HikariDataSource       : HikariPool-1 - Starting...
2025-04-03 00:26:27.753  INFO 26704 --- [user-service] [pool-5-thread-10] com.zaxxer.hikari.HikariDataSource       : HikariPool-1 - Starting...
2025-04-03 00:26:28.763  INFO 26704 --- [user-service] [pool-5-thread-1] com.zaxxer.hikari.HikariDataSource       : HikariPool-1 - Starting...
2025-04-03 00:26:29.779  INFO 26704 --- [user-service] [pool-5-thread-1] com.zaxxer.hikari.HikariDataSource       : HikariPool-1 - Starting...
2025-04-03 00:26:30.790  INFO 26704 --- [user-service] [pool-5-thread-10] com.zaxxer.hikari.HikariDataSource       : HikariPool-1 - Starting...
2025-04-03 00:26:31.803  INFO 26704 --- [user-service] [pool-5-thread-8] com.zaxxer.hikari.HikariDataSource       : HikariPool-1 - Starting...
2025-04-03 00:26:32.815  INFO 26704 --- [user-service] [pool-5-thread-9] com.zaxxer.hikari.HikariDataSource       : HikariPool-1 - Starting...
2025-04-03 00:26:33.828  INFO 26704 --- [user-service] [pool-5-thread-5] com.zaxxer.hikari.HikariDataSource       : HikariPool-1 - Starting...
2025-04-03 00:26:34.840  INFO 26704 --- [user-service] [pool-5-thread-7] com.zaxxer.hikari.HikariDataSource       : HikariPool-1 - Starting...
2025-04-03 00:26:35.846  INFO 26704 --- [user-service] [pool-5-thread-4] com.zaxxer.hikari.HikariDataSource       : HikariPool-1 - Starting...
2025-04-03 00:26:36.860  INFO 26704 --- [user-service] [pool-5-thread-6] com.zaxxer.hikari.HikariDataSource       : HikariPool-1 - Starting...
2025-04-03 00:26:37.874  INFO 26704 --- [user-service] [pool-5-thread-3] com.zaxxer.hikari.HikariDataSource       : HikariPool-1 - Starting...
2025-04-03 00:26:38.883  INFO 26704 --- [user-service] [pool-5-thread-2] com.zaxxer.hikari.HikariDataSource       : HikariPool-1 - Starting...
2025-04-03 00:26:39.896  INFO 26704 --- [user-service] [pool-5-thread-3] com.zaxxer.hikari.HikariDataSource       : HikariPool-1 - Starting...
2025-04-03 00:26:40.908  INFO 26704 --- [user-service] [pool-5-thread-6] com.zaxxer.hikari.HikariDataSource       : HikariPool-1 - Starting...
2025-04-03 00:26:41.911  INFO 26704 --- [user-service] [pool-5-thread-4] com.zaxxer.hikari.HikariDataSource       : HikariPool-1 - Starting...
2025-04-03 00:26:42.923  INFO 26704 --- [user-service] [pool-5-thread-7] com.zaxxer.hikari.HikariDataSource       : HikariPool-1 - Starting...
2025-04-03 00:26:43.939  INFO 26704 --- [user-service] [pool-5-thread-5] com.zaxxer.hikari.HikariDataSource       : HikariPool-1 - Starting...
2025-04-03 00:26:44.952  INFO 26704 --- [user-service] [pool-5-thread-9] com.zaxxer.hikari.HikariDataSource       : HikariPool-1 - Starting...
2025-04-03 00:26:45.955  INFO 26704 --- [user-service] [pool-5-thread-8] com.zaxxer.hikari.HikariDataSource       : HikariPool-1 - Starting...
2025-04-03 00:26:46.972  INFO 26704 --- [user-service] [pool-5-thread-10] com.zaxxer.hikari.HikariDataSource       : HikariPool-1 - Starting...
2025-04-03 00:26:47.986  INFO 26704 --- [user-service] [pool-5-thread-1] com.zaxxer.hikari.HikariDataSource       : HikariPool-1 - Starting...
2025-04-03 00:26:48.996  INFO 26704 --- [user-service] [pool-5-thread-10] com.zaxxer.hikari.HikariDataSource       : HikariPool-1 - Starting...
2025-04-03 00:26:50.011  INFO 26704 --- [user-service] [pool-5-thread-8] com.zaxxer.hikari.HikariDataSource       : HikariPool-1 - Starting...
2025-04-03 00:26:51.024  INFO 26704 --- [user-service] [pool-5-thread-9] com.zaxxer.hikari.HikariDataSource       : HikariPool-1 - Starting...
2025-04-03 00:26:52.034  INFO 26704 --- [user-service] [pool-5-thread-5] com.zaxxer.hikari.HikariDataSource       : HikariPool-1 - Starting...
2025-04-03 00:26:53.048  INFO 26704 --- [user-service] [pool-5-thread-7] com.zaxxer.hikari.HikariDataSource       : HikariPool-1 - Starting...
2025-04-03 00:26:54.057  INFO 26704 --- [user-service] [pool-5-thread-4] com.zaxxer.hikari.HikariDataSource       : HikariPool-1 - Starting...
2025-04-03 00:26:55.070  INFO 26704 --- [user-service] [pool-5-thread-6] com.zaxxer.hikari.HikariDataSource       : HikariPool-1 - Starting...
2025-04-03 00:26:56.082  INFO 26704 --- [user-service] [pool-5-thread-3] com.zaxxer.hikari.HikariDataSource       : HikariPool-1 - Starting...
2025-04-03 00:26:57.097  INFO 26704 --- [user-service] [pool-5-thread-2] com.zaxxer.hikari.HikariDataSource       : HikariPool-1 - Starting...
2025-04-03 00:26:58.100  INFO 26704 --- [user-service] [pool-5-thread-3] com.zaxxer.hikari.HikariDataSource       : HikariPool-1 - Starting...
2025-04-03 00:26:59.104  INFO 26704 --- [user-service] [pool-5-thread-6] com.zaxxer.hikari.HikariDataSource       : HikariPool-1 - Starting...
2025-04-03 00:27:00.107  INFO 26704 --- [user-service] [pool-5-thread-4] com.zaxxer.hikari.HikariDataSource       : HikariPool-1 - Starting...
2025-04-03 00:27:01.119  INFO 26704 --- [user-service] [pool-5-thread-7] com.zaxxer.hikari.HikariDataSource       : HikariPool-1 - Starting...
2025-04-03 00:27:02.127  INFO 26704 --- [user-service] [pool-5-thread-5] com.zaxxer.hikari.HikariDataSource       : HikariPool-1 - Starting...
2025-04-03 00:27:03.132  INFO 26704 --- [user-service] [pool-5-thread-9] com.zaxxer.hikari.HikariDataSource       : HikariPool-1 - Starting...
2025-04-03 00:27:04.135  INFO 26704 --- [user-service] [pool-5-thread-8] com.zaxxer.hikari.HikariDataSource       : HikariPool-1 - Starting...
2025-04-03 00:27:05.142  INFO 26704 --- [user-service] [pool-5-thread-10] com.zaxxer.hikari.HikariDataSource       : HikariPool-1 - Starting...
2025-04-03 00:27:06.144  INFO 26704 --- [user-service] [pool-5-thread-1] com.zaxxer.hikari.HikariDataSource       : HikariPool-1 - Starting...
2025-04-03 00:27:07.150  INFO 26704 --- [user-service] [pool-5-thread-10] com.zaxxer.hikari.HikariDataSource       : HikariPool-1 - Starting...
2025-04-03 00:27:08.164  INFO 26704 --- [user-service] [pool-5-thread-8] com.zaxxer.hikari.HikariDataSource       : HikariPool-1 - Starting...
2025-04-03 00:27:09.171  INFO 26704 --- [user-service] [pool-5-thread-9] com.zaxxer.hikari.HikariDataSource       : HikariPool-1 - Starting...
2025-04-03 00:27:10.187  INFO 26704 --- [user-service] [pool-5-thread-5] com.zaxxer.hikari.HikariDataSource       : HikariPool-1 - Starting...
2025-04-03 00:27:11.193  INFO 26704 --- [user-service] [pool-5-thread-7] com.zaxxer.hikari.HikariDataSource       : HikariPool-1 - Starting...
2025-04-03 00:27:12.196  INFO 26704 --- [user-service] [pool-5-thread-4] com.zaxxer.hikari.HikariDataSource       : HikariPool-1 - Starting...
2025-04-03 00:27:13.202  INFO 26704 --- [user-service] [pool-5-thread-6] com.zaxxer.hikari.HikariDataSource       : HikariPool-1 - Starting...
2025-04-03 00:27:14.204  INFO 26704 --- [user-service] [pool-5-thread-3] com.zaxxer.hikari.HikariDataSource       : HikariPool-1 - Starting...
2025-04-03 00:27:15.212  INFO 26704 --- [user-service] [pool-5-thread-2] com.zaxxer.hikari.HikariDataSource       : HikariPool-1 - Starting...
2025-04-03 00:27:16.220  INFO 26704 --- [user-service] [pool-5-thread-3] com.zaxxer.hikari.HikariDataSource       : HikariPool-1 - Starting...
2025-04-03 00:27:17.232  INFO 26704 --- [user-service] [pool-5-thread-6] com.zaxxer.hikari.HikariDataSource       : HikariPool-1 - Starting...
2025-04-03 00:27:18.238  INFO 26704 --- [user-service] [pool-5-thread-4] com.zaxxer.hikari.HikariDataSource       : HikariPool-1 - Starting...
2025-04-03 00:27:19.251  INFO 26704 --- [user-service] [pool-5-thread-7] com.zaxxer.hikari.HikariDataSource       : HikariPool-1 - Starting...
2025-04-03 00:27:20.257  INFO 26704 --- [user-service] [pool-5-thread-5] com.zaxxer.hikari.HikariDataSource       : HikariPool-1 - Starting...
2025-04-03 00:27:21.263  INFO 26704 --- [user-service] [pool-5-thread-9] com.zaxxer.hikari.HikariDataSource       : HikariPool-1 - Starting...
2025-04-03 00:27:22.273  INFO 26704 --- [user-service] [pool-5-thread-8] com.zaxxer.hikari.HikariDataSource       : HikariPool-1 - Starting...
2025-04-03 00:27:23.287  INFO 26704 --- [user-service] [pool-5-thread-10] com.zaxxer.hikari.HikariDataSource       : HikariPool-1 - Starting...
2025-04-03 00:27:24.294  INFO 26704 --- [user-service] [pool-5-thread-1] com.zaxxer.hikari.HikariDataSource       : HikariPool-1 - Starting...
2025-04-03 00:27:25.300  INFO 26704 --- [user-service] [pool-5-thread-10] com.zaxxer.hikari.HikariDataSource       : HikariPool-1 - Starting...
2025-04-03 00:27:26.306  INFO 26704 --- [user-service] [pool-5-thread-8] com.zaxxer.hikari.HikariDataSource       : HikariPool-1 - Starting...
2025-04-03 00:27:27.322  INFO 26704 --- [user-service] [pool-5-thread-9] com.zaxxer.hikari.HikariDataSource       : HikariPool-1 - Starting...
2025-04-03 00:27:28.324  INFO 26704 --- [user-service] [pool-5-thread-5] com.zaxxer.hikari.HikariDataSource       : HikariPool-1 - Starting...
2025-04-03 00:27:29.333  INFO 26704 --- [user-service] [pool-5-thread-7] com.zaxxer.hikari.HikariDataSource       : HikariPool-1 - Starting...
2025-04-03 00:27:30.337  INFO 26704 --- [user-service] [pool-5-thread-4] com.zaxxer.hikari.HikariDataSource       : HikariPool-1 - Starting...
2025-04-03 00:27:31.350  INFO 26704 --- [user-service] [pool-5-thread-6] com.zaxxer.hikari.HikariDataSource       : HikariPool-1 - Starting...
2025-04-03 00:27:32.355  INFO 26704 --- [user-service] [pool-5-thread-3] com.zaxxer.hikari.HikariDataSource       : HikariPool-1 - Starting...
2025-04-03 00:27:33.361  INFO 26704 --- [user-service] [pool-5-thread-2] com.zaxxer.hikari.HikariDataSource       : HikariPool-1 - Starting...
2025-04-03 00:27:34.365  INFO 26704 --- [user-service] [pool-5-thread-3] com.zaxxer.hikari.HikariDataSource       : HikariPool-1 - Starting...
2025-04-03 00:27:35.377  INFO 26704 --- [user-service] [pool-5-thread-6] com.zaxxer.hikari.HikariDataSource       : HikariPool-1 - Starting...
2025-04-03 00:27:36.379  INFO 26704 --- [user-service] [pool-5-thread-4] com.zaxxer.hikari.HikariDataSource       : HikariPool-1 - Starting...
2025-04-03 00:27:37.394  INFO 26704 --- [user-service] [pool-5-thread-7] com.zaxxer.hikari.HikariDataSource       : HikariPool-1 - Starting...
2025-04-03 00:27:38.398  INFO 26704 --- [user-service] [pool-5-thread-5] com.zaxxer.hikari.HikariDataSource       : HikariPool-1 - Starting...
2025-04-03 00:27:39.404  INFO 26704 --- [user-service] [pool-5-thread-9] com.zaxxer.hikari.HikariDataSource       : HikariPool-1 - Starting...
2025-04-03 00:27:40.408  INFO 26704 --- [user-service] [pool-5-thread-8] com.zaxxer.hikari.HikariDataSource       : HikariPool-1 - Starting...
2025-04-03 00:27:41.422  INFO 26704 --- [user-service] [pool-5-thread-10] com.zaxxer.hikari.HikariDataSource       : HikariPool-1 - Starting...
2025-04-03 00:27:42.423  INFO 26704 --- [user-service] [pool-5-thread-1] com.zaxxer.hikari.HikariDataSource       : HikariPool-1 - Starting...
2025-04-03 00:27:43.431  INFO 26704 --- [user-service] [pool-5-thread-10] com.zaxxer.hikari.HikariDataSource       : HikariPool-1 - Starting...
2025-04-03 00:27:44.441  INFO 26704 --- [user-service] [pool-5-thread-8] com.zaxxer.hikari.HikariDataSource       : HikariPool-1 - Starting...
2025-04-03 00:27:45.456  INFO 26704 --- [user-service] [pool-5-thread-9] com.zaxxer.hikari.HikariDataSource       : HikariPool-1 - Starting...
2025-04-03 00:27:46.459  INFO 26704 --- [user-service] [pool-5-thread-5] com.zaxxer.hikari.HikariDataSource       : HikariPool-1 - Starting...
2025-04-03 00:27:47.468  INFO 26704 --- [user-service] [pool-5-thread-7] com.zaxxer.hikari.HikariDataSource       : HikariPool-1 - Starting...
2025-04-03 00:27:48.471  INFO 26704 --- [user-service] [pool-5-thread-4] com.zaxxer.hikari.HikariDataSource       : HikariPool-1 - Starting...
2025-04-03 00:27:49.474  INFO 26704 --- [user-service] [pool-5-thread-6] com.zaxxer.hikari.HikariDataSource       : HikariPool-1 - Starting...
2025-04-03 00:27:50.478  INFO 26704 --- [user-service] [pool-5-thread-3] com.zaxxer.hikari.HikariDataSource       : HikariPool-1 - Starting...
2025-04-03 00:27:51.493  INFO 26704 --- [user-service] [pool-5-thread-2] com.zaxxer.hikari.HikariDataSource       : HikariPool-1 - Starting...
2025-04-03 00:27:52.499  INFO 26704 --- [user-service] [pool-5-thread-3] com.zaxxer.hikari.HikariDataSource       : HikariPool-1 - Starting...
2025-04-03 00:27:53.509  INFO 26704 --- [user-service] [pool-5-thread-6] com.zaxxer.hikari.HikariDataSource       : HikariPool-1 - Starting...
2025-04-03 00:27:54.514  INFO 26704 --- [user-service] [pool-5-thread-4] com.zaxxer.hikari.HikariDataSource       : HikariPool-1 - Starting...
2025-04-03 00:27:55.520  INFO 26704 --- [user-service] [pool-5-thread-7] com.zaxxer.hikari.HikariDataSource       : HikariPool-1 - Starting...
2025-04-03 00:27:56.526  INFO 26704 --- [user-service] [pool-5-thread-5] com.zaxxer.hikari.HikariDataSource       : HikariPool-1 - Starting...
2025-04-03 00:27:57.535  INFO 26704 --- [user-service] [pool-5-thread-9] com.zaxxer.hikari.HikariDataSource       : HikariPool-1 - Starting...
2025-04-03 00:27:58.545  INFO 26704 --- [user-service] [pool-5-thread-8] com.zaxxer.hikari.HikariDataSource       : HikariPool-1 - Starting...
2025-04-03 00:27:59.553  INFO 26704 --- [user-service] [pool-5-thread-10] com.zaxxer.hikari.HikariDataSource       : HikariPool-1 - Starting...
2025-04-03 00:28:00.557  INFO 26704 --- [user-service] [pool-5-thread-1] com.zaxxer.hikari.HikariDataSource       : HikariPool-1 - Starting...
2025-04-03 00:28:01.563  INFO 26704 --- [user-service] [pool-5-thread-10] com.zaxxer.hikari.HikariDataSource       : HikariPool-1 - Starting...
2025-04-03 00:28:02.567  INFO 26704 --- [user-service] [pool-5-thread-8] com.zaxxer.hikari.HikariDataSource       : HikariPool-1 - Starting...
2025-04-03 00:28:03.569  INFO 26704 --- [user-service] [pool-5-thread-9] com.zaxxer.hikari.HikariDataSource       : HikariPool-1 - Starting...
2025-04-03 00:28:03.943  INFO 26704 --- [user-service] [nacos.client.config.listener.task-0] c.a.c.n.refresh.NacosContextRefresher    : [Nacos Config] Receive Nacos config change: dataId=shared-sentinel.yaml, group=DEFAULT_GROUP
2025-04-03 00:28:04.573  INFO 26704 --- [user-service] [pool-5-thread-5] com.zaxxer.hikari.HikariDataSource       : HikariPool-1 - Starting...
2025-04-03 00:28:05.179  INFO 26704 --- [user-service] [nacos.client.config.listener.task-0] o.s.cloud.commons.util.InetUtils         : Cannot determine local hostname
2025-04-03 00:28:05.208  INFO 26704 --- [user-service] [nacos.client.config.listener.task-0] c.a.c.n.c.NacosConfigDataLoader          : [Nacos Config] Load config[dataId=shared-sentinel.yaml, group=DEFAULT_GROUP] success
2025-04-03 00:28:05.208  INFO 26704 --- [user-service] [nacos.client.config.listener.task-0] c.a.c.n.c.NacosConfigDataLoader          : [Nacos Config] Load config[dataId=shared-log.yaml, group=DEFAULT_GROUP] success
2025-04-03 00:28:05.208  INFO 26704 --- [user-service] [nacos.client.config.listener.task-0] c.a.c.n.c.NacosConfigDataLoader          : [Nacos Config] Load config[dataId=shared-jdbc.yaml, group=DEFAULT_GROUP] success
2025-04-03 00:28:05.274  INFO 26704 --- [user-service] [nacos.client.config.listener.task-0] c.c.c.ConfigServicePropertySourceLocator : Fetching config from server at : http://localhost:8888
2025-04-03 00:28:05.278  INFO 26704 --- [user-service] [nacos.client.config.listener.task-0] c.c.c.ConfigServicePropertySourceLocator : Exception on Url - http://localhost:8888:org.springframework.web.client.ResourceAccessException: I/O error on GET request for "http://localhost:8888/user-service/dev": Connection refused: getsockopt. Will be trying the next url if available
2025-04-03 00:28:05.278  WARN 26704 --- [user-service] [nacos.client.config.listener.task-0] c.c.c.ConfigServicePropertySourceLocator : Could not locate PropertySource: I/O error on GET request for "http://localhost:8888/user-service/dev": Connection refused: getsockopt
2025-04-03 00:28:05.285  INFO 26704 --- [user-service] [nacos.client.config.listener.task-0] o.s.boot.SpringApplication               : The following 1 profile is active: "dev"
2025-04-03 00:28:05.289  INFO 26704 --- [user-service] [nacos.client.config.listener.task-0] o.s.boot.SpringApplication               : Started application in 1.339 seconds (process running for 1225.717)
2025-04-03 00:28:05.334  INFO 26704 --- [user-service] [nacos.client.config.listener.task-0] o.s.c.e.event.RefreshEventListener       : Refresh keys changed: [spring.sentinel.transport.client-ip]
2025-04-03 00:28:05.585  INFO 26704 --- [user-service] [pool-5-thread-7] com.zaxxer.hikari.HikariDataSource       : HikariPool-1 - Starting...
2025-04-03 00:28:06.587  INFO 26704 --- [user-service] [pool-5-thread-4] com.zaxxer.hikari.HikariDataSource       : HikariPool-1 - Starting...
2025-04-03 00:28:07.600  INFO 26704 --- [user-service] [pool-5-thread-6] com.zaxxer.hikari.HikariDataSource       : HikariPool-1 - Starting...
2025-04-03 00:28:08.606  INFO 26704 --- [user-service] [pool-5-thread-3] com.zaxxer.hikari.HikariDataSource       : HikariPool-1 - Starting...
2025-04-03 00:28:09.615  INFO 26704 --- [user-service] [pool-5-thread-2] com.zaxxer.hikari.HikariDataSource       : HikariPool-1 - Starting...
2025-04-03 00:28:10.618  INFO 26704 --- [user-service] [pool-5-thread-3] com.zaxxer.hikari.HikariDataSource       : HikariPool-1 - Starting...
2025-04-03 00:28:11.624  INFO 26704 --- [user-service] [pool-5-thread-6] com.zaxxer.hikari.HikariDataSource       : HikariPool-1 - Starting...
2025-04-03 00:28:11.832  WARN 26704 --- [user-service] [Thread-8] c.a.nacos.common.notify.NotifyCenter     : [NotifyCenter] Start destroying Publisher
2025-04-03 00:28:11.832  WARN 26704 --- [user-service] [Thread-1] c.a.n.common.executor.ThreadPoolManager  : [ThreadPoolManager] Start destroying ThreadPool
2025-04-03 00:28:11.832  WARN 26704 --- [user-service] [Thread-8] c.a.nacos.common.notify.NotifyCenter     : [NotifyCenter] Destruction of the end
2025-04-03 00:28:11.832  WARN 26704 --- [user-service] [Thread-6] c.a.n.common.http.HttpClientBeanHolder   : [HttpClientBeanHolder] Start destroying common HttpClient
2025-04-03 00:28:11.833  WARN 26704 --- [user-service] [Thread-1] c.a.n.common.executor.ThreadPoolManager  : [ThreadPoolManager] Destruction of the end
2025-04-03 00:28:11.833  WARN 26704 --- [user-service] [Thread-6] c.a.n.common.http.HttpClientBeanHolder   : [HttpClientBeanHolder] Destruction of the end
2025-04-03 00:28:11.836  INFO 26704 --- [user-service] [SpringApplicationShutdownHook] o.s.b.w.e.tomcat.GracefulShutdown        : Commencing graceful shutdown. Waiting for active requests to complete
2025-04-03 00:28:11.843  INFO 26704 --- [user-service] [tomcat-shutdown] o.s.b.w.e.tomcat.GracefulShutdown        : Graceful shutdown complete
2025-04-03 00:28:11.848  INFO 26704 --- [user-service] [SpringApplicationShutdownHook] c.a.c.n.registry.NacosServiceRegistry    : De-registering from Nacos Server now...
2025-04-03 00:28:11.857  INFO 26704 --- [user-service] [SpringApplicationShutdownHook] c.a.c.n.registry.NacosServiceRegistry    : De-registration finished.
2025-04-03 00:28:20.948  INFO 28532 --- [user-service] [main] c.a.c.n.c.NacosConfigDataLoader          : [Nacos Config] Load config[dataId=shared-sentinel.yaml, group=DEFAULT_GROUP] success
2025-04-03 00:28:20.948  INFO 28532 --- [user-service] [main] c.a.c.n.c.NacosConfigDataLoader          : [Nacos Config] Load config[dataId=shared-log.yaml, group=DEFAULT_GROUP] success
2025-04-03 00:28:20.948  INFO 28532 --- [user-service] [main] c.a.c.n.c.NacosConfigDataLoader          : [Nacos Config] Load config[dataId=shared-jdbc.yaml, group=DEFAULT_GROUP] success
2025-04-03 00:28:22.270  INFO 28532 --- [user-service] [main] c.c.c.ConfigServicePropertySourceLocator : Fetching config from server at : http://localhost:8888
2025-04-03 00:28:22.312  INFO 28532 --- [user-service] [main] c.c.c.ConfigServicePropertySourceLocator : Exception on Url - http://localhost:8888:org.springframework.web.client.ResourceAccessException: I/O error on GET request for "http://localhost:8888/user-service/dev": Connection refused: getsockopt. Will be trying the next url if available
2025-04-03 00:28:22.312  WARN 28532 --- [user-service] [main] c.c.c.ConfigServicePropertySourceLocator : Could not locate PropertySource: I/O error on GET request for "http://localhost:8888/user-service/dev": Connection refused: getsockopt
2025-04-03 00:28:22.320  INFO 28532 --- [user-service] [main] com.smileShark.user.UserApplication      : The following 1 profile is active: "dev"
2025-04-03 00:28:22.331  INFO 28532 --- [user-service] [main] c.a.c.n.c.NacosConfigDataLoader          : [Nacos Config] Load config[dataId=shared-sentinel.yaml, group=DEFAULT_GROUP] success
2025-04-03 00:28:22.331  INFO 28532 --- [user-service] [main] c.a.c.n.c.NacosConfigDataLoader          : [Nacos Config] Load config[dataId=shared-log.yaml, group=DEFAULT_GROUP] success
2025-04-03 00:28:22.331  INFO 28532 --- [user-service] [main] c.a.c.n.c.NacosConfigDataLoader          : [Nacos Config] Load config[dataId=shared-jdbc.yaml, group=DEFAULT_GROUP] success
2025-04-03 00:28:22.857  INFO 28532 --- [user-service] [main] o.s.cloud.context.scope.GenericScope     : BeanFactory id=192969dd-a094-3fbb-b557-bbec810de7e4
2025-04-03 00:28:22.878  WARN 28532 --- [user-service] [main] trationDelegate$BeanPostProcessorChecker : Bean 'com.alibaba.cloud.nacos.NacosConfigAutoConfiguration' of type [com.alibaba.cloud.nacos.NacosConfigAutoConfiguration] is not eligible for getting processed by all BeanPostProcessors (for example: not eligible for auto-proxying). The currently created BeanPostProcessor [nacosAnnotationProcessor] is declared through a non-static factory method on that class; consider declaring it as static instead.
2025-04-03 00:28:23.217  INFO 28532 --- [user-service] [main] o.s.b.w.embedded.tomcat.TomcatWebServer  : Tomcat initialized with port 8084 (http)
2025-04-03 00:28:23.219  INFO 28532 --- [user-service] [main] o.a.catalina.core.AprLifecycleListener   : An older version [1.3.1] of the Apache Tomcat Native library is installed, while Tomcat recommends a minimum version of [2.0.5]
2025-04-03 00:28:23.219  INFO 28532 --- [user-service] [main] o.a.catalina.core.AprLifecycleListener   : Loaded Apache Tomcat Native library [1.3.1] using APR version [1.7.4].
2025-04-03 00:28:23.222  INFO 28532 --- [user-service] [main] o.a.catalina.core.AprLifecycleListener   : OpenSSL successfully initialized [OpenSSL 3.0.14 4 Jun 2024]
2025-04-03 00:28:23.231  INFO 28532 --- [user-service] [main] o.apache.catalina.core.StandardService   : Starting service [Tomcat]
2025-04-03 00:28:23.231  INFO 28532 --- [user-service] [main] o.apache.catalina.core.StandardEngine    : Starting Servlet engine: [Apache Tomcat/10.1.36]
2025-04-03 00:28:23.269  INFO 28532 --- [user-service] [main] o.a.c.c.C.[Tomcat].[localhost].[/]       : Initializing Spring embedded WebApplicationContext
2025-04-03 00:28:23.269  INFO 28532 --- [user-service] [main] w.s.c.ServletWebServerApplicationContext : Root WebApplicationContext: initialization completed in 938 ms
2025-04-03 00:28:23.499  INFO 28532 --- [user-service] [main] c.a.c.sentinel.SentinelWebMvcConfigurer  : [Sentinel Starter] register SentinelWebInterceptor with urlPatterns: [/**].
2025-04-03 00:28:24.655  INFO 28532 --- [user-service] [main] o.s.cloud.commons.util.InetUtils         : Cannot determine local hostname
2025-04-03 00:28:25.765  INFO 28532 --- [user-service] [main] o.s.cloud.commons.util.InetUtils         : Cannot determine local hostname
2025-04-03 00:28:25.784  WARN 28532 --- [user-service] [main] iguration$LoadBalancerCaffeineWarnLogger : Spring Cloud LoadBalancer is currently working with the default cache. While this cache implementation is useful for development and tests, it's recommended to use Caffeine cache in production.You can switch to using Caffeine cache, by adding it and org.springframework.cache.caffeine.CaffeineCacheManager to the classpath.
2025-04-03 00:28:25.835  INFO 28532 --- [user-service] [main] o.s.b.w.embedded.tomcat.TomcatWebServer  : Tomcat started on port 8084 (http) with context path '/'
2025-04-03 00:28:25.851  INFO 28532 --- [user-service] [main] c.a.n.p.a.s.c.ClientAuthPluginManager    : [ClientAuthPluginManager] Load ClientAuthService com.alibaba.nacos.client.auth.impl.NacosClientAuthServiceImpl success.
2025-04-03 00:28:25.851  INFO 28532 --- [user-service] [main] c.a.n.p.a.s.c.ClientAuthPluginManager    : [ClientAuthPluginManager] Load ClientAuthService com.alibaba.nacos.client.auth.ram.RamClientAuthServiceImpl success.
2025-04-03 00:28:25.986  INFO 28532 --- [user-service] [main] c.a.c.n.registry.NacosServiceRegistry    : nacos registry, DEFAULT_GROUP user-service 10.0.13.16:8084 register finished
2025-04-03 00:28:27.001  INFO 28532 --- [user-service] [main] o.s.cloud.commons.util.InetUtils         : Cannot determine local hostname
2025-04-03 00:28:27.008  INFO 28532 --- [user-service] [main] com.smileShark.user.UserApplication      : Started UserApplication in 8.482 seconds (process running for 9.01)
2025-04-03 00:28:27.020  INFO 28532 --- [user-service] [main] c.a.c.n.refresh.NacosContextRefresher    : [Nacos Config] Listening config: dataId=shared-sentinel.yaml, group=DEFAULT_GROUP
2025-04-03 00:28:27.020  INFO 28532 --- [user-service] [main] c.a.c.n.refresh.NacosContextRefresher    : [Nacos Config] Listening config: dataId=shared-log.yaml, group=DEFAULT_GROUP
2025-04-03 00:28:27.021  INFO 28532 --- [user-service] [main] c.a.c.n.refresh.NacosContextRefresher    : [Nacos Config] Listening config: dataId=shared-jdbc.yaml, group=DEFAULT_GROUP
2025-04-03 00:29:21.258  INFO 28532 --- [user-service] [http-nio-8084-exec-1] o.a.c.c.C.[Tomcat].[localhost].[/]       : Initializing Spring DispatcherServlet 'dispatcherServlet'
2025-04-03 00:29:21.258  INFO 28532 --- [user-service] [http-nio-8084-exec-1] o.s.web.servlet.DispatcherServlet        : Initializing Servlet 'dispatcherServlet'
2025-04-03 00:29:21.259  INFO 28532 --- [user-service] [http-nio-8084-exec-1] o.s.web.servlet.DispatcherServlet        : Completed initialization in 0 ms
2025-04-03 00:29:21.352  INFO 28532 --- [user-service] [http-nio-8084-exec-1] c.s.user.service.imp.UserServiceImp      : 用户：320123199008210001 登录，IP地址：0:0:0:0:0:0:0:1
2025-04-03 00:29:22.495  INFO 28532 --- [user-service] [http-nio-8084-exec-1] c.s.user.service.imp.UserServiceImp      : 用户：320123199008210001 登录成功
2025-04-03 00:29:22.513  INFO 28532 --- [user-service] [pool-5-thread-1] com.zaxxer.hikari.HikariDataSource       : HikariPool-1 - Starting...
2025-04-03 00:29:40.148  INFO 28532 --- [user-service] [pool-5-thread-1] com.zaxxer.hikari.HikariDataSource       : HikariPool-1 - Starting...
2025-04-03 00:29:41.151  INFO 28532 --- [user-service] [pool-5-thread-6] com.zaxxer.hikari.HikariDataSource       : HikariPool-1 - Starting...
2025-04-03 00:29:42.167  INFO 28532 --- [user-service] [pool-5-thread-5] com.zaxxer.hikari.HikariDataSource       : HikariPool-1 - Starting...
2025-04-03 00:29:43.181  INFO 28532 --- [user-service] [pool-5-thread-4] com.zaxxer.hikari.HikariDataSource       : HikariPool-1 - Starting...
2025-04-03 00:29:44.198  INFO 28532 --- [user-service] [pool-5-thread-2] com.zaxxer.hikari.HikariDataSource       : HikariPool-1 - Starting...
2025-04-03 00:29:45.210  INFO 28532 --- [user-service] [pool-5-thread-10] com.zaxxer.hikari.HikariDataSource       : HikariPool-1 - Starting...
2025-04-03 00:29:46.213  INFO 28532 --- [user-service] [pool-5-thread-9] com.zaxxer.hikari.HikariDataSource       : HikariPool-1 - Starting...
2025-04-03 00:29:47.228  INFO 28532 --- [user-service] [pool-5-thread-8] com.zaxxer.hikari.HikariDataSource       : HikariPool-1 - Starting...
2025-04-03 00:29:48.240  INFO 28532 --- [user-service] [pool-5-thread-7] com.zaxxer.hikari.HikariDataSource       : HikariPool-1 - Starting...
2025-04-03 00:29:49.253  INFO 28532 --- [user-service] [pool-5-thread-1] com.zaxxer.hikari.HikariDataSource       : HikariPool-1 - Starting...
2025-04-03 00:29:50.256  INFO 28532 --- [user-service] [pool-5-thread-10] com.zaxxer.hikari.HikariDataSource       : HikariPool-1 - Starting...
2025-04-03 00:29:51.258  INFO 28532 --- [user-service] [pool-5-thread-8] com.zaxxer.hikari.HikariDataSource       : HikariPool-1 - Starting...
2025-04-03 00:29:52.262  INFO 28532 --- [user-service] [pool-5-thread-9] com.zaxxer.hikari.HikariDataSource       : HikariPool-1 - Starting...
2025-04-03 00:29:53.265  INFO 28532 --- [user-service] [pool-5-thread-4] com.zaxxer.hikari.HikariDataSource       : HikariPool-1 - Starting...
2025-04-03 00:29:54.268  INFO 28532 --- [user-service] [pool-5-thread-7] com.zaxxer.hikari.HikariDataSource       : HikariPool-1 - Starting...
2025-04-03 00:29:55.277  INFO 28532 --- [user-service] [pool-5-thread-5] com.zaxxer.hikari.HikariDataSource       : HikariPool-1 - Starting...
2025-04-03 00:29:56.291  INFO 28532 --- [user-service] [pool-5-thread-6] com.zaxxer.hikari.HikariDataSource       : HikariPool-1 - Starting...
2025-04-03 00:29:57.304  INFO 28532 --- [user-service] [pool-5-thread-3] com.zaxxer.hikari.HikariDataSource       : HikariPool-1 - Starting...
2025-04-03 00:29:58.313  INFO 28532 --- [user-service] [pool-5-thread-2] com.zaxxer.hikari.HikariDataSource       : HikariPool-1 - Starting...
2025-04-03 00:29:59.327  INFO 28532 --- [user-service] [pool-5-thread-3] com.zaxxer.hikari.HikariDataSource       : HikariPool-1 - Starting...
2025-04-03 00:30:00.340  INFO 28532 --- [user-service] [pool-5-thread-6] com.zaxxer.hikari.HikariDataSource       : HikariPool-1 - Starting...
2025-04-03 00:30:01.356  INFO 28532 --- [user-service] [pool-5-thread-5] com.zaxxer.hikari.HikariDataSource       : HikariPool-1 - Starting...
2025-04-03 00:30:02.371  INFO 28532 --- [user-service] [pool-5-thread-7] com.zaxxer.hikari.HikariDataSource       : HikariPool-1 - Starting...
2025-04-03 00:30:03.388  INFO 28532 --- [user-service] [pool-5-thread-4] com.zaxxer.hikari.HikariDataSource       : HikariPool-1 - Starting...
2025-04-03 00:30:04.401  INFO 28532 --- [user-service] [pool-5-thread-9] com.zaxxer.hikari.HikariDataSource       : HikariPool-1 - Starting...
2025-04-03 00:30:05.415  INFO 28532 --- [user-service] [pool-5-thread-8] com.zaxxer.hikari.HikariDataSource       : HikariPool-1 - Starting...
2025-04-03 00:30:06.427  INFO 28532 --- [user-service] [pool-5-thread-10] com.zaxxer.hikari.HikariDataSource       : HikariPool-1 - Starting...
2025-04-03 00:30:07.438  INFO 28532 --- [user-service] [pool-5-thread-1] com.zaxxer.hikari.HikariDataSource       : HikariPool-1 - Starting...
2025-04-03 00:30:08.448  INFO 28532 --- [user-service] [pool-5-thread-10] com.zaxxer.hikari.HikariDataSource       : HikariPool-1 - Starting...
2025-04-03 00:30:09.463  INFO 28532 --- [user-service] [pool-5-thread-8] com.zaxxer.hikari.HikariDataSource       : HikariPool-1 - Starting...
2025-04-03 00:30:10.477  INFO 28532 --- [user-service] [pool-5-thread-9] com.zaxxer.hikari.HikariDataSource       : HikariPool-1 - Starting...
2025-04-03 00:30:11.481  INFO 28532 --- [user-service] [pool-5-thread-4] com.zaxxer.hikari.HikariDataSource       : HikariPool-1 - Starting...
2025-04-03 00:30:12.494  INFO 28532 --- [user-service] [pool-5-thread-7] com.zaxxer.hikari.HikariDataSource       : HikariPool-1 - Starting...
2025-04-03 00:30:13.496  INFO 28532 --- [user-service] [pool-5-thread-5] com.zaxxer.hikari.HikariDataSource       : HikariPool-1 - Starting...
2025-04-03 00:30:14.504  INFO 28532 --- [user-service] [pool-5-thread-6] com.zaxxer.hikari.HikariDataSource       : HikariPool-1 - Starting...
2025-04-03 00:30:15.513  INFO 28532 --- [user-service] [pool-5-thread-3] com.zaxxer.hikari.HikariDataSource       : HikariPool-1 - Starting...
2025-04-03 00:30:16.526  INFO 28532 --- [user-service] [pool-5-thread-2] com.zaxxer.hikari.HikariDataSource       : HikariPool-1 - Starting...
2025-04-03 00:30:17.529  INFO 28532 --- [user-service] [pool-5-thread-3] com.zaxxer.hikari.HikariDataSource       : HikariPool-1 - Starting...
2025-04-03 00:30:18.541  INFO 28532 --- [user-service] [pool-5-thread-6] com.zaxxer.hikari.HikariDataSource       : HikariPool-1 - Starting...
2025-04-03 00:30:19.554  INFO 28532 --- [user-service] [pool-5-thread-5] com.zaxxer.hikari.HikariDataSource       : HikariPool-1 - Starting...
2025-04-03 00:30:20.570  INFO 28532 --- [user-service] [pool-5-thread-7] com.zaxxer.hikari.HikariDataSource       : HikariPool-1 - Starting...
2025-04-03 00:30:21.586  INFO 28532 --- [user-service] [pool-5-thread-4] com.zaxxer.hikari.HikariDataSource       : HikariPool-1 - Starting...
2025-04-03 00:30:22.600  INFO 28532 --- [user-service] [pool-5-thread-9] com.zaxxer.hikari.HikariDataSource       : HikariPool-1 - Starting...
2025-04-03 00:30:23.612  INFO 28532 --- [user-service] [pool-5-thread-8] com.zaxxer.hikari.HikariDataSource       : HikariPool-1 - Starting...
2025-04-03 00:30:24.626  INFO 28532 --- [user-service] [pool-5-thread-10] com.zaxxer.hikari.HikariDataSource       : HikariPool-1 - Starting...
2025-04-03 00:30:25.639  INFO 28532 --- [user-service] [pool-5-thread-1] com.zaxxer.hikari.HikariDataSource       : HikariPool-1 - Starting...
2025-04-03 00:30:26.650  INFO 28532 --- [user-service] [pool-5-thread-10] com.zaxxer.hikari.HikariDataSource       : HikariPool-1 - Starting...
2025-04-03 00:30:27.659  INFO 28532 --- [user-service] [pool-5-thread-8] com.zaxxer.hikari.HikariDataSource       : HikariPool-1 - Starting...
2025-04-03 00:30:28.671  INFO 28532 --- [user-service] [pool-5-thread-9] com.zaxxer.hikari.HikariDataSource       : HikariPool-1 - Starting...
2025-04-03 00:30:29.677  INFO 28532 --- [user-service] [pool-5-thread-4] com.zaxxer.hikari.HikariDataSource       : HikariPool-1 - Starting...
2025-04-03 00:30:30.681  INFO 28532 --- [user-service] [pool-5-thread-7] com.zaxxer.hikari.HikariDataSource       : HikariPool-1 - Starting...
2025-04-03 00:30:31.694  INFO 28532 --- [user-service] [pool-5-thread-5] com.zaxxer.hikari.HikariDataSource       : HikariPool-1 - Starting...
2025-04-03 00:30:32.708  INFO 28532 --- [user-service] [pool-5-thread-6] com.zaxxer.hikari.HikariDataSource       : HikariPool-1 - Starting...
2025-04-03 00:30:33.720  INFO 28532 --- [user-service] [pool-5-thread-3] com.zaxxer.hikari.HikariDataSource       : HikariPool-1 - Starting...
2025-04-03 00:30:34.736  INFO 28532 --- [user-service] [pool-5-thread-2] com.zaxxer.hikari.HikariDataSource       : HikariPool-1 - Starting...
2025-04-03 00:30:35.748  INFO 28532 --- [user-service] [pool-5-thread-3] com.zaxxer.hikari.HikariDataSource       : HikariPool-1 - Starting...
2025-04-03 00:30:36.764  INFO 28532 --- [user-service] [pool-5-thread-6] com.zaxxer.hikari.HikariDataSource       : HikariPool-1 - Starting...
2025-04-03 00:30:37.776  INFO 28532 --- [user-service] [pool-5-thread-5] com.zaxxer.hikari.HikariDataSource       : HikariPool-1 - Starting...
2025-04-03 00:30:38.779  INFO 28532 --- [user-service] [pool-5-thread-7] com.zaxxer.hikari.HikariDataSource       : HikariPool-1 - Starting...
2025-04-03 00:30:39.795  INFO 28532 --- [user-service] [pool-5-thread-4] com.zaxxer.hikari.HikariDataSource       : HikariPool-1 - Starting...
2025-04-03 00:30:40.808  INFO 28532 --- [user-service] [pool-5-thread-9] com.zaxxer.hikari.HikariDataSource       : HikariPool-1 - Starting...
2025-04-03 00:30:41.822  INFO 28532 --- [user-service] [pool-5-thread-8] com.zaxxer.hikari.HikariDataSource       : HikariPool-1 - Starting...
2025-04-03 00:30:42.838  INFO 28532 --- [user-service] [pool-5-thread-10] com.zaxxer.hikari.HikariDataSource       : HikariPool-1 - Starting...
2025-04-03 00:30:43.851  INFO 28532 --- [user-service] [pool-5-thread-1] com.zaxxer.hikari.HikariDataSource       : HikariPool-1 - Starting...
2025-04-03 00:30:44.864  INFO 28532 --- [user-service] [pool-5-thread-10] com.zaxxer.hikari.HikariDataSource       : HikariPool-1 - Starting...
2025-04-03 00:30:45.877  INFO 28532 --- [user-service] [pool-5-thread-8] com.zaxxer.hikari.HikariDataSource       : HikariPool-1 - Starting...
2025-04-03 00:30:46.890  INFO 28532 --- [user-service] [pool-5-thread-9] com.zaxxer.hikari.HikariDataSource       : HikariPool-1 - Starting...
2025-04-03 00:30:47.905  INFO 28532 --- [user-service] [pool-5-thread-4] com.zaxxer.hikari.HikariDataSource       : HikariPool-1 - Starting...
2025-04-03 00:30:48.910  INFO 28532 --- [user-service] [pool-5-thread-7] com.zaxxer.hikari.HikariDataSource       : HikariPool-1 - Starting...
2025-04-03 00:30:49.914  INFO 28532 --- [user-service] [pool-5-thread-5] com.zaxxer.hikari.HikariDataSource       : HikariPool-1 - Starting...
2025-04-03 00:30:50.927  INFO 28532 --- [user-service] [pool-5-thread-6] com.zaxxer.hikari.HikariDataSource       : HikariPool-1 - Starting...
2025-04-03 00:30:51.941  INFO 28532 --- [user-service] [pool-5-thread-3] com.zaxxer.hikari.HikariDataSource       : HikariPool-1 - Starting...
2025-04-03 00:30:52.943  INFO 28532 --- [user-service] [pool-5-thread-2] com.zaxxer.hikari.HikariDataSource       : HikariPool-1 - Starting...
2025-04-03 00:30:53.950  INFO 28532 --- [user-service] [pool-5-thread-3] com.zaxxer.hikari.HikariDataSource       : HikariPool-1 - Starting...
2025-04-03 00:30:54.963  INFO 28532 --- [user-service] [pool-5-thread-6] com.zaxxer.hikari.HikariDataSource       : HikariPool-1 - Starting...
2025-04-03 00:30:55.977  INFO 28532 --- [user-service] [pool-5-thread-5] com.zaxxer.hikari.HikariDataSource       : HikariPool-1 - Starting...
2025-04-03 00:30:56.987  INFO 28532 --- [user-service] [pool-5-thread-7] com.zaxxer.hikari.HikariDataSource       : HikariPool-1 - Starting...
2025-04-03 00:30:57.999  INFO 28532 --- [user-service] [pool-5-thread-4] com.zaxxer.hikari.HikariDataSource       : HikariPool-1 - Starting...
2025-04-03 00:30:59.013  INFO 28532 --- [user-service] [pool-5-thread-9] com.zaxxer.hikari.HikariDataSource       : HikariPool-1 - Starting...
2025-04-03 00:31:00.027  INFO 28532 --- [user-service] [pool-5-thread-8] com.zaxxer.hikari.HikariDataSource       : HikariPool-1 - Starting...
2025-04-03 00:31:01.041  INFO 28532 --- [user-service] [pool-5-thread-10] com.zaxxer.hikari.HikariDataSource       : HikariPool-1 - Starting...
2025-04-03 00:31:02.054  INFO 28532 --- [user-service] [pool-5-thread-1] com.zaxxer.hikari.HikariDataSource       : HikariPool-1 - Starting...
2025-04-03 00:31:03.056  INFO 28532 --- [user-service] [pool-5-thread-10] com.zaxxer.hikari.HikariDataSource       : HikariPool-1 - Starting...
2025-04-03 00:31:04.062  INFO 28532 --- [user-service] [pool-5-thread-8] com.zaxxer.hikari.HikariDataSource       : HikariPool-1 - Starting...
2025-04-03 00:31:05.065  INFO 28532 --- [user-service] [pool-5-thread-8] com.zaxxer.hikari.HikariDataSource       : HikariPool-1 - Starting...
2025-04-03 00:31:06.073  INFO 28532 --- [user-service] [pool-5-thread-9] com.zaxxer.hikari.HikariDataSource       : HikariPool-1 - Starting...
2025-04-03 00:31:07.080  INFO 28532 --- [user-service] [pool-5-thread-4] com.zaxxer.hikari.HikariDataSource       : HikariPool-1 - Starting...
2025-04-03 00:31:08.090  INFO 28532 --- [user-service] [pool-5-thread-7] com.zaxxer.hikari.HikariDataSource       : HikariPool-1 - Starting...
2025-04-03 00:31:09.101  INFO 28532 --- [user-service] [pool-5-thread-5] com.zaxxer.hikari.HikariDataSource       : HikariPool-1 - Starting...
2025-04-03 00:31:10.112  INFO 28532 --- [user-service] [pool-5-thread-6] com.zaxxer.hikari.HikariDataSource       : HikariPool-1 - Starting...
2025-04-03 00:31:11.127  INFO 28532 --- [user-service] [pool-5-thread-3] com.zaxxer.hikari.HikariDataSource       : HikariPool-1 - Starting...
2025-04-03 00:31:12.135  INFO 28532 --- [user-service] [pool-5-thread-2] com.zaxxer.hikari.HikariDataSource       : HikariPool-1 - Starting...
2025-04-03 00:31:13.138  INFO 28532 --- [user-service] [pool-5-thread-3] com.zaxxer.hikari.HikariDataSource       : HikariPool-1 - Starting...
2025-04-03 00:31:14.151  INFO 28532 --- [user-service] [pool-5-thread-6] com.zaxxer.hikari.HikariDataSource       : HikariPool-1 - Starting...
2025-04-03 00:31:15.166  INFO 28532 --- [user-service] [pool-5-thread-5] com.zaxxer.hikari.HikariDataSource       : HikariPool-1 - Starting...
2025-04-03 00:31:16.181  INFO 28532 --- [user-service] [pool-5-thread-7] com.zaxxer.hikari.HikariDataSource       : HikariPool-1 - Starting...
2025-04-03 00:31:17.184  INFO 28532 --- [user-service] [pool-5-thread-4] com.zaxxer.hikari.HikariDataSource       : HikariPool-1 - Starting...
2025-04-03 00:31:18.193  INFO 28532 --- [user-service] [pool-5-thread-9] com.zaxxer.hikari.HikariDataSource       : HikariPool-1 - Starting...
2025-04-03 00:31:19.207  INFO 28532 --- [user-service] [pool-5-thread-8] com.zaxxer.hikari.HikariDataSource       : HikariPool-1 - Starting...
2025-04-03 00:31:20.218  INFO 28532 --- [user-service] [pool-5-thread-10] com.zaxxer.hikari.HikariDataSource       : HikariPool-1 - Starting...
2025-04-03 00:31:21.226  INFO 28532 --- [user-service] [pool-5-thread-1] com.zaxxer.hikari.HikariDataSource       : HikariPool-1 - Starting...
2025-04-03 00:31:22.243  INFO 28532 --- [user-service] [pool-5-thread-10] com.zaxxer.hikari.HikariDataSource       : HikariPool-1 - Starting...
2025-04-03 00:31:23.250  INFO 28532 --- [user-service] [pool-5-thread-8] com.zaxxer.hikari.HikariDataSource       : HikariPool-1 - Starting...
2025-04-03 00:31:24.264  INFO 28532 --- [user-service] [pool-5-thread-9] com.zaxxer.hikari.HikariDataSource       : HikariPool-1 - Starting...
2025-04-03 00:31:25.280  INFO 28532 --- [user-service] [pool-5-thread-4] com.zaxxer.hikari.HikariDataSource       : HikariPool-1 - Starting...
2025-04-03 00:31:26.294  INFO 28532 --- [user-service] [pool-5-thread-7] com.zaxxer.hikari.HikariDataSource       : HikariPool-1 - Starting...
2025-04-03 00:31:27.308  INFO 28532 --- [user-service] [pool-5-thread-5] com.zaxxer.hikari.HikariDataSource       : HikariPool-1 - Starting...
2025-04-03 00:31:28.323  INFO 28532 --- [user-service] [pool-5-thread-6] com.zaxxer.hikari.HikariDataSource       : HikariPool-1 - Starting...
2025-04-03 00:31:29.340  INFO 28532 --- [user-service] [pool-5-thread-3] com.zaxxer.hikari.HikariDataSource       : HikariPool-1 - Starting...
2025-04-03 00:31:30.347  INFO 28532 --- [user-service] [pool-5-thread-2] com.zaxxer.hikari.HikariDataSource       : HikariPool-1 - Starting...
2025-04-03 00:31:31.361  INFO 28532 --- [user-service] [pool-5-thread-3] com.zaxxer.hikari.HikariDataSource       : HikariPool-1 - Starting...
2025-04-03 00:31:32.372  INFO 28532 --- [user-service] [pool-5-thread-6] com.zaxxer.hikari.HikariDataSource       : HikariPool-1 - Starting...
2025-04-03 00:31:33.385  INFO 28532 --- [user-service] [pool-5-thread-5] com.zaxxer.hikari.HikariDataSource       : HikariPool-1 - Starting...
2025-04-03 00:31:34.402  INFO 28532 --- [user-service] [pool-5-thread-7] com.zaxxer.hikari.HikariDataSource       : HikariPool-1 - Starting...
2025-04-03 00:31:35.414  INFO 28532 --- [user-service] [pool-5-thread-4] com.zaxxer.hikari.HikariDataSource       : HikariPool-1 - Starting...
2025-04-03 00:31:36.425  INFO 28532 --- [user-service] [pool-5-thread-9] com.zaxxer.hikari.HikariDataSource       : HikariPool-1 - Starting...
2025-04-03 00:31:37.430  INFO 28532 --- [user-service] [pool-5-thread-8] com.zaxxer.hikari.HikariDataSource       : HikariPool-1 - Starting...
2025-04-03 00:31:38.440  INFO 28532 --- [user-service] [pool-5-thread-10] com.zaxxer.hikari.HikariDataSource       : HikariPool-1 - Starting...
2025-04-03 00:31:39.442  INFO 28532 --- [user-service] [pool-5-thread-1] com.zaxxer.hikari.HikariDataSource       : HikariPool-1 - Starting...
2025-04-03 00:31:40.450  INFO 28532 --- [user-service] [pool-5-thread-10] com.zaxxer.hikari.HikariDataSource       : HikariPool-1 - Starting...
2025-04-03 00:31:41.452  INFO 28532 --- [user-service] [pool-5-thread-8] com.zaxxer.hikari.HikariDataSource       : HikariPool-1 - Starting...
2025-04-03 00:31:42.455  INFO 28532 --- [user-service] [pool-5-thread-9] com.zaxxer.hikari.HikariDataSource       : HikariPool-1 - Starting...
2025-04-03 00:31:43.467  INFO 28532 --- [user-service] [pool-5-thread-4] com.zaxxer.hikari.HikariDataSource       : HikariPool-1 - Starting...
2025-04-03 00:31:44.477  INFO 28532 --- [user-service] [pool-5-thread-7] com.zaxxer.hikari.HikariDataSource       : HikariPool-1 - Starting...
2025-04-03 00:31:45.489  INFO 28532 --- [user-service] [pool-5-thread-5] com.zaxxer.hikari.HikariDataSource       : HikariPool-1 - Starting...
2025-04-03 00:31:46.503  INFO 28532 --- [user-service] [pool-5-thread-6] com.zaxxer.hikari.HikariDataSource       : HikariPool-1 - Starting...
2025-04-03 00:31:47.517  INFO 28532 --- [user-service] [pool-5-thread-3] com.zaxxer.hikari.HikariDataSource       : HikariPool-1 - Starting...
2025-04-03 00:31:48.528  INFO 28532 --- [user-service] [pool-5-thread-2] com.zaxxer.hikari.HikariDataSource       : HikariPool-1 - Starting...
2025-04-03 00:31:49.541  INFO 28532 --- [user-service] [pool-5-thread-3] com.zaxxer.hikari.HikariDataSource       : HikariPool-1 - Starting...
2025-04-03 00:31:50.556  INFO 28532 --- [user-service] [pool-5-thread-6] com.zaxxer.hikari.HikariDataSource       : HikariPool-1 - Starting...
2025-04-03 00:31:51.566  INFO 28532 --- [user-service] [pool-5-thread-5] com.zaxxer.hikari.HikariDataSource       : HikariPool-1 - Starting...
2025-04-03 00:31:52.578  INFO 28532 --- [user-service] [pool-5-thread-7] com.zaxxer.hikari.HikariDataSource       : HikariPool-1 - Starting...
2025-04-03 00:31:53.588  INFO 28532 --- [user-service] [pool-5-thread-4] com.zaxxer.hikari.HikariDataSource       : HikariPool-1 - Starting...
2025-04-03 00:31:54.604  INFO 28532 --- [user-service] [pool-5-thread-9] com.zaxxer.hikari.HikariDataSource       : HikariPool-1 - Starting...
2025-04-03 00:31:55.608  INFO 28532 --- [user-service] [pool-5-thread-8] com.zaxxer.hikari.HikariDataSource       : HikariPool-1 - Starting...
2025-04-03 00:31:56.625  INFO 28532 --- [user-service] [pool-5-thread-10] com.zaxxer.hikari.HikariDataSource       : HikariPool-1 - Starting...
2025-04-03 00:31:57.630  INFO 28532 --- [user-service] [pool-5-thread-10] com.zaxxer.hikari.HikariDataSource       : HikariPool-1 - Starting...
2025-04-03 00:31:58.643  INFO 28532 --- [user-service] [pool-5-thread-1] com.zaxxer.hikari.HikariDataSource       : HikariPool-1 - Starting...
2025-04-03 00:31:59.654  INFO 28532 --- [user-service] [pool-5-thread-10] com.zaxxer.hikari.HikariDataSource       : HikariPool-1 - Starting...
2025-04-03 00:32:00.667  INFO 28532 --- [user-service] [pool-5-thread-8] com.zaxxer.hikari.HikariDataSource       : HikariPool-1 - Starting...
2025-04-03 00:32:01.683  INFO 28532 --- [user-service] [pool-5-thread-9] com.zaxxer.hikari.HikariDataSource       : HikariPool-1 - Starting...
2025-04-03 00:32:02.694  INFO 28532 --- [user-service] [pool-5-thread-4] com.zaxxer.hikari.HikariDataSource       : HikariPool-1 - Starting...
2025-04-03 00:32:03.712  INFO 28532 --- [user-service] [pool-5-thread-7] com.zaxxer.hikari.HikariDataSource       : HikariPool-1 - Starting...
2025-04-03 00:32:04.726  INFO 28532 --- [user-service] [pool-5-thread-5] com.zaxxer.hikari.HikariDataSource       : HikariPool-1 - Starting...
2025-04-03 00:32:05.740  INFO 28532 --- [user-service] [pool-5-thread-6] com.zaxxer.hikari.HikariDataSource       : HikariPool-1 - Starting...
2025-04-03 00:32:06.753  INFO 28532 --- [user-service] [pool-5-thread-3] com.zaxxer.hikari.HikariDataSource       : HikariPool-1 - Starting...
2025-04-03 00:32:07.755  INFO 28532 --- [user-service] [pool-5-thread-2] com.zaxxer.hikari.HikariDataSource       : HikariPool-1 - Starting...
2025-04-03 00:32:08.764  INFO 28532 --- [user-service] [pool-5-thread-3] com.zaxxer.hikari.HikariDataSource       : HikariPool-1 - Starting...
2025-04-03 00:32:09.775  INFO 28532 --- [user-service] [pool-5-thread-6] com.zaxxer.hikari.HikariDataSource       : HikariPool-1 - Starting...
2025-04-03 00:32:10.789  INFO 28532 --- [user-service] [pool-5-thread-5] com.zaxxer.hikari.HikariDataSource       : HikariPool-1 - Starting...
2025-04-03 00:32:11.792  INFO 28532 --- [user-service] [pool-5-thread-7] com.zaxxer.hikari.HikariDataSource       : HikariPool-1 - Starting...
2025-04-03 00:32:12.802  INFO 28532 --- [user-service] [pool-5-thread-4] com.zaxxer.hikari.HikariDataSource       : HikariPool-1 - Starting...
2025-04-03 00:32:13.809  INFO 28532 --- [user-service] [pool-5-thread-9] com.zaxxer.hikari.HikariDataSource       : HikariPool-1 - Starting...
2025-04-03 00:32:14.824  INFO 28532 --- [user-service] [pool-5-thread-8] com.zaxxer.hikari.HikariDataSource       : HikariPool-1 - Starting...
2025-04-03 00:32:15.827  INFO 28532 --- [user-service] [pool-5-thread-10] com.zaxxer.hikari.HikariDataSource       : HikariPool-1 - Starting...
2025-04-03 00:32:16.831  INFO 28532 --- [user-service] [pool-5-thread-1] com.zaxxer.hikari.HikariDataSource       : HikariPool-1 - Starting...
2025-04-03 00:32:17.841  INFO 28532 --- [user-service] [pool-5-thread-10] com.zaxxer.hikari.HikariDataSource       : HikariPool-1 - Starting...
2025-04-03 00:32:18.856  INFO 28532 --- [user-service] [pool-5-thread-8] com.zaxxer.hikari.HikariDataSource       : HikariPool-1 - Starting...
2025-04-03 00:32:19.862  INFO 28532 --- [user-service] [pool-5-thread-9] com.zaxxer.hikari.HikariDataSource       : HikariPool-1 - Starting...
2025-04-03 00:32:20.866  INFO 28532 --- [user-service] [pool-5-thread-4] com.zaxxer.hikari.HikariDataSource       : HikariPool-1 - Starting...
2025-04-03 00:32:21.877  INFO 28532 --- [user-service] [pool-5-thread-7] com.zaxxer.hikari.HikariDataSource       : HikariPool-1 - Starting...
2025-04-03 00:32:22.890  INFO 28532 --- [user-service] [pool-5-thread-5] com.zaxxer.hikari.HikariDataSource       : HikariPool-1 - Starting...
2025-04-03 00:32:23.903  INFO 28532 --- [user-service] [pool-5-thread-6] com.zaxxer.hikari.HikariDataSource       : HikariPool-1 - Starting...
2025-04-03 00:32:24.917  INFO 28532 --- [user-service] [pool-5-thread-3] com.zaxxer.hikari.HikariDataSource       : HikariPool-1 - Starting...
2025-04-03 00:32:25.921  INFO 28532 --- [user-service] [pool-5-thread-2] com.zaxxer.hikari.HikariDataSource       : HikariPool-1 - Starting...
2025-04-03 00:32:26.934  INFO 28532 --- [user-service] [pool-5-thread-3] com.zaxxer.hikari.HikariDataSource       : HikariPool-1 - Starting...
2025-04-03 00:32:27.944  INFO 28532 --- [user-service] [pool-5-thread-6] com.zaxxer.hikari.HikariDataSource       : HikariPool-1 - Starting...
2025-04-03 00:32:28.958  INFO 28532 --- [user-service] [pool-5-thread-5] com.zaxxer.hikari.HikariDataSource       : HikariPool-1 - Starting...
2025-04-03 00:32:29.974  INFO 28532 --- [user-service] [pool-5-thread-7] com.zaxxer.hikari.HikariDataSource       : HikariPool-1 - Starting...
2025-04-03 00:32:30.990  INFO 28532 --- [user-service] [pool-5-thread-4] com.zaxxer.hikari.HikariDataSource       : HikariPool-1 - Starting...
2025-04-03 00:32:32.008  INFO 28532 --- [user-service] [pool-5-thread-9] com.zaxxer.hikari.HikariDataSource       : HikariPool-1 - Starting...
2025-04-03 00:32:33.011  INFO 28532 --- [user-service] [pool-5-thread-8] com.zaxxer.hikari.HikariDataSource       : HikariPool-1 - Starting...
2025-04-03 00:32:34.015  INFO 28532 --- [user-service] [pool-5-thread-10] com.zaxxer.hikari.HikariDataSource       : HikariPool-1 - Starting...
2025-04-03 00:32:35.036  INFO 28532 --- [user-service] [pool-5-thread-1] com.zaxxer.hikari.HikariDataSource       : HikariPool-1 - Starting...
2025-04-03 00:32:36.051  INFO 28532 --- [user-service] [pool-5-thread-10] com.zaxxer.hikari.HikariDataSource       : HikariPool-1 - Starting...
2025-04-03 00:32:37.054  INFO 28532 --- [user-service] [pool-5-thread-8] com.zaxxer.hikari.HikariDataSource       : HikariPool-1 - Starting...
2025-04-03 00:32:38.061  INFO 28532 --- [user-service] [pool-5-thread-9] com.zaxxer.hikari.HikariDataSource       : HikariPool-1 - Starting...
2025-04-03 00:32:39.065  INFO 28532 --- [user-service] [pool-5-thread-4] com.zaxxer.hikari.HikariDataSource       : HikariPool-1 - Starting...
2025-04-03 00:32:40.067  INFO 28532 --- [user-service] [pool-5-thread-7] com.zaxxer.hikari.HikariDataSource       : HikariPool-1 - Starting...
2025-04-03 00:32:41.070  INFO 28532 --- [user-service] [pool-5-thread-5] com.zaxxer.hikari.HikariDataSource       : HikariPool-1 - Starting...
2025-04-03 00:32:42.084  INFO 28532 --- [user-service] [pool-5-thread-6] com.zaxxer.hikari.HikariDataSource       : HikariPool-1 - Starting...
2025-04-03 00:32:43.098  INFO 28532 --- [user-service] [pool-5-thread-3] com.zaxxer.hikari.HikariDataSource       : HikariPool-1 - Starting...
2025-04-03 00:32:44.102  INFO 28532 --- [user-service] [pool-5-thread-2] com.zaxxer.hikari.HikariDataSource       : HikariPool-1 - Starting...
2025-04-03 00:32:45.113  INFO 28532 --- [user-service] [pool-5-thread-3] com.zaxxer.hikari.HikariDataSource       : HikariPool-1 - Starting...
2025-04-03 00:32:46.129  INFO 28532 --- [user-service] [pool-5-thread-6] com.zaxxer.hikari.HikariDataSource       : HikariPool-1 - Starting...
2025-04-03 00:32:47.131  INFO 28532 --- [user-service] [pool-5-thread-5] com.zaxxer.hikari.HikariDataSource       : HikariPool-1 - Starting...
2025-04-03 00:32:48.143  INFO 28532 --- [user-service] [pool-5-thread-7] com.zaxxer.hikari.HikariDataSource       : HikariPool-1 - Starting...
2025-04-03 00:32:49.145  INFO 28532 --- [user-service] [pool-5-thread-4] com.zaxxer.hikari.HikariDataSource       : HikariPool-1 - Starting...
2025-04-03 00:32:50.159  INFO 28532 --- [user-service] [pool-5-thread-9] com.zaxxer.hikari.HikariDataSource       : HikariPool-1 - Starting...
2025-04-03 00:32:51.170  INFO 28532 --- [user-service] [pool-5-thread-8] com.zaxxer.hikari.HikariDataSource       : HikariPool-1 - Starting...
2025-04-03 00:32:52.186  INFO 28532 --- [user-service] [pool-5-thread-10] com.zaxxer.hikari.HikariDataSource       : HikariPool-1 - Starting...
2025-04-03 00:32:53.195  INFO 28532 --- [user-service] [pool-5-thread-1] com.zaxxer.hikari.HikariDataSource       : HikariPool-1 - Starting...
2025-04-03 00:32:54.208  INFO 28532 --- [user-service] [pool-5-thread-10] com.zaxxer.hikari.HikariDataSource       : HikariPool-1 - Starting...
2025-04-03 00:32:55.212  INFO 28532 --- [user-service] [pool-5-thread-8] com.zaxxer.hikari.HikariDataSource       : HikariPool-1 - Starting...
2025-04-03 00:32:56.225  INFO 28532 --- [user-service] [pool-5-thread-9] com.zaxxer.hikari.HikariDataSource       : HikariPool-1 - Starting...
2025-04-03 00:32:57.240  INFO 28532 --- [user-service] [pool-5-thread-4] com.zaxxer.hikari.HikariDataSource       : HikariPool-1 - Starting...
2025-04-03 00:32:58.251  INFO 28532 --- [user-service] [pool-5-thread-7] com.zaxxer.hikari.HikariDataSource       : HikariPool-1 - Starting...
2025-04-03 00:32:59.264  INFO 28532 --- [user-service] [pool-5-thread-5] com.zaxxer.hikari.HikariDataSource       : HikariPool-1 - Starting...
2025-04-03 00:33:00.273  INFO 28532 --- [user-service] [pool-5-thread-6] com.zaxxer.hikari.HikariDataSource       : HikariPool-1 - Starting...
2025-04-03 00:33:01.283  INFO 28532 --- [user-service] [pool-5-thread-3] com.zaxxer.hikari.HikariDataSource       : HikariPool-1 - Starting...
2025-04-03 00:33:02.284  INFO 28532 --- [user-service] [pool-5-thread-2] com.zaxxer.hikari.HikariDataSource       : HikariPool-1 - Starting...
2025-04-03 00:33:03.299  INFO 28532 --- [user-service] [pool-5-thread-3] com.zaxxer.hikari.HikariDataSource       : HikariPool-1 - Starting...
2025-04-03 00:33:04.309  INFO 28532 --- [user-service] [pool-5-thread-6] com.zaxxer.hikari.HikariDataSource       : HikariPool-1 - Starting...
2025-04-03 00:33:05.312  INFO 28532 --- [user-service] [pool-5-thread-5] com.zaxxer.hikari.HikariDataSource       : HikariPool-1 - Starting...
2025-04-03 00:33:06.319  INFO 28532 --- [user-service] [pool-5-thread-7] com.zaxxer.hikari.HikariDataSource       : HikariPool-1 - Starting...
2025-04-03 00:33:07.333  INFO 28532 --- [user-service] [pool-5-thread-4] com.zaxxer.hikari.HikariDataSource       : HikariPool-1 - Starting...
2025-04-03 00:33:08.340  INFO 28532 --- [user-service] [pool-5-thread-9] com.zaxxer.hikari.HikariDataSource       : HikariPool-1 - Starting...
2025-04-03 00:33:09.355  INFO 28532 --- [user-service] [pool-5-thread-8] com.zaxxer.hikari.HikariDataSource       : HikariPool-1 - Starting...
2025-04-03 00:33:10.365  INFO 28532 --- [user-service] [pool-5-thread-10] com.zaxxer.hikari.HikariDataSource       : HikariPool-1 - Starting...
2025-04-03 00:33:11.373  INFO 28532 --- [user-service] [pool-5-thread-1] com.zaxxer.hikari.HikariDataSource       : HikariPool-1 - Starting...
2025-04-03 00:33:12.385  INFO 28532 --- [user-service] [pool-5-thread-10] com.zaxxer.hikari.HikariDataSource       : HikariPool-1 - Starting...
2025-04-03 00:33:13.399  INFO 28532 --- [user-service] [pool-5-thread-8] com.zaxxer.hikari.HikariDataSource       : HikariPool-1 - Starting...
2025-04-03 00:33:14.411  INFO 28532 --- [user-service] [pool-5-thread-9] com.zaxxer.hikari.HikariDataSource       : HikariPool-1 - Starting...
2025-04-03 00:33:15.423  INFO 28532 --- [user-service] [pool-5-thread-4] com.zaxxer.hikari.HikariDataSource       : HikariPool-1 - Starting...
2025-04-03 00:33:16.438  INFO 28532 --- [user-service] [pool-5-thread-7] com.zaxxer.hikari.HikariDataSource       : HikariPool-1 - Starting...
2025-04-03 00:33:17.452  INFO 28532 --- [user-service] [pool-5-thread-5] com.zaxxer.hikari.HikariDataSource       : HikariPool-1 - Starting...
2025-04-03 00:33:18.465  INFO 28532 --- [user-service] [pool-5-thread-6] com.zaxxer.hikari.HikariDataSource       : HikariPool-1 - Starting...
2025-04-03 00:33:19.476  INFO 28532 --- [user-service] [pool-5-thread-6] com.zaxxer.hikari.HikariDataSource       : HikariPool-1 - Starting...
2025-04-03 00:33:20.483  INFO 28532 --- [user-service] [pool-5-thread-3] com.zaxxer.hikari.HikariDataSource       : HikariPool-1 - Starting...
2025-04-03 00:33:21.484  INFO 28532 --- [user-service] [pool-5-thread-2] com.zaxxer.hikari.HikariDataSource       : HikariPool-1 - Starting...
2025-04-03 00:33:22.491  INFO 28532 --- [user-service] [pool-5-thread-3] com.zaxxer.hikari.HikariDataSource       : HikariPool-1 - Starting...
2025-04-03 00:33:23.496  INFO 28532 --- [user-service] [pool-5-thread-6] com.zaxxer.hikari.HikariDataSource       : HikariPool-1 - Starting...
2025-04-03 00:33:24.506  INFO 28532 --- [user-service] [pool-5-thread-5] com.zaxxer.hikari.HikariDataSource       : HikariPool-1 - Starting...
2025-04-03 00:33:25.518  INFO 28532 --- [user-service] [pool-5-thread-7] com.zaxxer.hikari.HikariDataSource       : HikariPool-1 - Starting...
2025-04-03 00:33:26.531  INFO 28532 --- [user-service] [pool-5-thread-4] com.zaxxer.hikari.HikariDataSource       : HikariPool-1 - Starting...
2025-04-03 00:33:27.545  INFO 28532 --- [user-service] [pool-5-thread-9] com.zaxxer.hikari.HikariDataSource       : HikariPool-1 - Starting...
2025-04-03 00:33:28.549  INFO 28532 --- [user-service] [pool-5-thread-8] com.zaxxer.hikari.HikariDataSource       : HikariPool-1 - Starting...
2025-04-03 00:33:29.556  INFO 28532 --- [user-service] [pool-5-thread-10] com.zaxxer.hikari.HikariDataSource       : HikariPool-1 - Starting...
2025-04-03 00:33:30.569  INFO 28532 --- [user-service] [pool-5-thread-1] com.zaxxer.hikari.HikariDataSource       : HikariPool-1 - Starting...
2025-04-03 00:33:31.584  INFO 28532 --- [user-service] [pool-5-thread-10] com.zaxxer.hikari.HikariDataSource       : HikariPool-1 - Starting...
2025-04-03 00:33:32.594  INFO 28532 --- [user-service] [pool-5-thread-8] com.zaxxer.hikari.HikariDataSource       : HikariPool-1 - Starting...
2025-04-03 00:33:33.607  INFO 28532 --- [user-service] [pool-5-thread-9] com.zaxxer.hikari.HikariDataSource       : HikariPool-1 - Starting...
2025-04-03 00:33:34.616  INFO 28532 --- [user-service] [pool-5-thread-4] com.zaxxer.hikari.HikariDataSource       : HikariPool-1 - Starting...
2025-04-03 00:33:35.629  INFO 28532 --- [user-service] [pool-5-thread-7] com.zaxxer.hikari.HikariDataSource       : HikariPool-1 - Starting...
2025-04-03 00:33:36.643  INFO 28532 --- [user-service] [pool-5-thread-5] com.zaxxer.hikari.HikariDataSource       : HikariPool-1 - Starting...
2025-04-03 00:33:37.657  INFO 28532 --- [user-service] [pool-5-thread-6] com.zaxxer.hikari.HikariDataSource       : HikariPool-1 - Starting...
2025-04-03 00:33:38.669  INFO 28532 --- [user-service] [pool-5-thread-3] com.zaxxer.hikari.HikariDataSource       : HikariPool-1 - Starting...
2025-04-03 00:33:39.685  INFO 28532 --- [user-service] [pool-5-thread-2] com.zaxxer.hikari.HikariDataSource       : HikariPool-1 - Starting...
2025-04-03 00:33:40.699  INFO 28532 --- [user-service] [pool-5-thread-3] com.zaxxer.hikari.HikariDataSource       : HikariPool-1 - Starting...
2025-04-03 00:33:41.711  INFO 28532 --- [user-service] [pool-5-thread-6] com.zaxxer.hikari.HikariDataSource       : HikariPool-1 - Starting...
2025-04-03 00:33:42.724  INFO 28532 --- [user-service] [pool-5-thread-5] com.zaxxer.hikari.HikariDataSource       : HikariPool-1 - Starting...
2025-04-03 00:33:43.733  INFO 28532 --- [user-service] [pool-5-thread-7] com.zaxxer.hikari.HikariDataSource       : HikariPool-1 - Starting...
2025-04-03 00:33:44.750  INFO 28532 --- [user-service] [pool-5-thread-4] com.zaxxer.hikari.HikariDataSource       : HikariPool-1 - Starting...
2025-04-03 00:33:45.762  INFO 28532 --- [user-service] [pool-5-thread-9] com.zaxxer.hikari.HikariDataSource       : HikariPool-1 - Starting...
2025-04-03 00:33:46.771  INFO 28532 --- [user-service] [pool-5-thread-8] com.zaxxer.hikari.HikariDataSource       : HikariPool-1 - Starting...
2025-04-03 00:33:47.781  INFO 28532 --- [user-service] [pool-5-thread-10] com.zaxxer.hikari.HikariDataSource       : HikariPool-1 - Starting...
2025-04-03 00:33:48.794  INFO 28532 --- [user-service] [pool-5-thread-1] com.zaxxer.hikari.HikariDataSource       : HikariPool-1 - Starting...
2025-04-03 00:33:49.807  INFO 28532 --- [user-service] [pool-5-thread-10] com.zaxxer.hikari.HikariDataSource       : HikariPool-1 - Starting...
2025-04-03 00:33:50.823  INFO 28532 --- [user-service] [pool-5-thread-8] com.zaxxer.hikari.HikariDataSource       : HikariPool-1 - Starting...
2025-04-03 00:33:51.839  INFO 28532 --- [user-service] [pool-5-thread-9] com.zaxxer.hikari.HikariDataSource       : HikariPool-1 - Starting...
2025-04-03 00:33:52.848  INFO 28532 --- [user-service] [pool-5-thread-4] com.zaxxer.hikari.HikariDataSource       : HikariPool-1 - Starting...
2025-04-03 00:33:53.859  INFO 28532 --- [user-service] [pool-5-thread-7] com.zaxxer.hikari.HikariDataSource       : HikariPool-1 - Starting...
2025-04-03 00:33:54.862  INFO 28532 --- [user-service] [pool-5-thread-5] com.zaxxer.hikari.HikariDataSource       : HikariPool-1 - Starting...
2025-04-03 00:33:55.879  INFO 28532 --- [user-service] [pool-5-thread-6] com.zaxxer.hikari.HikariDataSource       : HikariPool-1 - Starting...
2025-04-03 00:33:56.893  INFO 28532 --- [user-service] [pool-5-thread-3] com.zaxxer.hikari.HikariDataSource       : HikariPool-1 - Starting...
2025-04-03 00:33:57.908  INFO 28532 --- [user-service] [pool-5-thread-2] com.zaxxer.hikari.HikariDataSource       : HikariPool-1 - Starting...
2025-04-03 00:33:58.917  INFO 28532 --- [user-service] [pool-5-thread-3] com.zaxxer.hikari.HikariDataSource       : HikariPool-1 - Starting...
2025-04-03 00:33:59.931  INFO 28532 --- [user-service] [pool-5-thread-6] com.zaxxer.hikari.HikariDataSource       : HikariPool-1 - Starting...
2025-04-03 00:34:00.945  INFO 28532 --- [user-service] [pool-5-thread-5] com.zaxxer.hikari.HikariDataSource       : HikariPool-1 - Starting...
2025-04-03 00:34:01.959  INFO 28532 --- [user-service] [pool-5-thread-7] com.zaxxer.hikari.HikariDataSource       : HikariPool-1 - Starting...
2025-04-03 00:34:02.970  INFO 28532 --- [user-service] [pool-5-thread-4] com.zaxxer.hikari.HikariDataSource       : HikariPool-1 - Starting...
2025-04-03 00:34:03.977  INFO 28532 --- [user-service] [pool-5-thread-9] com.zaxxer.hikari.HikariDataSource       : HikariPool-1 - Starting...
2025-04-03 00:34:04.991  INFO 28532 --- [user-service] [pool-5-thread-8] com.zaxxer.hikari.HikariDataSource       : HikariPool-1 - Starting...
2025-04-03 00:34:05.998  INFO 28532 --- [user-service] [pool-5-thread-10] com.zaxxer.hikari.HikariDataSource       : HikariPool-1 - Starting...
2025-04-03 00:34:07.013  INFO 28532 --- [user-service] [pool-5-thread-1] com.zaxxer.hikari.HikariDataSource       : HikariPool-1 - Starting...
2025-04-03 00:34:08.014  INFO 28532 --- [user-service] [pool-5-thread-10] com.zaxxer.hikari.HikariDataSource       : HikariPool-1 - Starting...
2025-04-03 00:34:09.018  INFO 28532 --- [user-service] [pool-5-thread-8] com.zaxxer.hikari.HikariDataSource       : HikariPool-1 - Starting...
2025-04-03 00:34:10.022  INFO 28532 --- [user-service] [pool-5-thread-9] com.zaxxer.hikari.HikariDataSource       : HikariPool-1 - Starting...
2025-04-03 00:34:11.024  INFO 28532 --- [user-service] [pool-5-thread-4] com.zaxxer.hikari.HikariDataSource       : HikariPool-1 - Starting...
2025-04-03 00:34:12.029  INFO 28532 --- [user-service] [pool-5-thread-7] com.zaxxer.hikari.HikariDataSource       : HikariPool-1 - Starting...
2025-04-03 00:34:13.041  INFO 28532 --- [user-service] [pool-5-thread-5] com.zaxxer.hikari.HikariDataSource       : HikariPool-1 - Starting...
2025-04-03 00:34:14.055  INFO 28532 --- [user-service] [pool-5-thread-6] com.zaxxer.hikari.HikariDataSource       : HikariPool-1 - Starting...
2025-04-03 00:34:15.066  INFO 28532 --- [user-service] [pool-5-thread-3] com.zaxxer.hikari.HikariDataSource       : HikariPool-1 - Starting...
2025-04-03 00:34:16.079  INFO 28532 --- [user-service] [pool-5-thread-2] com.zaxxer.hikari.HikariDataSource       : HikariPool-1 - Starting...
2025-04-03 00:34:17.089  INFO 28532 --- [user-service] [pool-5-thread-3] com.zaxxer.hikari.HikariDataSource       : HikariPool-1 - Starting...
2025-04-03 00:34:18.097  INFO 28532 --- [user-service] [pool-5-thread-6] com.zaxxer.hikari.HikariDataSource       : HikariPool-1 - Starting...
2025-04-03 00:34:19.107  INFO 28532 --- [user-service] [pool-5-thread-5] com.zaxxer.hikari.HikariDataSource       : HikariPool-1 - Starting...
2025-04-03 00:34:20.124  INFO 28532 --- [user-service] [pool-5-thread-7] com.zaxxer.hikari.HikariDataSource       : HikariPool-1 - Starting...
2025-04-03 00:34:21.135  INFO 28532 --- [user-service] [pool-5-thread-4] com.zaxxer.hikari.HikariDataSource       : HikariPool-1 - Starting...
2025-04-03 00:34:22.151  INFO 28532 --- [user-service] [pool-5-thread-9] com.zaxxer.hikari.HikariDataSource       : HikariPool-1 - Starting...
2025-04-03 00:34:23.165  INFO 28532 --- [user-service] [pool-5-thread-8] com.zaxxer.hikari.HikariDataSource       : HikariPool-1 - Starting...
2025-04-03 00:34:24.171  INFO 28532 --- [user-service] [pool-5-thread-10] com.zaxxer.hikari.HikariDataSource       : HikariPool-1 - Starting...
2025-04-03 00:34:25.187  INFO 28532 --- [user-service] [pool-5-thread-1] com.zaxxer.hikari.HikariDataSource       : HikariPool-1 - Starting...
2025-04-03 00:34:26.199  INFO 28532 --- [user-service] [pool-5-thread-10] com.zaxxer.hikari.HikariDataSource       : HikariPool-1 - Starting...
2025-04-03 00:34:27.215  INFO 28532 --- [user-service] [pool-5-thread-8] com.zaxxer.hikari.HikariDataSource       : HikariPool-1 - Starting...
2025-04-03 00:34:28.228  INFO 28532 --- [user-service] [pool-5-thread-9] com.zaxxer.hikari.HikariDataSource       : HikariPool-1 - Starting...
2025-04-03 00:34:29.240  INFO 28532 --- [user-service] [pool-5-thread-4] com.zaxxer.hikari.HikariDataSource       : HikariPool-1 - Starting...
2025-04-03 00:34:30.245  INFO 28532 --- [user-service] [pool-5-thread-7] com.zaxxer.hikari.HikariDataSource       : HikariPool-1 - Starting...
2025-04-03 00:34:30.321  INFO 28532 --- [user-service] [nacos.client.config.listener.task-0] c.a.c.n.refresh.NacosContextRefresher    : [Nacos Config] Receive Nacos config change: dataId=shared-sentinel.yaml, group=DEFAULT_GROUP
2025-04-03 00:34:31.252  INFO 28532 --- [user-service] [pool-5-thread-5] com.zaxxer.hikari.HikariDataSource       : HikariPool-1 - Starting...
2025-04-03 00:34:31.581  INFO 28532 --- [user-service] [nacos.client.config.listener.task-0] o.s.cloud.commons.util.InetUtils         : Cannot determine local hostname
2025-04-03 00:34:31.612  INFO 28532 --- [user-service] [nacos.client.config.listener.task-0] c.a.c.n.c.NacosConfigDataLoader          : [Nacos Config] Load config[dataId=shared-sentinel.yaml, group=DEFAULT_GROUP] success
2025-04-03 00:34:31.612  INFO 28532 --- [user-service] [nacos.client.config.listener.task-0] c.a.c.n.c.NacosConfigDataLoader          : [Nacos Config] Load config[dataId=shared-log.yaml, group=DEFAULT_GROUP] success
2025-04-03 00:34:31.612  INFO 28532 --- [user-service] [nacos.client.config.listener.task-0] c.a.c.n.c.NacosConfigDataLoader          : [Nacos Config] Load config[dataId=shared-jdbc.yaml, group=DEFAULT_GROUP] success
2025-04-03 00:34:31.662  INFO 28532 --- [user-service] [nacos.client.config.listener.task-0] c.c.c.ConfigServicePropertySourceLocator : Fetching config from server at : http://localhost:8888
2025-04-03 00:34:31.676  INFO 28532 --- [user-service] [nacos.client.config.listener.task-0] c.c.c.ConfigServicePropertySourceLocator : Exception on Url - http://localhost:8888:org.springframework.web.client.ResourceAccessException: I/O error on GET request for "http://localhost:8888/user-service/dev": Connection refused: getsockopt. Will be trying the next url if available
2025-04-03 00:34:31.676  WARN 28532 --- [user-service] [nacos.client.config.listener.task-0] c.c.c.ConfigServicePropertySourceLocator : Could not locate PropertySource: I/O error on GET request for "http://localhost:8888/user-service/dev": Connection refused: getsockopt
2025-04-03 00:34:31.683  INFO 28532 --- [user-service] [nacos.client.config.listener.task-0] o.s.boot.SpringApplication               : The following 1 profile is active: "dev"
2025-04-03 00:34:31.687  INFO 28532 --- [user-service] [nacos.client.config.listener.task-0] o.s.boot.SpringApplication               : Started application in 1.359 seconds (process running for 373.688)
2025-04-03 00:34:31.730  INFO 28532 --- [user-service] [nacos.client.config.listener.task-0] o.s.c.e.event.RefreshEventListener       : Refresh keys changed: [spring.sentinel.http-method-specify, spring.cloud.sentinel.transport.client-ip, spring.cloud.sentinel.transport.dashboard, spring.sentinel.transport.client-ip, spring.sentinel.transport.dashboard, spring.cloud.sentinel.http-method-specify]
2025-04-03 00:34:32.254  INFO 28532 --- [user-service] [pool-5-thread-6] com.zaxxer.hikari.HikariDataSource       : HikariPool-1 - Starting...
2025-04-03 00:34:33.261  INFO 28532 --- [user-service] [pool-5-thread-3] com.zaxxer.hikari.HikariDataSource       : HikariPool-1 - Starting...
2025-04-03 00:34:34.271  INFO 28532 --- [user-service] [pool-5-thread-2] com.zaxxer.hikari.HikariDataSource       : HikariPool-1 - Starting...
2025-04-03 00:34:35.286  INFO 28532 --- [user-service] [pool-5-thread-3] com.zaxxer.hikari.HikariDataSource       : HikariPool-1 - Starting...
2025-04-03 00:34:36.298  INFO 28532 --- [user-service] [pool-5-thread-6] com.zaxxer.hikari.HikariDataSource       : HikariPool-1 - Starting...
2025-04-03 00:34:37.302  INFO 28532 --- [user-service] [pool-5-thread-5] com.zaxxer.hikari.HikariDataSource       : HikariPool-1 - Starting...
2025-04-03 00:34:38.317  INFO 28532 --- [user-service] [pool-5-thread-7] com.zaxxer.hikari.HikariDataSource       : HikariPool-1 - Starting...
2025-04-03 00:34:39.329  INFO 28532 --- [user-service] [pool-5-thread-4] com.zaxxer.hikari.HikariDataSource       : HikariPool-1 - Starting...
2025-04-03 00:34:39.885  WARN 28532 --- [user-service] [Thread-8] c.a.nacos.common.notify.NotifyCenter     : [NotifyCenter] Start destroying Publisher
2025-04-03 00:34:39.885  WARN 28532 --- [user-service] [Thread-6] c.a.n.common.http.HttpClientBeanHolder   : [HttpClientBeanHolder] Start destroying common HttpClient
2025-04-03 00:34:39.885  WARN 28532 --- [user-service] [Thread-8] c.a.nacos.common.notify.NotifyCenter     : [NotifyCenter] Destruction of the end
2025-04-03 00:34:39.885  WARN 28532 --- [user-service] [Thread-1] c.a.n.common.executor.ThreadPoolManager  : [ThreadPoolManager] Start destroying ThreadPool
2025-04-03 00:34:39.885  WARN 28532 --- [user-service] [Thread-1] c.a.n.common.executor.ThreadPoolManager  : [ThreadPoolManager] Destruction of the end
2025-04-03 00:34:39.886  WARN 28532 --- [user-service] [Thread-6] c.a.n.common.http.HttpClientBeanHolder   : [HttpClientBeanHolder] Destruction of the end
2025-04-03 00:34:39.887  INFO 28532 --- [user-service] [SpringApplicationShutdownHook] o.s.b.w.e.tomcat.GracefulShutdown        : Commencing graceful shutdown. Waiting for active requests to complete
2025-04-03 00:34:39.893  INFO 28532 --- [user-service] [tomcat-shutdown] o.s.b.w.e.tomcat.GracefulShutdown        : Graceful shutdown complete
2025-04-03 00:34:39.895  INFO 28532 --- [user-service] [SpringApplicationShutdownHook] c.a.c.n.registry.NacosServiceRegistry    : De-registering from Nacos Server now...
2025-04-03 00:34:39.902  INFO 28532 --- [user-service] [SpringApplicationShutdownHook] c.a.c.n.registry.NacosServiceRegistry    : De-registration finished.
2025-04-03 00:34:48.026  INFO 28604 --- [user-service] [main] c.a.c.n.c.NacosConfigDataLoader          : [Nacos Config] Load config[dataId=shared-sentinel.yaml, group=DEFAULT_GROUP] success
2025-04-03 00:34:48.027  INFO 28604 --- [user-service] [main] c.a.c.n.c.NacosConfigDataLoader          : [Nacos Config] Load config[dataId=shared-log.yaml, group=DEFAULT_GROUP] success
2025-04-03 00:34:48.027  INFO 28604 --- [user-service] [main] c.a.c.n.c.NacosConfigDataLoader          : [Nacos Config] Load config[dataId=shared-jdbc.yaml, group=DEFAULT_GROUP] success
2025-04-03 00:34:49.327  INFO 28604 --- [user-service] [main] c.c.c.ConfigServicePropertySourceLocator : Fetching config from server at : http://localhost:8888
2025-04-03 00:34:49.356  INFO 28604 --- [user-service] [main] c.c.c.ConfigServicePropertySourceLocator : Exception on Url - http://localhost:8888:org.springframework.web.client.ResourceAccessException: I/O error on GET request for "http://localhost:8888/user-service/dev": Connection refused: getsockopt. Will be trying the next url if available
2025-04-03 00:34:49.357  WARN 28604 --- [user-service] [main] c.c.c.ConfigServicePropertySourceLocator : Could not locate PropertySource: I/O error on GET request for "http://localhost:8888/user-service/dev": Connection refused: getsockopt
2025-04-03 00:34:49.364  INFO 28604 --- [user-service] [main] com.smileShark.user.UserApplication      : The following 1 profile is active: "dev"
2025-04-03 00:34:49.373  INFO 28604 --- [user-service] [main] c.a.c.n.c.NacosConfigDataLoader          : [Nacos Config] Load config[dataId=shared-sentinel.yaml, group=DEFAULT_GROUP] success
2025-04-03 00:34:49.373  INFO 28604 --- [user-service] [main] c.a.c.n.c.NacosConfigDataLoader          : [Nacos Config] Load config[dataId=shared-log.yaml, group=DEFAULT_GROUP] success
2025-04-03 00:34:49.373  INFO 28604 --- [user-service] [main] c.a.c.n.c.NacosConfigDataLoader          : [Nacos Config] Load config[dataId=shared-jdbc.yaml, group=DEFAULT_GROUP] success
2025-04-03 00:34:49.806  INFO 28604 --- [user-service] [main] o.s.cloud.context.scope.GenericScope     : BeanFactory id=192969dd-a094-3fbb-b557-bbec810de7e4
2025-04-03 00:34:49.825  WARN 28604 --- [user-service] [main] trationDelegate$BeanPostProcessorChecker : Bean 'com.alibaba.cloud.nacos.NacosConfigAutoConfiguration' of type [com.alibaba.cloud.nacos.NacosConfigAutoConfiguration] is not eligible for getting processed by all BeanPostProcessors (for example: not eligible for auto-proxying). The currently created BeanPostProcessor [nacosAnnotationProcessor] is declared through a non-static factory method on that class; consider declaring it as static instead.
2025-04-03 00:34:50.131  INFO 28604 --- [user-service] [main] o.s.b.w.embedded.tomcat.TomcatWebServer  : Tomcat initialized with port 8084 (http)
2025-04-03 00:34:50.134  INFO 28604 --- [user-service] [main] o.a.catalina.core.AprLifecycleListener   : An older version [1.3.1] of the Apache Tomcat Native library is installed, while Tomcat recommends a minimum version of [2.0.5]
2025-04-03 00:34:50.134  INFO 28604 --- [user-service] [main] o.a.catalina.core.AprLifecycleListener   : Loaded Apache Tomcat Native library [1.3.1] using APR version [1.7.4].
2025-04-03 00:34:50.136  INFO 28604 --- [user-service] [main] o.a.catalina.core.AprLifecycleListener   : OpenSSL successfully initialized [OpenSSL 3.0.14 4 Jun 2024]
2025-04-03 00:34:50.144  INFO 28604 --- [user-service] [main] o.apache.catalina.core.StandardService   : Starting service [Tomcat]
2025-04-03 00:34:50.144  INFO 28604 --- [user-service] [main] o.apache.catalina.core.StandardEngine    : Starting Servlet engine: [Apache Tomcat/10.1.36]
2025-04-03 00:34:50.179  INFO 28604 --- [user-service] [main] o.a.c.c.C.[Tomcat].[localhost].[/]       : Initializing Spring embedded WebApplicationContext
2025-04-03 00:34:50.180  INFO 28604 --- [user-service] [main] w.s.c.ServletWebServerApplicationContext : Root WebApplicationContext: initialization completed in 805 ms
2025-04-03 00:34:50.417  INFO 28604 --- [user-service] [main] c.a.c.sentinel.SentinelWebMvcConfigurer  : [Sentinel Starter] register SentinelWebInterceptor with urlPatterns: [/**].
2025-04-03 00:34:51.574  INFO 28604 --- [user-service] [main] o.s.cloud.commons.util.InetUtils         : Cannot determine local hostname
2025-04-03 00:34:52.696  INFO 28604 --- [user-service] [main] o.s.cloud.commons.util.InetUtils         : Cannot determine local hostname
2025-04-03 00:34:52.718  WARN 28604 --- [user-service] [main] iguration$LoadBalancerCaffeineWarnLogger : Spring Cloud LoadBalancer is currently working with the default cache. While this cache implementation is useful for development and tests, it's recommended to use Caffeine cache in production.You can switch to using Caffeine cache, by adding it and org.springframework.cache.caffeine.CaffeineCacheManager to the classpath.
2025-04-03 00:34:52.768  INFO 28604 --- [user-service] [main] o.s.b.w.embedded.tomcat.TomcatWebServer  : Tomcat started on port 8084 (http) with context path '/'
2025-04-03 00:34:52.779  INFO 28604 --- [user-service] [main] c.a.n.p.a.s.c.ClientAuthPluginManager    : [ClientAuthPluginManager] Load ClientAuthService com.alibaba.nacos.client.auth.impl.NacosClientAuthServiceImpl success.
2025-04-03 00:34:52.779  INFO 28604 --- [user-service] [main] c.a.n.p.a.s.c.ClientAuthPluginManager    : [ClientAuthPluginManager] Load ClientAuthService com.alibaba.nacos.client.auth.ram.RamClientAuthServiceImpl success.
2025-04-03 00:34:52.861  INFO 28604 --- [user-service] [main] c.a.c.n.registry.NacosServiceRegistry    : nacos registry, DEFAULT_GROUP user-service 10.0.13.16:8084 register finished
2025-04-03 00:34:53.877  INFO 28604 --- [user-service] [main] o.s.cloud.commons.util.InetUtils         : Cannot determine local hostname
2025-04-03 00:34:53.883  INFO 28604 --- [user-service] [main] com.smileShark.user.UserApplication      : Started UserApplication in 8.21 seconds (process running for 8.718)
2025-04-03 00:34:53.891  INFO 28604 --- [user-service] [main] c.a.c.n.refresh.NacosContextRefresher    : [Nacos Config] Listening config: dataId=shared-sentinel.yaml, group=DEFAULT_GROUP
2025-04-03 00:34:53.891  INFO 28604 --- [user-service] [main] c.a.c.n.refresh.NacosContextRefresher    : [Nacos Config] Listening config: dataId=shared-log.yaml, group=DEFAULT_GROUP
2025-04-03 00:34:53.891  INFO 28604 --- [user-service] [main] c.a.c.n.refresh.NacosContextRefresher    : [Nacos Config] Listening config: dataId=shared-jdbc.yaml, group=DEFAULT_GROUP
2025-04-03 00:35:12.095  INFO 28604 --- [user-service] [http-nio-8084-exec-1] o.a.c.c.C.[Tomcat].[localhost].[/]       : Initializing Spring DispatcherServlet 'dispatcherServlet'
2025-04-03 00:35:12.096  INFO 28604 --- [user-service] [http-nio-8084-exec-1] o.s.web.servlet.DispatcherServlet        : Initializing Servlet 'dispatcherServlet'
2025-04-03 00:35:12.096  INFO 28604 --- [user-service] [http-nio-8084-exec-1] o.s.web.servlet.DispatcherServlet        : Completed initialization in 0 ms
2025-04-03 00:35:12.214  INFO 28604 --- [user-service] [http-nio-8084-exec-1] c.s.user.service.imp.UserServiceImp      : 用户：320123199008210001 登录，IP地址：0:0:0:0:0:0:0:1
2025-04-03 00:35:13.233  INFO 28604 --- [user-service] [http-nio-8084-exec-1] c.s.user.service.imp.UserServiceImp      : 用户：320123199008210001 登录成功
2025-04-03 00:35:13.251  INFO 28604 --- [user-service] [pool-5-thread-1] com.zaxxer.hikari.HikariDataSource       : HikariPool-1 - Starting...
2025-04-03 00:35:31.143  INFO 28604 --- [user-service] [pool-5-thread-1] com.zaxxer.hikari.HikariDataSource       : HikariPool-1 - Starting...
2025-04-03 00:35:32.161  INFO 28604 --- [user-service] [pool-5-thread-5] com.zaxxer.hikari.HikariDataSource       : HikariPool-1 - Starting...
2025-04-03 00:35:33.177  INFO 28604 --- [user-service] [pool-5-thread-6] com.zaxxer.hikari.HikariDataSource       : HikariPool-1 - Starting...
2025-04-03 00:35:34.189  INFO 28604 --- [user-service] [pool-5-thread-4] com.zaxxer.hikari.HikariDataSource       : HikariPool-1 - Starting...
2025-04-03 00:35:35.193  INFO 28604 --- [user-service] [pool-5-thread-2] com.zaxxer.hikari.HikariDataSource       : HikariPool-1 - Starting...
2025-04-03 00:35:36.201  INFO 28604 --- [user-service] [pool-5-thread-9] com.zaxxer.hikari.HikariDataSource       : HikariPool-1 - Starting...
2025-04-03 00:35:37.207  INFO 28604 --- [user-service] [pool-5-thread-10] com.zaxxer.hikari.HikariDataSource       : HikariPool-1 - Starting...
2025-04-03 00:35:38.224  INFO 28604 --- [user-service] [pool-5-thread-8] com.zaxxer.hikari.HikariDataSource       : HikariPool-1 - Starting...
2025-04-03 00:35:39.227  INFO 28604 --- [user-service] [pool-5-thread-7] com.zaxxer.hikari.HikariDataSource       : HikariPool-1 - Starting...
2025-04-03 00:35:40.243  INFO 28604 --- [user-service] [pool-5-thread-1] com.zaxxer.hikari.HikariDataSource       : HikariPool-1 - Starting...
2025-04-03 00:35:41.256  INFO 28604 --- [user-service] [pool-5-thread-10] com.zaxxer.hikari.HikariDataSource       : HikariPool-1 - Starting...
2025-04-03 00:35:42.262  INFO 28604 --- [user-service] [pool-5-thread-9] com.zaxxer.hikari.HikariDataSource       : HikariPool-1 - Starting...
2025-04-03 00:35:43.270  INFO 28604 --- [user-service] [pool-5-thread-8] com.zaxxer.hikari.HikariDataSource       : HikariPool-1 - Starting...
2025-04-03 00:35:44.273  INFO 28604 --- [user-service] [pool-5-thread-4] com.zaxxer.hikari.HikariDataSource       : HikariPool-1 - Starting...
2025-04-03 00:35:45.285  INFO 28604 --- [user-service] [pool-5-thread-7] com.zaxxer.hikari.HikariDataSource       : HikariPool-1 - Starting...
2025-04-03 00:35:46.293  INFO 28604 --- [user-service] [pool-5-thread-5] com.zaxxer.hikari.HikariDataSource       : HikariPool-1 - Starting...
2025-04-03 00:35:47.296  INFO 28604 --- [user-service] [pool-5-thread-6] com.zaxxer.hikari.HikariDataSource       : HikariPool-1 - Starting...
2025-04-03 00:35:48.299  INFO 28604 --- [user-service] [pool-5-thread-3] com.zaxxer.hikari.HikariDataSource       : HikariPool-1 - Starting...
2025-04-03 00:35:49.311  INFO 28604 --- [user-service] [pool-5-thread-2] com.zaxxer.hikari.HikariDataSource       : HikariPool-1 - Starting...
2025-04-03 00:35:50.325  INFO 28604 --- [user-service] [pool-5-thread-3] com.zaxxer.hikari.HikariDataSource       : HikariPool-1 - Starting...
2025-04-03 00:35:51.336  INFO 28604 --- [user-service] [pool-5-thread-6] com.zaxxer.hikari.HikariDataSource       : HikariPool-1 - Starting...
2025-04-03 00:35:52.347  INFO 28604 --- [user-service] [pool-5-thread-5] com.zaxxer.hikari.HikariDataSource       : HikariPool-1 - Starting...
2025-04-03 00:35:53.357  INFO 28604 --- [user-service] [pool-5-thread-7] com.zaxxer.hikari.HikariDataSource       : HikariPool-1 - Starting...
2025-04-03 00:35:54.366  INFO 28604 --- [user-service] [pool-5-thread-4] com.zaxxer.hikari.HikariDataSource       : HikariPool-1 - Starting...
2025-04-03 00:35:55.380  INFO 28604 --- [user-service] [pool-5-thread-8] com.zaxxer.hikari.HikariDataSource       : HikariPool-1 - Starting...
2025-04-03 00:35:56.388  INFO 28604 --- [user-service] [pool-5-thread-9] com.zaxxer.hikari.HikariDataSource       : HikariPool-1 - Starting...
2025-04-03 00:35:57.401  INFO 28604 --- [user-service] [pool-5-thread-10] com.zaxxer.hikari.HikariDataSource       : HikariPool-1 - Starting...
2025-04-03 00:35:58.413  INFO 28604 --- [user-service] [pool-5-thread-1] com.zaxxer.hikari.HikariDataSource       : HikariPool-1 - Starting...
2025-04-03 00:35:59.426  INFO 28604 --- [user-service] [pool-5-thread-10] com.zaxxer.hikari.HikariDataSource       : HikariPool-1 - Starting...
2025-04-03 00:36:00.442  INFO 28604 --- [user-service] [pool-5-thread-9] com.zaxxer.hikari.HikariDataSource       : HikariPool-1 - Starting...
2025-04-03 00:36:01.444  INFO 28604 --- [user-service] [pool-5-thread-8] com.zaxxer.hikari.HikariDataSource       : HikariPool-1 - Starting...
2025-04-03 00:36:02.446  INFO 28604 --- [user-service] [pool-5-thread-4] com.zaxxer.hikari.HikariDataSource       : HikariPool-1 - Starting...
2025-04-03 00:36:03.450  INFO 28604 --- [user-service] [pool-5-thread-7] com.zaxxer.hikari.HikariDataSource       : HikariPool-1 - Starting...
2025-04-03 00:36:04.460  INFO 28604 --- [user-service] [pool-5-thread-5] com.zaxxer.hikari.HikariDataSource       : HikariPool-1 - Starting...
2025-04-03 00:36:05.472  INFO 28604 --- [user-service] [pool-5-thread-6] com.zaxxer.hikari.HikariDataSource       : HikariPool-1 - Starting...
2025-04-03 00:36:06.485  INFO 28604 --- [user-service] [pool-5-thread-3] com.zaxxer.hikari.HikariDataSource       : HikariPool-1 - Starting...
2025-04-03 00:36:07.496  INFO 28604 --- [user-service] [pool-5-thread-2] com.zaxxer.hikari.HikariDataSource       : HikariPool-1 - Starting...
2025-04-03 00:36:08.509  INFO 28604 --- [user-service] [pool-5-thread-3] com.zaxxer.hikari.HikariDataSource       : HikariPool-1 - Starting...
2025-04-03 00:36:09.523  INFO 28604 --- [user-service] [pool-5-thread-6] com.zaxxer.hikari.HikariDataSource       : HikariPool-1 - Starting...
2025-04-03 00:36:10.535  INFO 28604 --- [user-service] [pool-5-thread-5] com.zaxxer.hikari.HikariDataSource       : HikariPool-1 - Starting...
2025-04-03 00:36:11.547  INFO 28604 --- [user-service] [pool-5-thread-7] com.zaxxer.hikari.HikariDataSource       : HikariPool-1 - Starting...
2025-04-03 00:36:12.556  INFO 28604 --- [user-service] [pool-5-thread-4] com.zaxxer.hikari.HikariDataSource       : HikariPool-1 - Starting...
2025-04-03 00:36:13.558  INFO 28604 --- [user-service] [pool-5-thread-8] com.zaxxer.hikari.HikariDataSource       : HikariPool-1 - Starting...
2025-04-03 00:36:14.572  INFO 28604 --- [user-service] [pool-5-thread-9] com.zaxxer.hikari.HikariDataSource       : HikariPool-1 - Starting...
2025-04-03 00:36:15.585  INFO 28604 --- [user-service] [pool-5-thread-10] com.zaxxer.hikari.HikariDataSource       : HikariPool-1 - Starting...
2025-04-03 00:36:16.595  INFO 28604 --- [user-service] [pool-5-thread-1] com.zaxxer.hikari.HikariDataSource       : HikariPool-1 - Starting...
2025-04-03 00:36:17.609  INFO 28604 --- [user-service] [pool-5-thread-10] com.zaxxer.hikari.HikariDataSource       : HikariPool-1 - Starting...
2025-04-03 00:36:18.613  INFO 28604 --- [user-service] [pool-5-thread-9] com.zaxxer.hikari.HikariDataSource       : HikariPool-1 - Starting...
2025-04-03 00:36:19.620  INFO 28604 --- [user-service] [pool-5-thread-8] com.zaxxer.hikari.HikariDataSource       : HikariPool-1 - Starting...
2025-04-03 00:36:20.635  INFO 28604 --- [user-service] [pool-5-thread-4] com.zaxxer.hikari.HikariDataSource       : HikariPool-1 - Starting...
2025-04-03 00:36:21.648  INFO 28604 --- [user-service] [pool-5-thread-7] com.zaxxer.hikari.HikariDataSource       : HikariPool-1 - Starting...
2025-04-03 00:36:22.662  INFO 28604 --- [user-service] [pool-5-thread-5] com.zaxxer.hikari.HikariDataSource       : HikariPool-1 - Starting...
2025-04-03 00:36:23.673  INFO 28604 --- [user-service] [pool-5-thread-6] com.zaxxer.hikari.HikariDataSource       : HikariPool-1 - Starting...
2025-04-03 00:36:24.676  INFO 28604 --- [user-service] [pool-5-thread-3] com.zaxxer.hikari.HikariDataSource       : HikariPool-1 - Starting...
2025-04-03 00:36:25.689  INFO 28604 --- [user-service] [pool-5-thread-2] com.zaxxer.hikari.HikariDataSource       : HikariPool-1 - Starting...
2025-04-03 00:36:26.691  INFO 28604 --- [user-service] [pool-5-thread-3] com.zaxxer.hikari.HikariDataSource       : HikariPool-1 - Starting...
2025-04-03 00:36:27.695  INFO 28604 --- [user-service] [pool-5-thread-6] com.zaxxer.hikari.HikariDataSource       : HikariPool-1 - Starting...
2025-04-03 00:36:28.698  INFO 28604 --- [user-service] [pool-5-thread-5] com.zaxxer.hikari.HikariDataSource       : HikariPool-1 - Starting...
2025-04-03 00:36:29.711  INFO 28604 --- [user-service] [pool-5-thread-7] com.zaxxer.hikari.HikariDataSource       : HikariPool-1 - Starting...
2025-04-03 00:36:30.714  INFO 28604 --- [user-service] [pool-5-thread-4] com.zaxxer.hikari.HikariDataSource       : HikariPool-1 - Starting...
2025-04-03 00:36:31.725  INFO 28604 --- [user-service] [pool-5-thread-8] com.zaxxer.hikari.HikariDataSource       : HikariPool-1 - Starting...
2025-04-03 00:36:32.742  INFO 28604 --- [user-service] [pool-5-thread-9] com.zaxxer.hikari.HikariDataSource       : HikariPool-1 - Starting...
2025-04-03 00:36:33.744  INFO 28604 --- [user-service] [pool-5-thread-10] com.zaxxer.hikari.HikariDataSource       : HikariPool-1 - Starting...
2025-04-03 00:36:34.760  INFO 28604 --- [user-service] [pool-5-thread-1] com.zaxxer.hikari.HikariDataSource       : HikariPool-1 - Starting...
2025-04-03 00:36:35.776  INFO 28604 --- [user-service] [pool-5-thread-10] com.zaxxer.hikari.HikariDataSource       : HikariPool-1 - Starting...
2025-04-03 00:36:36.788  INFO 28604 --- [user-service] [pool-5-thread-9] com.zaxxer.hikari.HikariDataSource       : HikariPool-1 - Starting...
2025-04-03 00:36:37.792  INFO 28604 --- [user-service] [pool-5-thread-8] com.zaxxer.hikari.HikariDataSource       : HikariPool-1 - Starting...
2025-04-03 00:36:38.801  INFO 28604 --- [user-service] [pool-5-thread-4] com.zaxxer.hikari.HikariDataSource       : HikariPool-1 - Starting...
2025-04-03 00:36:39.814  INFO 28604 --- [user-service] [pool-5-thread-7] com.zaxxer.hikari.HikariDataSource       : HikariPool-1 - Starting...
2025-04-03 00:36:40.828  INFO 28604 --- [user-service] [pool-5-thread-5] com.zaxxer.hikari.HikariDataSource       : HikariPool-1 - Starting...
2025-04-03 00:36:41.842  INFO 28604 --- [user-service] [pool-5-thread-6] com.zaxxer.hikari.HikariDataSource       : HikariPool-1 - Starting...
2025-04-03 00:36:42.851  INFO 28604 --- [user-service] [pool-5-thread-3] com.zaxxer.hikari.HikariDataSource       : HikariPool-1 - Starting...
2025-04-03 00:36:43.862  INFO 28604 --- [user-service] [pool-5-thread-2] com.zaxxer.hikari.HikariDataSource       : HikariPool-1 - Starting...
2025-04-03 00:36:44.876  INFO 28604 --- [user-service] [pool-5-thread-3] com.zaxxer.hikari.HikariDataSource       : HikariPool-1 - Starting...
2025-04-03 00:36:45.891  INFO 28604 --- [user-service] [pool-5-thread-6] com.zaxxer.hikari.HikariDataSource       : HikariPool-1 - Starting...
2025-04-03 00:36:46.894  INFO 28604 --- [user-service] [pool-5-thread-5] com.zaxxer.hikari.HikariDataSource       : HikariPool-1 - Starting...
2025-04-03 00:36:47.904  INFO 28604 --- [user-service] [pool-5-thread-7] com.zaxxer.hikari.HikariDataSource       : HikariPool-1 - Starting...
2025-04-03 00:36:48.915  INFO 28604 --- [user-service] [pool-5-thread-4] com.zaxxer.hikari.HikariDataSource       : HikariPool-1 - Starting...
2025-04-03 00:36:49.930  INFO 28604 --- [user-service] [pool-5-thread-8] com.zaxxer.hikari.HikariDataSource       : HikariPool-1 - Starting...
2025-04-03 00:36:50.933  INFO 28604 --- [user-service] [pool-5-thread-9] com.zaxxer.hikari.HikariDataSource       : HikariPool-1 - Starting...
2025-04-03 00:36:51.936  INFO 28604 --- [user-service] [pool-5-thread-10] com.zaxxer.hikari.HikariDataSource       : HikariPool-1 - Starting...
2025-04-03 00:36:52.948  INFO 28604 --- [user-service] [pool-5-thread-1] com.zaxxer.hikari.HikariDataSource       : HikariPool-1 - Starting...
2025-04-03 00:36:53.958  INFO 28604 --- [user-service] [pool-5-thread-10] com.zaxxer.hikari.HikariDataSource       : HikariPool-1 - Starting...
2025-04-03 00:36:54.975  INFO 28604 --- [user-service] [pool-5-thread-9] com.zaxxer.hikari.HikariDataSource       : HikariPool-1 - Starting...
2025-04-03 00:36:55.988  INFO 28604 --- [user-service] [pool-5-thread-8] com.zaxxer.hikari.HikariDataSource       : HikariPool-1 - Starting...
2025-04-03 00:36:57.003  INFO 28604 --- [user-service] [pool-5-thread-4] com.zaxxer.hikari.HikariDataSource       : HikariPool-1 - Starting...
2025-04-03 00:36:58.014  INFO 28604 --- [user-service] [pool-5-thread-7] com.zaxxer.hikari.HikariDataSource       : HikariPool-1 - Starting...
2025-04-03 00:36:59.017  INFO 28604 --- [user-service] [pool-5-thread-5] com.zaxxer.hikari.HikariDataSource       : HikariPool-1 - Starting...
2025-04-03 00:37:00.027  INFO 28604 --- [user-service] [pool-5-thread-6] com.zaxxer.hikari.HikariDataSource       : HikariPool-1 - Starting...
2025-04-03 00:37:01.038  INFO 28604 --- [user-service] [pool-5-thread-3] com.zaxxer.hikari.HikariDataSource       : HikariPool-1 - Starting...
2025-04-03 00:37:02.049  INFO 28604 --- [user-service] [pool-5-thread-2] com.zaxxer.hikari.HikariDataSource       : HikariPool-1 - Starting...
2025-04-03 00:37:03.059  INFO 28604 --- [user-service] [pool-5-thread-3] com.zaxxer.hikari.HikariDataSource       : HikariPool-1 - Starting...
2025-04-03 00:37:04.073  INFO 28604 --- [user-service] [pool-5-thread-6] com.zaxxer.hikari.HikariDataSource       : HikariPool-1 - Starting...
2025-04-03 00:37:05.088  INFO 28604 --- [user-service] [pool-5-thread-5] com.zaxxer.hikari.HikariDataSource       : HikariPool-1 - Starting...
2025-04-03 00:37:06.100  INFO 28604 --- [user-service] [pool-5-thread-7] com.zaxxer.hikari.HikariDataSource       : HikariPool-1 - Starting...
2025-04-03 00:37:07.116  INFO 28604 --- [user-service] [pool-5-thread-4] com.zaxxer.hikari.HikariDataSource       : HikariPool-1 - Starting...
2025-04-03 00:37:08.133  INFO 28604 --- [user-service] [pool-5-thread-8] com.zaxxer.hikari.HikariDataSource       : HikariPool-1 - Starting...
2025-04-03 00:37:09.141  INFO 28604 --- [user-service] [pool-5-thread-9] com.zaxxer.hikari.HikariDataSource       : HikariPool-1 - Starting...
2025-04-03 00:37:10.156  INFO 28604 --- [user-service] [pool-5-thread-10] com.zaxxer.hikari.HikariDataSource       : HikariPool-1 - Starting...
2025-04-03 00:37:11.160  INFO 28604 --- [user-service] [pool-5-thread-1] com.zaxxer.hikari.HikariDataSource       : HikariPool-1 - Starting...
2025-04-03 00:37:12.167  INFO 28604 --- [user-service] [pool-5-thread-10] com.zaxxer.hikari.HikariDataSource       : HikariPool-1 - Starting...
2025-04-03 00:37:13.182  INFO 28604 --- [user-service] [pool-5-thread-9] com.zaxxer.hikari.HikariDataSource       : HikariPool-1 - Starting...
2025-04-03 00:37:14.197  INFO 28604 --- [user-service] [pool-5-thread-8] com.zaxxer.hikari.HikariDataSource       : HikariPool-1 - Starting...
2025-04-03 00:37:15.207  INFO 28604 --- [user-service] [pool-5-thread-4] com.zaxxer.hikari.HikariDataSource       : HikariPool-1 - Starting...
2025-04-03 00:37:16.219  INFO 28604 --- [user-service] [pool-5-thread-7] com.zaxxer.hikari.HikariDataSource       : HikariPool-1 - Starting...
2025-04-03 00:37:17.229  INFO 28604 --- [user-service] [pool-5-thread-5] com.zaxxer.hikari.HikariDataSource       : HikariPool-1 - Starting...
2025-04-03 00:37:18.231  INFO 28604 --- [user-service] [pool-5-thread-6] com.zaxxer.hikari.HikariDataSource       : HikariPool-1 - Starting...
2025-04-03 00:37:19.245  INFO 28604 --- [user-service] [pool-5-thread-3] com.zaxxer.hikari.HikariDataSource       : HikariPool-1 - Starting...
2025-04-03 00:37:20.248  INFO 28604 --- [user-service] [pool-5-thread-2] com.zaxxer.hikari.HikariDataSource       : HikariPool-1 - Starting...
2025-04-03 00:37:21.255  INFO 28604 --- [user-service] [pool-5-thread-3] com.zaxxer.hikari.HikariDataSource       : HikariPool-1 - Starting...
2025-04-03 00:37:22.265  INFO 28604 --- [user-service] [pool-5-thread-6] com.zaxxer.hikari.HikariDataSource       : HikariPool-1 - Starting...
2025-04-03 00:37:23.269  INFO 28604 --- [user-service] [pool-5-thread-5] com.zaxxer.hikari.HikariDataSource       : HikariPool-1 - Starting...
2025-04-03 00:37:24.282  INFO 28604 --- [user-service] [pool-5-thread-7] com.zaxxer.hikari.HikariDataSource       : HikariPool-1 - Starting...
2025-04-03 00:37:25.298  INFO 28604 --- [user-service] [pool-5-thread-4] com.zaxxer.hikari.HikariDataSource       : HikariPool-1 - Starting...
2025-04-03 00:37:26.313  INFO 28604 --- [user-service] [pool-5-thread-8] com.zaxxer.hikari.HikariDataSource       : HikariPool-1 - Starting...
2025-04-03 00:37:27.315  INFO 28604 --- [user-service] [pool-5-thread-9] com.zaxxer.hikari.HikariDataSource       : HikariPool-1 - Starting...
2025-04-03 00:37:28.168  WARN 28604 --- [user-service] [Thread-8] c.a.nacos.common.notify.NotifyCenter     : [NotifyCenter] Start destroying Publisher
2025-04-03 00:37:28.168  WARN 28604 --- [user-service] [Thread-1] c.a.n.common.executor.ThreadPoolManager  : [ThreadPoolManager] Start destroying ThreadPool
2025-04-03 00:37:28.168  WARN 28604 --- [user-service] [Thread-6] c.a.n.common.http.HttpClientBeanHolder   : [HttpClientBeanHolder] Start destroying common HttpClient
2025-04-03 00:37:28.168  WARN 28604 --- [user-service] [Thread-8] c.a.nacos.common.notify.NotifyCenter     : [NotifyCenter] Destruction of the end
2025-04-03 00:37:28.168  WARN 28604 --- [user-service] [Thread-1] c.a.n.common.executor.ThreadPoolManager  : [ThreadPoolManager] Destruction of the end
2025-04-03 00:37:28.168  WARN 28604 --- [user-service] [Thread-6] c.a.n.common.http.HttpClientBeanHolder   : [HttpClientBeanHolder] Destruction of the end
2025-04-03 00:37:28.171  INFO 28604 --- [user-service] [SpringApplicationShutdownHook] o.s.b.w.e.tomcat.GracefulShutdown        : Commencing graceful shutdown. Waiting for active requests to complete
2025-04-03 00:37:28.178  INFO 28604 --- [user-service] [tomcat-shutdown] o.s.b.w.e.tomcat.GracefulShutdown        : Graceful shutdown complete
2025-04-03 00:37:28.181  INFO 28604 --- [user-service] [SpringApplicationShutdownHook] c.a.c.n.registry.NacosServiceRegistry    : De-registering from Nacos Server now...
2025-04-03 00:37:28.186  INFO 28604 --- [user-service] [SpringApplicationShutdownHook] c.a.c.n.registry.NacosServiceRegistry    : De-registration finished.
2025-04-03 00:37:36.376  INFO 32492 --- [user-service] [main] c.a.c.n.c.NacosConfigDataLoader          : [Nacos Config] Load config[dataId=shared-sentinel.yaml, group=DEFAULT_GROUP] success
2025-04-03 00:37:36.377  INFO 32492 --- [user-service] [main] c.a.c.n.c.NacosConfigDataLoader          : [Nacos Config] Load config[dataId=shared-log.yaml, group=DEFAULT_GROUP] success
2025-04-03 00:37:36.377  INFO 32492 --- [user-service] [main] c.a.c.n.c.NacosConfigDataLoader          : [Nacos Config] Load config[dataId=shared-jdbc.yaml, group=DEFAULT_GROUP] success
2025-04-03 00:37:37.648  INFO 32492 --- [user-service] [main] c.c.c.ConfigServicePropertySourceLocator : Fetching config from server at : http://localhost:8888
2025-04-03 00:37:37.693  INFO 32492 --- [user-service] [main] c.c.c.ConfigServicePropertySourceLocator : Exception on Url - http://localhost:8888:org.springframework.web.client.ResourceAccessException: I/O error on GET request for "http://localhost:8888/user-service/dev": Connection refused: getsockopt. Will be trying the next url if available
2025-04-03 00:37:37.693  WARN 32492 --- [user-service] [main] c.c.c.ConfigServicePropertySourceLocator : Could not locate PropertySource: I/O error on GET request for "http://localhost:8888/user-service/dev": Connection refused: getsockopt
2025-04-03 00:37:37.700  INFO 32492 --- [user-service] [main] com.smileShark.user.UserApplication      : The following 1 profile is active: "dev"
2025-04-03 00:37:37.710  INFO 32492 --- [user-service] [main] c.a.c.n.c.NacosConfigDataLoader          : [Nacos Config] Load config[dataId=shared-sentinel.yaml, group=DEFAULT_GROUP] success
2025-04-03 00:37:37.710  INFO 32492 --- [user-service] [main] c.a.c.n.c.NacosConfigDataLoader          : [Nacos Config] Load config[dataId=shared-log.yaml, group=DEFAULT_GROUP] success
2025-04-03 00:37:37.710  INFO 32492 --- [user-service] [main] c.a.c.n.c.NacosConfigDataLoader          : [Nacos Config] Load config[dataId=shared-jdbc.yaml, group=DEFAULT_GROUP] success
2025-04-03 00:37:38.172  INFO 32492 --- [user-service] [main] o.s.cloud.context.scope.GenericScope     : BeanFactory id=192969dd-a094-3fbb-b557-bbec810de7e4
2025-04-03 00:37:38.192  WARN 32492 --- [user-service] [main] trationDelegate$BeanPostProcessorChecker : Bean 'com.alibaba.cloud.nacos.NacosConfigAutoConfiguration' of type [com.alibaba.cloud.nacos.NacosConfigAutoConfiguration] is not eligible for getting processed by all BeanPostProcessors (for example: not eligible for auto-proxying). The currently created BeanPostProcessor [nacosAnnotationProcessor] is declared through a non-static factory method on that class; consider declaring it as static instead.
2025-04-03 00:37:38.511  INFO 32492 --- [user-service] [main] o.s.b.w.embedded.tomcat.TomcatWebServer  : Tomcat initialized with port 8084 (http)
2025-04-03 00:37:38.514  INFO 32492 --- [user-service] [main] o.a.catalina.core.AprLifecycleListener   : An older version [1.3.1] of the Apache Tomcat Native library is installed, while Tomcat recommends a minimum version of [2.0.5]
2025-04-03 00:37:38.514  INFO 32492 --- [user-service] [main] o.a.catalina.core.AprLifecycleListener   : Loaded Apache Tomcat Native library [1.3.1] using APR version [1.7.4].
2025-04-03 00:37:38.517  INFO 32492 --- [user-service] [main] o.a.catalina.core.AprLifecycleListener   : OpenSSL successfully initialized [OpenSSL 3.0.14 4 Jun 2024]
2025-04-03 00:37:38.525  INFO 32492 --- [user-service] [main] o.apache.catalina.core.StandardService   : Starting service [Tomcat]
2025-04-03 00:37:38.525  INFO 32492 --- [user-service] [main] o.apache.catalina.core.StandardEngine    : Starting Servlet engine: [Apache Tomcat/10.1.36]
2025-04-03 00:37:38.563  INFO 32492 --- [user-service] [main] o.a.c.c.C.[Tomcat].[localhost].[/]       : Initializing Spring embedded WebApplicationContext
2025-04-03 00:37:38.563  INFO 32492 --- [user-service] [main] w.s.c.ServletWebServerApplicationContext : Root WebApplicationContext: initialization completed in 853 ms
2025-04-03 00:37:38.799  INFO 32492 --- [user-service] [main] c.a.c.sentinel.SentinelWebMvcConfigurer  : [Sentinel Starter] register SentinelWebInterceptor with urlPatterns: [/**].
2025-04-03 00:37:39.971  INFO 32492 --- [user-service] [main] o.s.cloud.commons.util.InetUtils         : Cannot determine local hostname
2025-04-03 00:37:41.080  INFO 32492 --- [user-service] [main] o.s.cloud.commons.util.InetUtils         : Cannot determine local hostname
2025-04-03 00:37:41.106  WARN 32492 --- [user-service] [main] iguration$LoadBalancerCaffeineWarnLogger : Spring Cloud LoadBalancer is currently working with the default cache. While this cache implementation is useful for development and tests, it's recommended to use Caffeine cache in production.You can switch to using Caffeine cache, by adding it and org.springframework.cache.caffeine.CaffeineCacheManager to the classpath.
2025-04-03 00:37:41.150  INFO 32492 --- [user-service] [main] o.s.b.w.embedded.tomcat.TomcatWebServer  : Tomcat started on port 8084 (http) with context path '/'
2025-04-03 00:37:41.161  INFO 32492 --- [user-service] [main] c.a.n.p.a.s.c.ClientAuthPluginManager    : [ClientAuthPluginManager] Load ClientAuthService com.alibaba.nacos.client.auth.impl.NacosClientAuthServiceImpl success.
2025-04-03 00:37:41.161  INFO 32492 --- [user-service] [main] c.a.n.p.a.s.c.ClientAuthPluginManager    : [ClientAuthPluginManager] Load ClientAuthService com.alibaba.nacos.client.auth.ram.RamClientAuthServiceImpl success.
2025-04-03 00:37:41.242  INFO 32492 --- [user-service] [main] c.a.c.n.registry.NacosServiceRegistry    : nacos registry, DEFAULT_GROUP user-service 10.0.13.16:8084 register finished
2025-04-03 00:37:42.249  INFO 32492 --- [user-service] [main] o.s.cloud.commons.util.InetUtils         : Cannot determine local hostname
2025-04-03 00:37:42.259  INFO 32492 --- [user-service] [main] com.smileShark.user.UserApplication      : Started UserApplication in 8.202 seconds (process running for 8.718)
2025-04-03 00:37:42.271  INFO 32492 --- [user-service] [main] c.a.c.n.refresh.NacosContextRefresher    : [Nacos Config] Listening config: dataId=shared-sentinel.yaml, group=DEFAULT_GROUP
2025-04-03 00:37:42.272  INFO 32492 --- [user-service] [main] c.a.c.n.refresh.NacosContextRefresher    : [Nacos Config] Listening config: dataId=shared-log.yaml, group=DEFAULT_GROUP
2025-04-03 00:37:42.273  INFO 32492 --- [user-service] [main] c.a.c.n.refresh.NacosContextRefresher    : [Nacos Config] Listening config: dataId=shared-jdbc.yaml, group=DEFAULT_GROUP
2025-04-03 00:39:07.357  INFO 32492 --- [user-service] [http-nio-8084-exec-1] o.a.c.c.C.[Tomcat].[localhost].[/]       : Initializing Spring DispatcherServlet 'dispatcherServlet'
2025-04-03 00:39:07.357  INFO 32492 --- [user-service] [http-nio-8084-exec-1] o.s.web.servlet.DispatcherServlet        : Initializing Servlet 'dispatcherServlet'
2025-04-03 00:39:07.358  INFO 32492 --- [user-service] [http-nio-8084-exec-1] o.s.web.servlet.DispatcherServlet        : Completed initialization in 1 ms
2025-04-03 00:39:07.443  INFO 32492 --- [user-service] [http-nio-8084-exec-1] c.s.user.service.imp.UserServiceImp      : 用户：320123199008210001 登录，IP地址：0:0:0:0:0:0:0:1
2025-04-03 00:39:08.455  INFO 32492 --- [user-service] [http-nio-8084-exec-1] c.s.user.service.imp.UserServiceImp      : 用户：320123199008210001 登录成功
2025-04-03 00:39:08.472  INFO 32492 --- [user-service] [pool-5-thread-1] com.zaxxer.hikari.HikariDataSource       : HikariPool-1 - Starting...
2025-04-03 00:39:09.574  INFO 32492 --- [user-service] [http-nio-8084-exec-3] c.s.user.service.imp.UserServiceImp      : 用户：320123199008210001 登录，IP地址：0:0:0:0:0:0:0:1
2025-04-03 00:39:10.231  INFO 32492 --- [user-service] [http-nio-8084-exec-3] c.s.user.service.imp.UserServiceImp      : 用户：320123199008210001 登录成功
2025-04-03 00:39:10.232  INFO 32492 --- [user-service] [pool-5-thread-2] com.zaxxer.hikari.HikariDataSource       : HikariPool-1 - Starting...
2025-04-03 00:39:11.173  INFO 32492 --- [user-service] [http-nio-8084-exec-2] c.s.user.service.imp.UserServiceImp      : 用户：320123199008210001 登录，IP地址：0:0:0:0:0:0:0:1
2025-04-03 00:39:12.284  INFO 32492 --- [user-service] [http-nio-8084-exec-2] c.s.user.service.imp.UserServiceImp      : 用户：320123199008210001 登录成功
2025-04-03 00:39:12.285  INFO 32492 --- [user-service] [pool-5-thread-3] com.zaxxer.hikari.HikariDataSource       : HikariPool-1 - Starting...
2025-04-03 00:39:27.009  INFO 32492 --- [user-service] [pool-5-thread-1] com.zaxxer.hikari.HikariDataSource       : HikariPool-1 - Starting...
2025-04-03 00:39:28.012  INFO 32492 --- [user-service] [pool-5-thread-7] com.zaxxer.hikari.HikariDataSource       : HikariPool-1 - Starting...
2025-04-03 00:39:29.024  INFO 32492 --- [user-service] [pool-5-thread-6] com.zaxxer.hikari.HikariDataSource       : HikariPool-1 - Starting...
2025-04-03 00:39:30.038  INFO 32492 --- [user-service] [pool-5-thread-8] com.zaxxer.hikari.HikariDataSource       : HikariPool-1 - Starting...
2025-04-03 00:39:31.045  INFO 32492 --- [user-service] [pool-5-thread-4] com.zaxxer.hikari.HikariDataSource       : HikariPool-1 - Starting...
2025-04-03 00:39:32.048  INFO 32492 --- [user-service] [pool-5-thread-8] com.zaxxer.hikari.HikariDataSource       : HikariPool-1 - Starting...
2025-04-03 00:39:33.053  INFO 32492 --- [user-service] [pool-5-thread-3] com.zaxxer.hikari.HikariDataSource       : HikariPool-1 - Starting...
2025-04-03 00:39:34.067  INFO 32492 --- [user-service] [pool-5-thread-6] com.zaxxer.hikari.HikariDataSource       : HikariPool-1 - Starting...
2025-04-03 00:39:35.075  INFO 32492 --- [user-service] [pool-5-thread-7] com.zaxxer.hikari.HikariDataSource       : HikariPool-1 - Starting...
2025-04-03 00:39:36.087  INFO 32492 --- [user-service] [pool-5-thread-2] com.zaxxer.hikari.HikariDataSource       : HikariPool-1 - Starting...
2025-04-03 00:39:37.102  INFO 32492 --- [user-service] [pool-5-thread-5] com.zaxxer.hikari.HikariDataSource       : HikariPool-1 - Starting...
2025-04-03 00:39:38.111  INFO 32492 --- [user-service] [pool-5-thread-10] com.zaxxer.hikari.HikariDataSource       : HikariPool-1 - Starting...
2025-04-03 00:39:39.124  INFO 32492 --- [user-service] [pool-5-thread-9] com.zaxxer.hikari.HikariDataSource       : HikariPool-1 - Starting...
2025-04-03 00:39:40.137  INFO 32492 --- [user-service] [pool-5-thread-1] com.zaxxer.hikari.HikariDataSource       : HikariPool-1 - Starting...
2025-04-03 00:39:41.148  INFO 32492 --- [user-service] [pool-5-thread-9] com.zaxxer.hikari.HikariDataSource       : HikariPool-1 - Starting...
2025-04-03 00:39:42.154  INFO 32492 --- [user-service] [pool-5-thread-10] com.zaxxer.hikari.HikariDataSource       : HikariPool-1 - Starting...
2025-04-03 00:39:43.168  INFO 32492 --- [user-service] [pool-5-thread-5] com.zaxxer.hikari.HikariDataSource       : HikariPool-1 - Starting...
2025-04-03 00:39:44.181  INFO 32492 --- [user-service] [pool-5-thread-2] com.zaxxer.hikari.HikariDataSource       : HikariPool-1 - Starting...
2025-04-03 00:39:45.196  INFO 32492 --- [user-service] [pool-5-thread-7] com.zaxxer.hikari.HikariDataSource       : HikariPool-1 - Starting...
2025-04-03 00:39:46.209  INFO 32492 --- [user-service] [pool-5-thread-6] com.zaxxer.hikari.HikariDataSource       : HikariPool-1 - Starting...
2025-04-03 00:39:47.222  INFO 32492 --- [user-service] [pool-5-thread-3] com.zaxxer.hikari.HikariDataSource       : HikariPool-1 - Starting...
2025-04-03 00:39:48.236  INFO 32492 --- [user-service] [pool-5-thread-8] com.zaxxer.hikari.HikariDataSource       : HikariPool-1 - Starting...
2025-04-03 00:39:49.239  INFO 32492 --- [user-service] [pool-5-thread-4] com.zaxxer.hikari.HikariDataSource       : HikariPool-1 - Starting...
2025-04-03 00:39:50.241  INFO 32492 --- [user-service] [pool-5-thread-8] com.zaxxer.hikari.HikariDataSource       : HikariPool-1 - Starting...
2025-04-03 00:39:51.244  INFO 32492 --- [user-service] [pool-5-thread-3] com.zaxxer.hikari.HikariDataSource       : HikariPool-1 - Starting...
2025-04-03 00:39:52.254  INFO 32492 --- [user-service] [pool-5-thread-6] com.zaxxer.hikari.HikariDataSource       : HikariPool-1 - Starting...
2025-04-03 00:39:53.257  INFO 32492 --- [user-service] [pool-5-thread-7] com.zaxxer.hikari.HikariDataSource       : HikariPool-1 - Starting...
2025-04-03 00:39:54.261  INFO 32492 --- [user-service] [pool-5-thread-2] com.zaxxer.hikari.HikariDataSource       : HikariPool-1 - Starting...
2025-04-03 00:39:55.275  INFO 32492 --- [user-service] [pool-5-thread-5] com.zaxxer.hikari.HikariDataSource       : HikariPool-1 - Starting...
2025-04-03 00:39:56.285  INFO 32492 --- [user-service] [pool-5-thread-10] com.zaxxer.hikari.HikariDataSource       : HikariPool-1 - Starting...
2025-04-03 00:39:57.295  INFO 32492 --- [user-service] [pool-5-thread-9] com.zaxxer.hikari.HikariDataSource       : HikariPool-1 - Starting...
2025-04-03 00:39:58.306  INFO 32492 --- [user-service] [pool-5-thread-1] com.zaxxer.hikari.HikariDataSource       : HikariPool-1 - Starting...
2025-04-03 00:39:59.319  INFO 32492 --- [user-service] [pool-5-thread-9] com.zaxxer.hikari.HikariDataSource       : HikariPool-1 - Starting...
2025-04-03 00:40:00.330  INFO 32492 --- [user-service] [pool-5-thread-10] com.zaxxer.hikari.HikariDataSource       : HikariPool-1 - Starting...
2025-04-03 00:40:01.343  INFO 32492 --- [user-service] [pool-5-thread-5] com.zaxxer.hikari.HikariDataSource       : HikariPool-1 - Starting...
2025-04-03 00:40:02.351  INFO 32492 --- [user-service] [pool-5-thread-2] com.zaxxer.hikari.HikariDataSource       : HikariPool-1 - Starting...
2025-04-03 00:40:03.358  INFO 32492 --- [user-service] [pool-5-thread-7] com.zaxxer.hikari.HikariDataSource       : HikariPool-1 - Starting...
2025-04-03 00:40:04.372  INFO 32492 --- [user-service] [pool-5-thread-6] com.zaxxer.hikari.HikariDataSource       : HikariPool-1 - Starting...
2025-04-03 00:40:05.383  INFO 32492 --- [user-service] [pool-5-thread-3] com.zaxxer.hikari.HikariDataSource       : HikariPool-1 - Starting...
2025-04-03 00:40:06.392  INFO 32492 --- [user-service] [pool-5-thread-8] com.zaxxer.hikari.HikariDataSource       : HikariPool-1 - Starting...
2025-04-03 00:40:07.401  INFO 32492 --- [user-service] [pool-5-thread-4] com.zaxxer.hikari.HikariDataSource       : HikariPool-1 - Starting...
2025-04-03 00:40:08.412  INFO 32492 --- [user-service] [pool-5-thread-8] com.zaxxer.hikari.HikariDataSource       : HikariPool-1 - Starting...
2025-04-03 00:40:09.424  INFO 32492 --- [user-service] [pool-5-thread-3] com.zaxxer.hikari.HikariDataSource       : HikariPool-1 - Starting...
2025-04-03 00:40:10.438  INFO 32492 --- [user-service] [pool-5-thread-6] com.zaxxer.hikari.HikariDataSource       : HikariPool-1 - Starting...
2025-04-03 00:40:11.447  INFO 32492 --- [user-service] [pool-5-thread-7] com.zaxxer.hikari.HikariDataSource       : HikariPool-1 - Starting...
2025-04-03 00:40:12.456  INFO 32492 --- [user-service] [pool-5-thread-7] com.zaxxer.hikari.HikariDataSource       : HikariPool-1 - Starting...
2025-04-03 00:40:13.465  INFO 32492 --- [user-service] [pool-5-thread-2] com.zaxxer.hikari.HikariDataSource       : HikariPool-1 - Starting...
2025-04-03 00:40:14.468  INFO 32492 --- [user-service] [pool-5-thread-5] com.zaxxer.hikari.HikariDataSource       : HikariPool-1 - Starting...
2025-04-03 00:40:15.475  INFO 32492 --- [user-service] [pool-5-thread-10] com.zaxxer.hikari.HikariDataSource       : HikariPool-1 - Starting...
2025-04-03 00:40:16.479  INFO 32492 --- [user-service] [pool-5-thread-9] com.zaxxer.hikari.HikariDataSource       : HikariPool-1 - Starting...
2025-04-03 00:40:17.493  INFO 32492 --- [user-service] [pool-5-thread-1] com.zaxxer.hikari.HikariDataSource       : HikariPool-1 - Starting...
2025-04-03 00:40:18.506  INFO 32492 --- [user-service] [pool-5-thread-9] com.zaxxer.hikari.HikariDataSource       : HikariPool-1 - Starting...
2025-04-03 00:40:19.516  INFO 32492 --- [user-service] [pool-5-thread-10] com.zaxxer.hikari.HikariDataSource       : HikariPool-1 - Starting...
2025-04-03 00:40:20.527  INFO 32492 --- [user-service] [pool-5-thread-5] com.zaxxer.hikari.HikariDataSource       : HikariPool-1 - Starting...
2025-04-03 00:40:21.530  INFO 32492 --- [user-service] [pool-5-thread-2] com.zaxxer.hikari.HikariDataSource       : HikariPool-1 - Starting...
2025-04-03 00:40:22.536  INFO 32492 --- [user-service] [pool-5-thread-7] com.zaxxer.hikari.HikariDataSource       : HikariPool-1 - Starting...
2025-04-03 00:40:23.550  INFO 32492 --- [user-service] [pool-5-thread-6] com.zaxxer.hikari.HikariDataSource       : HikariPool-1 - Starting...
2025-04-03 00:40:24.559  INFO 32492 --- [user-service] [pool-5-thread-3] com.zaxxer.hikari.HikariDataSource       : HikariPool-1 - Starting...
2025-04-03 00:40:25.561  INFO 32492 --- [user-service] [pool-5-thread-8] com.zaxxer.hikari.HikariDataSource       : HikariPool-1 - Starting...
2025-04-03 00:40:26.577  INFO 32492 --- [user-service] [pool-5-thread-4] com.zaxxer.hikari.HikariDataSource       : HikariPool-1 - Starting...
2025-04-03 00:40:27.593  INFO 32492 --- [user-service] [pool-5-thread-8] com.zaxxer.hikari.HikariDataSource       : HikariPool-1 - Starting...
2025-04-03 00:40:28.598  INFO 32492 --- [user-service] [pool-5-thread-3] com.zaxxer.hikari.HikariDataSource       : HikariPool-1 - Starting...
2025-04-03 00:40:29.611  INFO 32492 --- [user-service] [pool-5-thread-6] com.zaxxer.hikari.HikariDataSource       : HikariPool-1 - Starting...
2025-04-03 00:40:30.614  INFO 32492 --- [user-service] [pool-5-thread-7] com.zaxxer.hikari.HikariDataSource       : HikariPool-1 - Starting...
2025-04-03 00:40:31.617  INFO 32492 --- [user-service] [pool-5-thread-2] com.zaxxer.hikari.HikariDataSource       : HikariPool-1 - Starting...
2025-04-03 00:40:32.628  INFO 32492 --- [user-service] [pool-5-thread-5] com.zaxxer.hikari.HikariDataSource       : HikariPool-1 - Starting...
2025-04-03 00:40:33.642  INFO 32492 --- [user-service] [pool-5-thread-10] com.zaxxer.hikari.HikariDataSource       : HikariPool-1 - Starting...
2025-04-03 00:40:34.657  INFO 32492 --- [user-service] [pool-5-thread-9] com.zaxxer.hikari.HikariDataSource       : HikariPool-1 - Starting...
2025-04-03 00:40:35.670  INFO 32492 --- [user-service] [pool-5-thread-1] com.zaxxer.hikari.HikariDataSource       : HikariPool-1 - Starting...
2025-04-03 00:40:36.685  INFO 32492 --- [user-service] [pool-5-thread-9] com.zaxxer.hikari.HikariDataSource       : HikariPool-1 - Starting...
2025-04-03 00:40:37.688  INFO 32492 --- [user-service] [pool-5-thread-10] com.zaxxer.hikari.HikariDataSource       : HikariPool-1 - Starting...
2025-04-03 00:40:38.694  INFO 32492 --- [user-service] [pool-5-thread-5] com.zaxxer.hikari.HikariDataSource       : HikariPool-1 - Starting...
2025-04-03 00:40:39.706  INFO 32492 --- [user-service] [pool-5-thread-2] com.zaxxer.hikari.HikariDataSource       : HikariPool-1 - Starting...
2025-04-03 00:40:40.721  INFO 32492 --- [user-service] [pool-5-thread-7] com.zaxxer.hikari.HikariDataSource       : HikariPool-1 - Starting...
2025-04-03 00:40:41.726  INFO 32492 --- [user-service] [pool-5-thread-6] com.zaxxer.hikari.HikariDataSource       : HikariPool-1 - Starting...
2025-04-03 00:40:42.738  INFO 32492 --- [user-service] [pool-5-thread-3] com.zaxxer.hikari.HikariDataSource       : HikariPool-1 - Starting...
2025-04-03 00:40:43.741  INFO 32492 --- [user-service] [pool-5-thread-8] com.zaxxer.hikari.HikariDataSource       : HikariPool-1 - Starting...
2025-04-03 00:40:44.745  INFO 32492 --- [user-service] [pool-5-thread-4] com.zaxxer.hikari.HikariDataSource       : HikariPool-1 - Starting...
2025-04-03 00:40:45.750  INFO 32492 --- [user-service] [pool-5-thread-8] com.zaxxer.hikari.HikariDataSource       : HikariPool-1 - Starting...
2025-04-03 00:40:46.758  INFO 32492 --- [user-service] [pool-5-thread-3] com.zaxxer.hikari.HikariDataSource       : HikariPool-1 - Starting...
2025-04-03 00:40:47.772  INFO 32492 --- [user-service] [pool-5-thread-6] com.zaxxer.hikari.HikariDataSource       : HikariPool-1 - Starting...
2025-04-03 00:40:48.784  INFO 32492 --- [user-service] [pool-5-thread-7] com.zaxxer.hikari.HikariDataSource       : HikariPool-1 - Starting...
2025-04-03 00:40:49.790  INFO 32492 --- [user-service] [pool-5-thread-2] com.zaxxer.hikari.HikariDataSource       : HikariPool-1 - Starting...
2025-04-03 00:40:50.793  INFO 32492 --- [user-service] [pool-5-thread-5] com.zaxxer.hikari.HikariDataSource       : HikariPool-1 - Starting...
2025-04-03 00:40:51.803  INFO 32492 --- [user-service] [pool-5-thread-10] com.zaxxer.hikari.HikariDataSource       : HikariPool-1 - Starting...
2025-04-03 00:40:52.812  INFO 32492 --- [user-service] [pool-5-thread-9] com.zaxxer.hikari.HikariDataSource       : HikariPool-1 - Starting...
2025-04-03 00:40:53.818  INFO 32492 --- [user-service] [pool-5-thread-1] com.zaxxer.hikari.HikariDataSource       : HikariPool-1 - Starting...
2025-04-03 00:40:54.830  INFO 32492 --- [user-service] [pool-5-thread-9] com.zaxxer.hikari.HikariDataSource       : HikariPool-1 - Starting...
2025-04-03 00:40:55.836  INFO 32492 --- [user-service] [pool-5-thread-10] com.zaxxer.hikari.HikariDataSource       : HikariPool-1 - Starting...
2025-04-03 00:40:56.847  INFO 32492 --- [user-service] [pool-5-thread-5] com.zaxxer.hikari.HikariDataSource       : HikariPool-1 - Starting...
2025-04-03 00:40:57.854  INFO 32492 --- [user-service] [pool-5-thread-2] com.zaxxer.hikari.HikariDataSource       : HikariPool-1 - Starting...
2025-04-03 00:40:58.860  INFO 32492 --- [user-service] [pool-5-thread-7] com.zaxxer.hikari.HikariDataSource       : HikariPool-1 - Starting...
2025-04-03 00:40:59.867  INFO 32492 --- [user-service] [pool-5-thread-6] com.zaxxer.hikari.HikariDataSource       : HikariPool-1 - Starting...
2025-04-03 00:41:00.873  INFO 32492 --- [user-service] [pool-5-thread-3] com.zaxxer.hikari.HikariDataSource       : HikariPool-1 - Starting...
2025-04-03 00:41:01.880  INFO 32492 --- [user-service] [pool-5-thread-8] com.zaxxer.hikari.HikariDataSource       : HikariPool-1 - Starting...
2025-04-03 00:41:02.885  INFO 32492 --- [user-service] [pool-5-thread-4] com.zaxxer.hikari.HikariDataSource       : HikariPool-1 - Starting...
2025-04-03 00:41:03.898  INFO 32492 --- [user-service] [pool-5-thread-8] com.zaxxer.hikari.HikariDataSource       : HikariPool-1 - Starting...
2025-04-03 00:41:04.910  INFO 32492 --- [user-service] [pool-5-thread-3] com.zaxxer.hikari.HikariDataSource       : HikariPool-1 - Starting...
2025-04-03 00:41:05.927  INFO 32492 --- [user-service] [pool-5-thread-3] com.zaxxer.hikari.HikariDataSource       : HikariPool-1 - Starting...
2025-04-03 00:41:06.944  INFO 32492 --- [user-service] [pool-5-thread-6] com.zaxxer.hikari.HikariDataSource       : HikariPool-1 - Starting...
2025-04-03 00:41:07.943  WARN 32492 --- [user-service] [Thread-6] c.a.n.common.http.HttpClientBeanHolder   : [HttpClientBeanHolder] Start destroying common HttpClient
2025-04-03 00:41:07.943  WARN 32492 --- [user-service] [Thread-1] c.a.n.common.executor.ThreadPoolManager  : [ThreadPoolManager] Start destroying ThreadPool
2025-04-03 00:41:07.943  WARN 32492 --- [user-service] [Thread-8] c.a.nacos.common.notify.NotifyCenter     : [NotifyCenter] Start destroying Publisher
2025-04-03 00:41:07.943  WARN 32492 --- [user-service] [Thread-8] c.a.nacos.common.notify.NotifyCenter     : [NotifyCenter] Destruction of the end
2025-04-03 00:41:07.943  WARN 32492 --- [user-service] [Thread-1] c.a.n.common.executor.ThreadPoolManager  : [ThreadPoolManager] Destruction of the end
2025-04-03 00:41:07.943  WARN 32492 --- [user-service] [Thread-6] c.a.n.common.http.HttpClientBeanHolder   : [HttpClientBeanHolder] Destruction of the end
2025-04-03 00:41:07.943  INFO 32492 --- [user-service] [SpringApplicationShutdownHook] o.s.b.w.e.tomcat.GracefulShutdown        : Commencing graceful shutdown. Waiting for active requests to complete
2025-04-03 00:41:07.953  INFO 32492 --- [user-service] [pool-5-thread-7] com.zaxxer.hikari.HikariDataSource       : HikariPool-1 - Starting...
2025-04-03 00:41:07.953  INFO 32492 --- [user-service] [tomcat-shutdown] o.s.b.w.e.tomcat.GracefulShutdown        : Graceful shutdown complete
2025-04-03 00:41:07.958  INFO 32492 --- [user-service] [SpringApplicationShutdownHook] c.a.c.n.registry.NacosServiceRegistry    : De-registering from Nacos Server now...
2025-04-03 00:41:07.966  INFO 32492 --- [user-service] [SpringApplicationShutdownHook] c.a.c.n.registry.NacosServiceRegistry    : De-registration finished.
2025-04-03 08:22:33.410  INFO 404 --- [user-service] [main] c.a.c.n.c.NacosConfigDataLoader          : [Nacos Config] Load config[dataId=shared-sentinel.yaml, group=DEFAULT_GROUP] success
2025-04-03 08:22:33.411  INFO 404 --- [user-service] [main] c.a.c.n.c.NacosConfigDataLoader          : [Nacos Config] Load config[dataId=shared-log.yaml, group=DEFAULT_GROUP] success
2025-04-03 08:22:33.411  INFO 404 --- [user-service] [main] c.a.c.n.c.NacosConfigDataLoader          : [Nacos Config] Load config[dataId=shared-jdbc.yaml, group=DEFAULT_GROUP] success
2025-04-03 08:22:33.737  INFO 404 --- [user-service] [main] c.c.c.ConfigServicePropertySourceLocator : Fetching config from server at : http://localhost:8888
2025-04-03 08:22:33.790  INFO 404 --- [user-service] [main] c.c.c.ConfigServicePropertySourceLocator : Exception on Url - http://localhost:8888:org.springframework.web.client.ResourceAccessException: I/O error on GET request for "http://localhost:8888/user-service/dev": Connection refused: getsockopt. Will be trying the next url if available
2025-04-03 08:22:33.791  WARN 404 --- [user-service] [main] c.c.c.ConfigServicePropertySourceLocator : Could not locate PropertySource: I/O error on GET request for "http://localhost:8888/user-service/dev": Connection refused: getsockopt
2025-04-03 08:22:33.797  INFO 404 --- [user-service] [main] com.smileShark.user.UserApplication      : The following 1 profile is active: "dev"
2025-04-03 08:22:33.805  INFO 404 --- [user-service] [main] c.a.c.n.c.NacosConfigDataLoader          : [Nacos Config] Load config[dataId=shared-sentinel.yaml, group=DEFAULT_GROUP] success
2025-04-03 08:22:33.805  INFO 404 --- [user-service] [main] c.a.c.n.c.NacosConfigDataLoader          : [Nacos Config] Load config[dataId=shared-log.yaml, group=DEFAULT_GROUP] success
2025-04-03 08:22:33.805  INFO 404 --- [user-service] [main] c.a.c.n.c.NacosConfigDataLoader          : [Nacos Config] Load config[dataId=shared-jdbc.yaml, group=DEFAULT_GROUP] success
2025-04-03 08:22:34.316  INFO 404 --- [user-service] [main] o.s.cloud.context.scope.GenericScope     : BeanFactory id=192969dd-a094-3fbb-b557-bbec810de7e4
2025-04-03 08:22:34.336  WARN 404 --- [user-service] [main] trationDelegate$BeanPostProcessorChecker : Bean 'com.alibaba.cloud.nacos.NacosConfigAutoConfiguration' of type [com.alibaba.cloud.nacos.NacosConfigAutoConfiguration] is not eligible for getting processed by all BeanPostProcessors (for example: not eligible for auto-proxying). The currently created BeanPostProcessor [nacosAnnotationProcessor] is declared through a non-static factory method on that class; consider declaring it as static instead.
2025-04-03 08:22:34.720  INFO 404 --- [user-service] [main] o.s.b.w.embedded.tomcat.TomcatWebServer  : Tomcat initialized with port 8084 (http)
2025-04-03 08:22:34.722  INFO 404 --- [user-service] [main] o.a.catalina.core.AprLifecycleListener   : An older version [1.3.1] of the Apache Tomcat Native library is installed, while Tomcat recommends a minimum version of [2.0.5]
2025-04-03 08:22:34.722  INFO 404 --- [user-service] [main] o.a.catalina.core.AprLifecycleListener   : Loaded Apache Tomcat Native library [1.3.1] using APR version [1.7.4].
2025-04-03 08:22:34.725  INFO 404 --- [user-service] [main] o.a.catalina.core.AprLifecycleListener   : OpenSSL successfully initialized [OpenSSL 3.0.14 4 Jun 2024]
2025-04-03 08:22:34.733  INFO 404 --- [user-service] [main] o.apache.catalina.core.StandardService   : Starting service [Tomcat]
2025-04-03 08:22:34.734  INFO 404 --- [user-service] [main] o.apache.catalina.core.StandardEngine    : Starting Servlet engine: [Apache Tomcat/10.1.36]
2025-04-03 08:22:34.775  INFO 404 --- [user-service] [main] o.a.c.c.C.[Tomcat].[localhost].[/]       : Initializing Spring embedded WebApplicationContext
2025-04-03 08:22:34.776  INFO 404 --- [user-service] [main] w.s.c.ServletWebServerApplicationContext : Root WebApplicationContext: initialization completed in 971 ms
2025-04-03 08:22:35.064  INFO 404 --- [user-service] [main] c.a.c.sentinel.SentinelWebMvcConfigurer  : [Sentinel Starter] register SentinelWebInterceptor with urlPatterns: [/**].
2025-04-03 08:22:35.407  WARN 404 --- [user-service] [main] iguration$LoadBalancerCaffeineWarnLogger : Spring Cloud LoadBalancer is currently working with the default cache. While this cache implementation is useful for development and tests, it's recommended to use Caffeine cache in production.You can switch to using Caffeine cache, by adding it and org.springframework.cache.caffeine.CaffeineCacheManager to the classpath.
2025-04-03 08:22:35.465  INFO 404 --- [user-service] [main] o.s.b.w.embedded.tomcat.TomcatWebServer  : Tomcat started on port 8084 (http) with context path '/'
2025-04-03 08:22:35.476  INFO 404 --- [user-service] [main] c.a.n.p.a.s.c.ClientAuthPluginManager    : [ClientAuthPluginManager] Load ClientAuthService com.alibaba.nacos.client.auth.impl.NacosClientAuthServiceImpl success.
2025-04-03 08:22:35.476  INFO 404 --- [user-service] [main] c.a.n.p.a.s.c.ClientAuthPluginManager    : [ClientAuthPluginManager] Load ClientAuthService com.alibaba.nacos.client.auth.ram.RamClientAuthServiceImpl success.
2025-04-03 08:22:35.579  INFO 404 --- [user-service] [main] c.a.c.n.registry.NacosServiceRegistry    : nacos registry, DEFAULT_GROUP user-service 192.168.24.196:8084 register finished
2025-04-03 08:22:35.590  INFO 404 --- [user-service] [main] com.smileShark.user.UserApplication      : Started UserApplication in 3.795 seconds (process running for 4.497)
2025-04-03 08:22:35.600  INFO 404 --- [user-service] [main] c.a.c.n.refresh.NacosContextRefresher    : [Nacos Config] Listening config: dataId=shared-sentinel.yaml, group=DEFAULT_GROUP
2025-04-03 08:22:35.601  INFO 404 --- [user-service] [main] c.a.c.n.refresh.NacosContextRefresher    : [Nacos Config] Listening config: dataId=shared-log.yaml, group=DEFAULT_GROUP
2025-04-03 08:22:35.601  INFO 404 --- [user-service] [main] c.a.c.n.refresh.NacosContextRefresher    : [Nacos Config] Listening config: dataId=shared-jdbc.yaml, group=DEFAULT_GROUP
2025-04-03 08:25:16.828  INFO 404 --- [user-service] [http-nio-8084-exec-1] o.a.c.c.C.[Tomcat].[localhost].[/]       : Initializing Spring DispatcherServlet 'dispatcherServlet'
2025-04-03 08:25:16.828  INFO 404 --- [user-service] [http-nio-8084-exec-1] o.s.web.servlet.DispatcherServlet        : Initializing Servlet 'dispatcherServlet'
2025-04-03 08:25:16.829  INFO 404 --- [user-service] [http-nio-8084-exec-1] o.s.web.servlet.DispatcherServlet        : Completed initialization in 1 ms
2025-04-03 08:25:16.927  INFO 404 --- [user-service] [http-nio-8084-exec-1] c.s.user.service.imp.UserServiceImp      : 用户：320123199008210001 登录，IP地址：0:0:0:0:0:0:0:1
2025-04-03 08:25:18.341  INFO 404 --- [user-service] [http-nio-8084-exec-1] c.s.user.service.imp.UserServiceImp      : 用户：320123199008210001 登录成功
2025-04-03 08:25:18.360  INFO 404 --- [user-service] [pool-5-thread-1] com.zaxxer.hikari.HikariDataSource       : HikariPool-1 - Starting...
2025-04-03 08:25:36.309  INFO 404 --- [user-service] [pool-5-thread-1] com.zaxxer.hikari.HikariDataSource       : HikariPool-1 - Starting...
2025-04-03 08:25:37.314  INFO 404 --- [user-service] [pool-5-thread-6] com.zaxxer.hikari.HikariDataSource       : HikariPool-1 - Starting...
2025-04-03 08:25:38.326  INFO 404 --- [user-service] [pool-5-thread-5] com.zaxxer.hikari.HikariDataSource       : HikariPool-1 - Starting...
2025-04-03 08:25:39.330  INFO 404 --- [user-service] [pool-5-thread-4] com.zaxxer.hikari.HikariDataSource       : HikariPool-1 - Starting...
2025-04-03 08:25:40.337  INFO 404 --- [user-service] [pool-5-thread-2] com.zaxxer.hikari.HikariDataSource       : HikariPool-1 - Starting...
2025-04-03 08:25:41.350  INFO 404 --- [user-service] [pool-5-thread-10] com.zaxxer.hikari.HikariDataSource       : HikariPool-1 - Starting...
2025-04-03 08:25:42.354  INFO 404 --- [user-service] [pool-5-thread-9] com.zaxxer.hikari.HikariDataSource       : HikariPool-1 - Starting...
2025-04-03 08:25:43.360  INFO 404 --- [user-service] [pool-5-thread-8] com.zaxxer.hikari.HikariDataSource       : HikariPool-1 - Starting...
2025-04-03 08:25:44.367  INFO 404 --- [user-service] [pool-5-thread-7] com.zaxxer.hikari.HikariDataSource       : HikariPool-1 - Starting...
2025-04-03 08:25:45.382  INFO 404 --- [user-service] [pool-5-thread-1] com.zaxxer.hikari.HikariDataSource       : HikariPool-1 - Starting...
2025-04-03 08:25:46.385  INFO 404 --- [user-service] [pool-5-thread-8] com.zaxxer.hikari.HikariDataSource       : HikariPool-1 - Starting...
2025-04-03 08:25:47.391  INFO 404 --- [user-service] [pool-5-thread-4] com.zaxxer.hikari.HikariDataSource       : HikariPool-1 - Starting...
2025-04-03 08:25:48.399  INFO 404 --- [user-service] [pool-5-thread-10] com.zaxxer.hikari.HikariDataSource       : HikariPool-1 - Starting...
2025-04-03 08:25:49.407  INFO 404 --- [user-service] [pool-5-thread-9] com.zaxxer.hikari.HikariDataSource       : HikariPool-1 - Starting...
2025-04-03 08:25:50.411  INFO 404 --- [user-service] [pool-5-thread-7] com.zaxxer.hikari.HikariDataSource       : HikariPool-1 - Starting...
2025-04-03 08:25:51.428  INFO 404 --- [user-service] [pool-5-thread-5] com.zaxxer.hikari.HikariDataSource       : HikariPool-1 - Starting...
2025-04-03 08:25:52.444  INFO 404 --- [user-service] [pool-5-thread-6] com.zaxxer.hikari.HikariDataSource       : HikariPool-1 - Starting...
2025-04-03 08:25:53.447  INFO 404 --- [user-service] [pool-5-thread-3] com.zaxxer.hikari.HikariDataSource       : HikariPool-1 - Starting...
2025-04-03 08:25:54.463  INFO 404 --- [user-service] [pool-5-thread-2] com.zaxxer.hikari.HikariDataSource       : HikariPool-1 - Starting...
2025-04-03 08:25:55.471  INFO 404 --- [user-service] [pool-5-thread-3] com.zaxxer.hikari.HikariDataSource       : HikariPool-1 - Starting...
2025-04-03 08:25:56.473  INFO 404 --- [user-service] [pool-5-thread-6] com.zaxxer.hikari.HikariDataSource       : HikariPool-1 - Starting...
2025-04-03 08:25:57.491  INFO 404 --- [user-service] [pool-5-thread-5] com.zaxxer.hikari.HikariDataSource       : HikariPool-1 - Starting...
2025-04-03 08:25:58.505  INFO 404 --- [user-service] [pool-5-thread-7] com.zaxxer.hikari.HikariDataSource       : HikariPool-1 - Starting...
2025-04-03 08:25:59.513  INFO 404 --- [user-service] [pool-5-thread-9] com.zaxxer.hikari.HikariDataSource       : HikariPool-1 - Starting...
2025-04-03 08:26:00.526  INFO 404 --- [user-service] [pool-5-thread-10] com.zaxxer.hikari.HikariDataSource       : HikariPool-1 - Starting...
2025-04-03 08:26:01.530  INFO 404 --- [user-service] [pool-5-thread-4] com.zaxxer.hikari.HikariDataSource       : HikariPool-1 - Starting...
2025-04-03 08:26:02.542  INFO 404 --- [user-service] [pool-5-thread-8] com.zaxxer.hikari.HikariDataSource       : HikariPool-1 - Starting...
2025-04-03 08:26:03.549  INFO 404 --- [user-service] [pool-5-thread-1] com.zaxxer.hikari.HikariDataSource       : HikariPool-1 - Starting...
2025-04-03 08:26:04.562  INFO 404 --- [user-service] [pool-5-thread-8] com.zaxxer.hikari.HikariDataSource       : HikariPool-1 - Starting...
2025-04-03 08:26:05.570  INFO 404 --- [user-service] [pool-5-thread-4] com.zaxxer.hikari.HikariDataSource       : HikariPool-1 - Starting...
2025-04-03 08:26:06.573  INFO 404 --- [user-service] [pool-5-thread-10] com.zaxxer.hikari.HikariDataSource       : HikariPool-1 - Starting...
2025-04-03 08:26:07.584  INFO 404 --- [user-service] [pool-5-thread-9] com.zaxxer.hikari.HikariDataSource       : HikariPool-1 - Starting...
2025-04-03 08:26:08.596  INFO 404 --- [user-service] [pool-5-thread-7] com.zaxxer.hikari.HikariDataSource       : HikariPool-1 - Starting...
2025-04-03 08:26:09.602  INFO 404 --- [user-service] [pool-5-thread-5] com.zaxxer.hikari.HikariDataSource       : HikariPool-1 - Starting...
2025-04-03 08:26:10.605  INFO 404 --- [user-service] [pool-5-thread-6] com.zaxxer.hikari.HikariDataSource       : HikariPool-1 - Starting...
2025-04-03 08:26:11.611  INFO 404 --- [user-service] [pool-5-thread-3] com.zaxxer.hikari.HikariDataSource       : HikariPool-1 - Starting...
2025-04-03 08:26:12.624  INFO 404 --- [user-service] [pool-5-thread-2] com.zaxxer.hikari.HikariDataSource       : HikariPool-1 - Starting...
2025-04-03 08:26:13.627  INFO 404 --- [user-service] [pool-5-thread-3] com.zaxxer.hikari.HikariDataSource       : HikariPool-1 - Starting...
2025-04-03 08:26:14.643  INFO 404 --- [user-service] [pool-5-thread-6] com.zaxxer.hikari.HikariDataSource       : HikariPool-1 - Starting...
2025-04-03 08:26:15.655  INFO 404 --- [user-service] [pool-5-thread-5] com.zaxxer.hikari.HikariDataSource       : HikariPool-1 - Starting...
2025-04-03 08:26:16.657  INFO 404 --- [user-service] [pool-5-thread-7] com.zaxxer.hikari.HikariDataSource       : HikariPool-1 - Starting...
2025-04-03 08:26:17.664  INFO 404 --- [user-service] [pool-5-thread-9] com.zaxxer.hikari.HikariDataSource       : HikariPool-1 - Starting...
2025-04-03 08:26:18.671  INFO 404 --- [user-service] [pool-5-thread-10] com.zaxxer.hikari.HikariDataSource       : HikariPool-1 - Starting...
2025-04-03 08:26:19.682  INFO 404 --- [user-service] [pool-5-thread-4] com.zaxxer.hikari.HikariDataSource       : HikariPool-1 - Starting...
2025-04-03 08:26:20.694  INFO 404 --- [user-service] [pool-5-thread-8] com.zaxxer.hikari.HikariDataSource       : HikariPool-1 - Starting...
2025-04-03 08:26:21.696  INFO 404 --- [user-service] [pool-5-thread-1] com.zaxxer.hikari.HikariDataSource       : HikariPool-1 - Starting...
2025-04-03 08:26:22.712  INFO 404 --- [user-service] [pool-5-thread-8] com.zaxxer.hikari.HikariDataSource       : HikariPool-1 - Starting...
2025-04-03 08:26:23.721  INFO 404 --- [user-service] [pool-5-thread-4] com.zaxxer.hikari.HikariDataSource       : HikariPool-1 - Starting...
2025-04-03 08:26:24.727  INFO 404 --- [user-service] [pool-5-thread-10] com.zaxxer.hikari.HikariDataSource       : HikariPool-1 - Starting...
2025-04-03 08:26:25.733  INFO 404 --- [user-service] [pool-5-thread-9] com.zaxxer.hikari.HikariDataSource       : HikariPool-1 - Starting...
2025-04-03 08:26:26.748  INFO 404 --- [user-service] [pool-5-thread-7] com.zaxxer.hikari.HikariDataSource       : HikariPool-1 - Starting...
2025-04-03 08:26:27.760  INFO 404 --- [user-service] [pool-5-thread-5] com.zaxxer.hikari.HikariDataSource       : HikariPool-1 - Starting...
2025-04-03 08:26:28.764  INFO 404 --- [user-service] [pool-5-thread-6] com.zaxxer.hikari.HikariDataSource       : HikariPool-1 - Starting...
2025-04-03 08:26:29.769  INFO 404 --- [user-service] [pool-5-thread-3] com.zaxxer.hikari.HikariDataSource       : HikariPool-1 - Starting...
2025-04-03 08:26:30.773  INFO 404 --- [user-service] [pool-5-thread-2] com.zaxxer.hikari.HikariDataSource       : HikariPool-1 - Starting...
2025-04-03 08:26:31.777  INFO 404 --- [user-service] [pool-5-thread-3] com.zaxxer.hikari.HikariDataSource       : HikariPool-1 - Starting...
2025-04-03 08:26:32.790  INFO 404 --- [user-service] [pool-5-thread-6] com.zaxxer.hikari.HikariDataSource       : HikariPool-1 - Starting...
2025-04-03 08:26:33.803  INFO 404 --- [user-service] [pool-5-thread-5] com.zaxxer.hikari.HikariDataSource       : HikariPool-1 - Starting...
2025-04-03 08:26:34.817  INFO 404 --- [user-service] [pool-5-thread-7] com.zaxxer.hikari.HikariDataSource       : HikariPool-1 - Starting...
2025-04-03 08:26:35.830  INFO 404 --- [user-service] [pool-5-thread-9] com.zaxxer.hikari.HikariDataSource       : HikariPool-1 - Starting...
2025-04-03 08:26:36.833  INFO 404 --- [user-service] [pool-5-thread-10] com.zaxxer.hikari.HikariDataSource       : HikariPool-1 - Starting...
2025-04-03 08:26:37.846  INFO 404 --- [user-service] [pool-5-thread-4] com.zaxxer.hikari.HikariDataSource       : HikariPool-1 - Starting...
2025-04-03 08:26:38.850  INFO 404 --- [user-service] [pool-5-thread-8] com.zaxxer.hikari.HikariDataSource       : HikariPool-1 - Starting...
2025-04-03 08:26:39.855  INFO 404 --- [user-service] [pool-5-thread-1] com.zaxxer.hikari.HikariDataSource       : HikariPool-1 - Starting...
2025-04-03 08:26:40.862  INFO 404 --- [user-service] [pool-5-thread-8] com.zaxxer.hikari.HikariDataSource       : HikariPool-1 - Starting...
2025-04-03 08:26:41.867  INFO 404 --- [user-service] [pool-5-thread-4] com.zaxxer.hikari.HikariDataSource       : HikariPool-1 - Starting...
2025-04-03 08:26:42.871  INFO 404 --- [user-service] [pool-5-thread-10] com.zaxxer.hikari.HikariDataSource       : HikariPool-1 - Starting...
2025-04-03 08:26:43.874  INFO 404 --- [user-service] [pool-5-thread-9] com.zaxxer.hikari.HikariDataSource       : HikariPool-1 - Starting...
2025-04-03 08:26:44.876  INFO 404 --- [user-service] [pool-5-thread-7] com.zaxxer.hikari.HikariDataSource       : HikariPool-1 - Starting...
2025-04-03 08:26:45.884  INFO 404 --- [user-service] [pool-5-thread-5] com.zaxxer.hikari.HikariDataSource       : HikariPool-1 - Starting...
2025-04-03 08:26:46.886  INFO 404 --- [user-service] [pool-5-thread-6] com.zaxxer.hikari.HikariDataSource       : HikariPool-1 - Starting...
2025-04-03 08:26:47.892  INFO 404 --- [user-service] [pool-5-thread-3] com.zaxxer.hikari.HikariDataSource       : HikariPool-1 - Starting...
2025-04-03 08:26:48.900  INFO 404 --- [user-service] [pool-5-thread-2] com.zaxxer.hikari.HikariDataSource       : HikariPool-1 - Starting...
2025-04-03 08:26:49.905  INFO 404 --- [user-service] [pool-5-thread-3] com.zaxxer.hikari.HikariDataSource       : HikariPool-1 - Starting...
2025-04-03 08:26:50.913  INFO 404 --- [user-service] [pool-5-thread-6] com.zaxxer.hikari.HikariDataSource       : HikariPool-1 - Starting...
2025-04-03 08:26:51.918  INFO 404 --- [user-service] [pool-5-thread-5] com.zaxxer.hikari.HikariDataSource       : HikariPool-1 - Starting...
2025-04-03 08:26:52.925  INFO 404 --- [user-service] [pool-5-thread-7] com.zaxxer.hikari.HikariDataSource       : HikariPool-1 - Starting...
2025-04-03 08:26:53.929  INFO 404 --- [user-service] [pool-5-thread-9] com.zaxxer.hikari.HikariDataSource       : HikariPool-1 - Starting...
2025-04-03 08:26:54.942  INFO 404 --- [user-service] [pool-5-thread-10] com.zaxxer.hikari.HikariDataSource       : HikariPool-1 - Starting...
2025-04-03 08:26:55.946  INFO 404 --- [user-service] [pool-5-thread-4] com.zaxxer.hikari.HikariDataSource       : HikariPool-1 - Starting...
2025-04-03 08:26:56.949  INFO 404 --- [user-service] [pool-5-thread-8] com.zaxxer.hikari.HikariDataSource       : HikariPool-1 - Starting...
2025-04-03 08:26:57.953  INFO 404 --- [user-service] [pool-5-thread-1] com.zaxxer.hikari.HikariDataSource       : HikariPool-1 - Starting...
2025-04-03 08:26:58.955  INFO 404 --- [user-service] [pool-5-thread-8] com.zaxxer.hikari.HikariDataSource       : HikariPool-1 - Starting...
2025-04-03 08:26:59.966  INFO 404 --- [user-service] [pool-5-thread-4] com.zaxxer.hikari.HikariDataSource       : HikariPool-1 - Starting...
2025-04-03 08:27:00.972  INFO 404 --- [user-service] [pool-5-thread-10] com.zaxxer.hikari.HikariDataSource       : HikariPool-1 - Starting...
2025-04-03 08:27:01.979  INFO 404 --- [user-service] [pool-5-thread-9] com.zaxxer.hikari.HikariDataSource       : HikariPool-1 - Starting...
2025-04-03 08:27:02.982  INFO 404 --- [user-service] [pool-5-thread-7] com.zaxxer.hikari.HikariDataSource       : HikariPool-1 - Starting...
2025-04-03 08:27:03.987  INFO 404 --- [user-service] [pool-5-thread-5] com.zaxxer.hikari.HikariDataSource       : HikariPool-1 - Starting...
2025-04-03 08:27:04.997  INFO 404 --- [user-service] [pool-5-thread-6] com.zaxxer.hikari.HikariDataSource       : HikariPool-1 - Starting...
2025-04-03 08:27:06.004  INFO 404 --- [user-service] [pool-5-thread-3] com.zaxxer.hikari.HikariDataSource       : HikariPool-1 - Starting...
2025-04-03 08:27:07.021  INFO 404 --- [user-service] [pool-5-thread-2] com.zaxxer.hikari.HikariDataSource       : HikariPool-1 - Starting...
2025-04-03 08:27:08.036  INFO 404 --- [user-service] [pool-5-thread-3] com.zaxxer.hikari.HikariDataSource       : HikariPool-1 - Starting...
2025-04-03 08:27:09.040  INFO 404 --- [user-service] [pool-5-thread-6] com.zaxxer.hikari.HikariDataSource       : HikariPool-1 - Starting...
2025-04-03 08:27:10.045  INFO 404 --- [user-service] [pool-5-thread-5] com.zaxxer.hikari.HikariDataSource       : HikariPool-1 - Starting...
2025-04-03 08:27:11.057  INFO 404 --- [user-service] [pool-5-thread-7] com.zaxxer.hikari.HikariDataSource       : HikariPool-1 - Starting...
2025-04-03 08:27:12.072  INFO 404 --- [user-service] [pool-5-thread-9] com.zaxxer.hikari.HikariDataSource       : HikariPool-1 - Starting...
2025-04-03 08:27:13.078  INFO 404 --- [user-service] [pool-5-thread-10] com.zaxxer.hikari.HikariDataSource       : HikariPool-1 - Starting...
2025-04-03 08:27:14.084  INFO 404 --- [user-service] [pool-5-thread-4] com.zaxxer.hikari.HikariDataSource       : HikariPool-1 - Starting...
2025-04-03 08:27:15.092  INFO 404 --- [user-service] [pool-5-thread-8] com.zaxxer.hikari.HikariDataSource       : HikariPool-1 - Starting...
2025-04-03 08:27:16.095  INFO 404 --- [user-service] [pool-5-thread-1] com.zaxxer.hikari.HikariDataSource       : HikariPool-1 - Starting...
2025-04-03 08:27:17.110  INFO 404 --- [user-service] [pool-5-thread-8] com.zaxxer.hikari.HikariDataSource       : HikariPool-1 - Starting...
2025-04-03 08:27:18.114  INFO 404 --- [user-service] [pool-5-thread-4] com.zaxxer.hikari.HikariDataSource       : HikariPool-1 - Starting...
2025-04-03 08:27:19.117  INFO 404 --- [user-service] [pool-5-thread-10] com.zaxxer.hikari.HikariDataSource       : HikariPool-1 - Starting...
2025-04-03 08:27:20.124  INFO 404 --- [user-service] [pool-5-thread-9] com.zaxxer.hikari.HikariDataSource       : HikariPool-1 - Starting...
2025-04-03 08:27:21.128  INFO 404 --- [user-service] [pool-5-thread-7] com.zaxxer.hikari.HikariDataSource       : HikariPool-1 - Starting...
2025-04-03 08:27:22.138  INFO 404 --- [user-service] [pool-5-thread-5] com.zaxxer.hikari.HikariDataSource       : HikariPool-1 - Starting...
2025-04-03 08:27:23.149  INFO 404 --- [user-service] [pool-5-thread-6] com.zaxxer.hikari.HikariDataSource       : HikariPool-1 - Starting...
2025-04-03 08:27:24.161  INFO 404 --- [user-service] [pool-5-thread-3] com.zaxxer.hikari.HikariDataSource       : HikariPool-1 - Starting...
2025-04-03 08:27:25.177  INFO 404 --- [user-service] [pool-5-thread-2] com.zaxxer.hikari.HikariDataSource       : HikariPool-1 - Starting...
2025-04-03 08:27:26.192  INFO 404 --- [user-service] [pool-5-thread-3] com.zaxxer.hikari.HikariDataSource       : HikariPool-1 - Starting...
2025-04-03 08:27:27.199  INFO 404 --- [user-service] [pool-5-thread-6] com.zaxxer.hikari.HikariDataSource       : HikariPool-1 - Starting...
2025-04-03 08:27:28.210  INFO 404 --- [user-service] [pool-5-thread-5] com.zaxxer.hikari.HikariDataSource       : HikariPool-1 - Starting...
2025-04-03 08:27:29.225  INFO 404 --- [user-service] [pool-5-thread-7] com.zaxxer.hikari.HikariDataSource       : HikariPool-1 - Starting...
2025-04-03 08:27:30.227  INFO 404 --- [user-service] [pool-5-thread-9] com.zaxxer.hikari.HikariDataSource       : HikariPool-1 - Starting...
2025-04-03 08:27:31.245  INFO 404 --- [user-service] [pool-5-thread-10] com.zaxxer.hikari.HikariDataSource       : HikariPool-1 - Starting...
2025-04-03 08:27:32.261  INFO 404 --- [user-service] [pool-5-thread-4] com.zaxxer.hikari.HikariDataSource       : HikariPool-1 - Starting...
2025-04-03 08:27:33.272  INFO 404 --- [user-service] [pool-5-thread-8] com.zaxxer.hikari.HikariDataSource       : HikariPool-1 - Starting...
2025-04-03 08:27:34.285  INFO 404 --- [user-service] [pool-5-thread-1] com.zaxxer.hikari.HikariDataSource       : HikariPool-1 - Starting...
2025-04-03 08:27:35.292  INFO 404 --- [user-service] [pool-5-thread-8] com.zaxxer.hikari.HikariDataSource       : HikariPool-1 - Starting...
2025-04-03 08:27:36.294  INFO 404 --- [user-service] [pool-5-thread-4] com.zaxxer.hikari.HikariDataSource       : HikariPool-1 - Starting...
2025-04-03 08:27:37.298  INFO 404 --- [user-service] [pool-5-thread-10] com.zaxxer.hikari.HikariDataSource       : HikariPool-1 - Starting...
2025-04-03 08:27:38.308  INFO 404 --- [user-service] [pool-5-thread-9] com.zaxxer.hikari.HikariDataSource       : HikariPool-1 - Starting...
2025-04-03 08:27:39.312  INFO 404 --- [user-service] [pool-5-thread-7] com.zaxxer.hikari.HikariDataSource       : HikariPool-1 - Starting...
2025-04-03 08:27:40.320  INFO 404 --- [user-service] [pool-5-thread-5] com.zaxxer.hikari.HikariDataSource       : HikariPool-1 - Starting...
2025-04-03 08:27:41.335  INFO 404 --- [user-service] [pool-5-thread-6] com.zaxxer.hikari.HikariDataSource       : HikariPool-1 - Starting...
2025-04-03 08:27:42.344  INFO 404 --- [user-service] [pool-5-thread-3] com.zaxxer.hikari.HikariDataSource       : HikariPool-1 - Starting...
2025-04-03 08:27:43.354  INFO 404 --- [user-service] [pool-5-thread-2] com.zaxxer.hikari.HikariDataSource       : HikariPool-1 - Starting...
2025-04-03 08:27:44.371  INFO 404 --- [user-service] [pool-5-thread-3] com.zaxxer.hikari.HikariDataSource       : HikariPool-1 - Starting...
2025-04-03 08:27:45.375  INFO 404 --- [user-service] [pool-5-thread-6] com.zaxxer.hikari.HikariDataSource       : HikariPool-1 - Starting...
2025-04-03 08:27:46.382  INFO 404 --- [user-service] [pool-5-thread-5] com.zaxxer.hikari.HikariDataSource       : HikariPool-1 - Starting...
2025-04-03 08:27:47.391  INFO 404 --- [user-service] [pool-5-thread-7] com.zaxxer.hikari.HikariDataSource       : HikariPool-1 - Starting...
2025-04-03 08:27:48.393  INFO 404 --- [user-service] [pool-5-thread-9] com.zaxxer.hikari.HikariDataSource       : HikariPool-1 - Starting...
2025-04-03 08:27:49.397  INFO 404 --- [user-service] [pool-5-thread-10] com.zaxxer.hikari.HikariDataSource       : HikariPool-1 - Starting...
2025-04-03 08:27:50.403  INFO 404 --- [user-service] [pool-5-thread-4] com.zaxxer.hikari.HikariDataSource       : HikariPool-1 - Starting...
2025-04-03 08:27:51.406  INFO 404 --- [user-service] [pool-5-thread-8] com.zaxxer.hikari.HikariDataSource       : HikariPool-1 - Starting...
2025-04-03 08:27:52.416  INFO 404 --- [user-service] [pool-5-thread-1] com.zaxxer.hikari.HikariDataSource       : HikariPool-1 - Starting...
2025-04-03 08:27:53.428  INFO 404 --- [user-service] [pool-5-thread-8] com.zaxxer.hikari.HikariDataSource       : HikariPool-1 - Starting...
2025-04-03 08:27:54.436  INFO 404 --- [user-service] [pool-5-thread-4] com.zaxxer.hikari.HikariDataSource       : HikariPool-1 - Starting...
2025-04-03 08:27:55.439  INFO 404 --- [user-service] [pool-5-thread-10] com.zaxxer.hikari.HikariDataSource       : HikariPool-1 - Starting...
2025-04-03 08:27:56.442  INFO 404 --- [user-service] [pool-5-thread-9] com.zaxxer.hikari.HikariDataSource       : HikariPool-1 - Starting...
2025-04-03 08:27:57.445  INFO 404 --- [user-service] [pool-5-thread-7] com.zaxxer.hikari.HikariDataSource       : HikariPool-1 - Starting...
2025-04-03 08:27:58.459  INFO 404 --- [user-service] [pool-5-thread-5] com.zaxxer.hikari.HikariDataSource       : HikariPool-1 - Starting...
2025-04-03 08:27:59.462  INFO 404 --- [user-service] [pool-5-thread-6] com.zaxxer.hikari.HikariDataSource       : HikariPool-1 - Starting...
2025-04-03 08:28:00.464  INFO 404 --- [user-service] [pool-5-thread-3] com.zaxxer.hikari.HikariDataSource       : HikariPool-1 - Starting...
2025-04-03 08:28:01.467  INFO 404 --- [user-service] [pool-5-thread-2] com.zaxxer.hikari.HikariDataSource       : HikariPool-1 - Starting...
2025-04-03 08:28:02.478  INFO 404 --- [user-service] [pool-5-thread-3] com.zaxxer.hikari.HikariDataSource       : HikariPool-1 - Starting...
2025-04-03 08:28:03.486  INFO 404 --- [user-service] [pool-5-thread-6] com.zaxxer.hikari.HikariDataSource       : HikariPool-1 - Starting...
2025-04-03 08:28:04.497  INFO 404 --- [user-service] [pool-5-thread-5] com.zaxxer.hikari.HikariDataSource       : HikariPool-1 - Starting...
2025-04-03 08:28:05.507  INFO 404 --- [user-service] [pool-5-thread-7] com.zaxxer.hikari.HikariDataSource       : HikariPool-1 - Starting...
2025-04-03 08:28:06.510  INFO 404 --- [user-service] [pool-5-thread-9] com.zaxxer.hikari.HikariDataSource       : HikariPool-1 - Starting...
2025-04-03 08:28:07.517  INFO 404 --- [user-service] [pool-5-thread-10] com.zaxxer.hikari.HikariDataSource       : HikariPool-1 - Starting...
2025-04-03 08:28:08.526  INFO 404 --- [user-service] [pool-5-thread-4] com.zaxxer.hikari.HikariDataSource       : HikariPool-1 - Starting...
2025-04-03 08:28:09.537  INFO 404 --- [user-service] [pool-5-thread-8] com.zaxxer.hikari.HikariDataSource       : HikariPool-1 - Starting...
2025-04-03 08:28:10.550  INFO 404 --- [user-service] [pool-5-thread-1] com.zaxxer.hikari.HikariDataSource       : HikariPool-1 - Starting...
2025-04-03 08:28:11.552  INFO 404 --- [user-service] [pool-5-thread-8] com.zaxxer.hikari.HikariDataSource       : HikariPool-1 - Starting...
2025-04-03 08:28:12.554  INFO 404 --- [user-service] [pool-5-thread-4] com.zaxxer.hikari.HikariDataSource       : HikariPool-1 - Starting...
2025-04-03 08:28:13.570  INFO 404 --- [user-service] [pool-5-thread-10] com.zaxxer.hikari.HikariDataSource       : HikariPool-1 - Starting...
2025-04-03 08:28:14.585  INFO 404 --- [user-service] [pool-5-thread-9] com.zaxxer.hikari.HikariDataSource       : HikariPool-1 - Starting...
2025-04-03 08:28:15.599  INFO 404 --- [user-service] [pool-5-thread-7] com.zaxxer.hikari.HikariDataSource       : HikariPool-1 - Starting...
2025-04-03 08:28:16.615  INFO 404 --- [user-service] [pool-5-thread-5] com.zaxxer.hikari.HikariDataSource       : HikariPool-1 - Starting...
2025-04-03 08:28:17.618  INFO 404 --- [user-service] [pool-5-thread-6] com.zaxxer.hikari.HikariDataSource       : HikariPool-1 - Starting...
2025-04-03 08:28:18.626  INFO 404 --- [user-service] [pool-5-thread-3] com.zaxxer.hikari.HikariDataSource       : HikariPool-1 - Starting...
2025-04-03 08:28:19.632  INFO 404 --- [user-service] [pool-5-thread-2] com.zaxxer.hikari.HikariDataSource       : HikariPool-1 - Starting...
2025-04-03 08:28:20.636  INFO 404 --- [user-service] [pool-5-thread-3] com.zaxxer.hikari.HikariDataSource       : HikariPool-1 - Starting...
2025-04-03 08:28:21.645  INFO 404 --- [user-service] [pool-5-thread-6] com.zaxxer.hikari.HikariDataSource       : HikariPool-1 - Starting...
2025-04-03 08:28:22.648  INFO 404 --- [user-service] [pool-5-thread-5] com.zaxxer.hikari.HikariDataSource       : HikariPool-1 - Starting...
2025-04-03 08:28:23.663  INFO 404 --- [user-service] [pool-5-thread-7] com.zaxxer.hikari.HikariDataSource       : HikariPool-1 - Starting...
2025-04-03 08:28:24.665  INFO 404 --- [user-service] [pool-5-thread-9] com.zaxxer.hikari.HikariDataSource       : HikariPool-1 - Starting...
2025-04-03 08:28:25.676  INFO 404 --- [user-service] [pool-5-thread-10] com.zaxxer.hikari.HikariDataSource       : HikariPool-1 - Starting...
2025-04-03 08:28:26.678  INFO 404 --- [user-service] [pool-5-thread-4] com.zaxxer.hikari.HikariDataSource       : HikariPool-1 - Starting...
2025-04-03 08:28:27.692  INFO 404 --- [user-service] [pool-5-thread-8] com.zaxxer.hikari.HikariDataSource       : HikariPool-1 - Starting...
2025-04-03 08:28:28.695  INFO 404 --- [user-service] [pool-5-thread-1] com.zaxxer.hikari.HikariDataSource       : HikariPool-1 - Starting...
2025-04-03 08:28:29.698  INFO 404 --- [user-service] [pool-5-thread-8] com.zaxxer.hikari.HikariDataSource       : HikariPool-1 - Starting...
2025-04-03 08:28:30.709  INFO 404 --- [user-service] [pool-5-thread-4] com.zaxxer.hikari.HikariDataSource       : HikariPool-1 - Starting...
2025-04-03 08:28:31.714  INFO 404 --- [user-service] [pool-5-thread-10] com.zaxxer.hikari.HikariDataSource       : HikariPool-1 - Starting...
2025-04-03 08:28:32.727  INFO 404 --- [user-service] [pool-5-thread-9] com.zaxxer.hikari.HikariDataSource       : HikariPool-1 - Starting...
2025-04-03 08:28:33.733  INFO 404 --- [user-service] [pool-5-thread-7] com.zaxxer.hikari.HikariDataSource       : HikariPool-1 - Starting...
2025-04-03 08:28:34.741  INFO 404 --- [user-service] [pool-5-thread-5] com.zaxxer.hikari.HikariDataSource       : HikariPool-1 - Starting...
2025-04-03 08:28:35.745  INFO 404 --- [user-service] [pool-5-thread-6] com.zaxxer.hikari.HikariDataSource       : HikariPool-1 - Starting...
2025-04-03 08:28:36.760  INFO 404 --- [user-service] [pool-5-thread-3] com.zaxxer.hikari.HikariDataSource       : HikariPool-1 - Starting...
2025-04-03 08:28:37.773  INFO 404 --- [user-service] [pool-5-thread-2] com.zaxxer.hikari.HikariDataSource       : HikariPool-1 - Starting...
2025-04-03 08:28:38.787  INFO 404 --- [user-service] [pool-5-thread-3] com.zaxxer.hikari.HikariDataSource       : HikariPool-1 - Starting...
2025-04-03 08:28:39.789  INFO 404 --- [user-service] [pool-5-thread-6] com.zaxxer.hikari.HikariDataSource       : HikariPool-1 - Starting...
2025-04-03 08:28:40.809  INFO 404 --- [user-service] [pool-5-thread-5] com.zaxxer.hikari.HikariDataSource       : HikariPool-1 - Starting...
2025-04-03 08:28:41.816  INFO 404 --- [user-service] [pool-5-thread-7] com.zaxxer.hikari.HikariDataSource       : HikariPool-1 - Starting...
2025-04-03 08:28:42.822  INFO 404 --- [user-service] [pool-5-thread-9] com.zaxxer.hikari.HikariDataSource       : HikariPool-1 - Starting...
2025-04-03 08:28:43.829  INFO 404 --- [user-service] [pool-5-thread-10] com.zaxxer.hikari.HikariDataSource       : HikariPool-1 - Starting...
2025-04-03 08:28:44.832  INFO 404 --- [user-service] [pool-5-thread-4] com.zaxxer.hikari.HikariDataSource       : HikariPool-1 - Starting...
2025-04-03 08:28:45.846  INFO 404 --- [user-service] [pool-5-thread-8] com.zaxxer.hikari.HikariDataSource       : HikariPool-1 - Starting...
2025-04-03 08:28:46.848  INFO 404 --- [user-service] [pool-5-thread-1] com.zaxxer.hikari.HikariDataSource       : HikariPool-1 - Starting...
2025-04-03 08:28:47.861  INFO 404 --- [user-service] [pool-5-thread-8] com.zaxxer.hikari.HikariDataSource       : HikariPool-1 - Starting...
2025-04-03 08:28:48.866  INFO 404 --- [user-service] [pool-5-thread-4] com.zaxxer.hikari.HikariDataSource       : HikariPool-1 - Starting...
2025-04-03 08:28:49.868  INFO 404 --- [user-service] [pool-5-thread-10] com.zaxxer.hikari.HikariDataSource       : HikariPool-1 - Starting...
2025-04-03 08:28:50.871  INFO 404 --- [user-service] [pool-5-thread-10] com.zaxxer.hikari.HikariDataSource       : HikariPool-1 - Starting...
2025-04-03 08:28:51.875  INFO 404 --- [user-service] [pool-5-thread-9] com.zaxxer.hikari.HikariDataSource       : HikariPool-1 - Starting...
2025-04-03 08:28:52.884  INFO 404 --- [user-service] [pool-5-thread-7] com.zaxxer.hikari.HikariDataSource       : HikariPool-1 - Starting...
2025-04-03 08:28:53.929  INFO 404 --- [user-service] [pool-5-thread-5] com.zaxxer.hikari.HikariDataSource       : HikariPool-1 - Starting...
2025-04-03 08:28:54.963  INFO 404 --- [user-service] [pool-5-thread-6] com.zaxxer.hikari.HikariDataSource       : HikariPool-1 - Starting...
2025-04-03 08:28:55.966  INFO 404 --- [user-service] [pool-5-thread-3] com.zaxxer.hikari.HikariDataSource       : HikariPool-1 - Starting...
2025-04-03 08:28:56.974  INFO 404 --- [user-service] [pool-5-thread-2] com.zaxxer.hikari.HikariDataSource       : HikariPool-1 - Starting...
2025-04-03 08:28:57.990  INFO 404 --- [user-service] [pool-5-thread-3] com.zaxxer.hikari.HikariDataSource       : HikariPool-1 - Starting...
2025-04-03 08:28:59.003  INFO 404 --- [user-service] [pool-5-thread-6] com.zaxxer.hikari.HikariDataSource       : HikariPool-1 - Starting...
2025-04-03 08:29:00.021  INFO 404 --- [user-service] [pool-5-thread-5] com.zaxxer.hikari.HikariDataSource       : HikariPool-1 - Starting...
2025-04-03 08:29:01.035  INFO 404 --- [user-service] [pool-5-thread-5] com.zaxxer.hikari.HikariDataSource       : HikariPool-1 - Starting...
2025-04-03 08:29:02.057  INFO 404 --- [user-service] [pool-5-thread-7] com.zaxxer.hikari.HikariDataSource       : HikariPool-1 - Starting...
2025-04-03 08:29:03.064  INFO 404 --- [user-service] [pool-5-thread-9] com.zaxxer.hikari.HikariDataSource       : HikariPool-1 - Starting...
2025-04-03 08:29:04.086  INFO 404 --- [user-service] [pool-5-thread-10] com.zaxxer.hikari.HikariDataSource       : HikariPool-1 - Starting...
2025-04-03 08:29:05.092  INFO 404 --- [user-service] [pool-5-thread-4] com.zaxxer.hikari.HikariDataSource       : HikariPool-1 - Starting...
2025-04-03 08:29:06.106  INFO 404 --- [user-service] [pool-5-thread-8] com.zaxxer.hikari.HikariDataSource       : HikariPool-1 - Starting...
2025-04-03 08:29:07.116  INFO 404 --- [user-service] [pool-5-thread-1] com.zaxxer.hikari.HikariDataSource       : HikariPool-1 - Starting...
2025-04-03 08:29:08.132  INFO 404 --- [user-service] [pool-5-thread-8] com.zaxxer.hikari.HikariDataSource       : HikariPool-1 - Starting...
2025-04-03 08:29:09.202  INFO 404 --- [user-service] [pool-5-thread-4] com.zaxxer.hikari.HikariDataSource       : HikariPool-1 - Starting...
2025-04-03 08:29:10.229  INFO 404 --- [user-service] [pool-5-thread-10] com.zaxxer.hikari.HikariDataSource       : HikariPool-1 - Starting...
2025-04-03 08:29:11.248  INFO 404 --- [user-service] [pool-5-thread-9] com.zaxxer.hikari.HikariDataSource       : HikariPool-1 - Starting...
2025-04-03 08:29:12.267  INFO 404 --- [user-service] [pool-5-thread-7] com.zaxxer.hikari.HikariDataSource       : HikariPool-1 - Starting...
2025-04-03 08:29:13.277  INFO 404 --- [user-service] [pool-5-thread-5] com.zaxxer.hikari.HikariDataSource       : HikariPool-1 - Starting...
2025-04-03 08:29:14.460  INFO 404 --- [user-service] [pool-5-thread-6] com.zaxxer.hikari.HikariDataSource       : HikariPool-1 - Starting...
2025-04-03 08:29:15.505  INFO 404 --- [user-service] [pool-5-thread-3] com.zaxxer.hikari.HikariDataSource       : HikariPool-1 - Starting...
2025-04-03 08:29:16.525  INFO 404 --- [user-service] [pool-5-thread-2] com.zaxxer.hikari.HikariDataSource       : HikariPool-1 - Starting...
2025-04-03 08:29:17.570  INFO 404 --- [user-service] [pool-5-thread-3] com.zaxxer.hikari.HikariDataSource       : HikariPool-1 - Starting...
2025-04-03 08:29:18.872  INFO 404 --- [user-service] [pool-5-thread-6] com.zaxxer.hikari.HikariDataSource       : HikariPool-1 - Starting...
2025-04-03 08:29:19.894  INFO 404 --- [user-service] [pool-5-thread-5] com.zaxxer.hikari.HikariDataSource       : HikariPool-1 - Starting...
2025-04-03 08:29:20.910  INFO 404 --- [user-service] [pool-5-thread-7] com.zaxxer.hikari.HikariDataSource       : HikariPool-1 - Starting...
2025-04-03 08:29:21.971  INFO 404 --- [user-service] [pool-5-thread-9] com.zaxxer.hikari.HikariDataSource       : HikariPool-1 - Starting...
2025-04-03 08:29:23.073  INFO 404 --- [user-service] [pool-5-thread-10] com.zaxxer.hikari.HikariDataSource       : HikariPool-1 - Starting...
2025-04-03 08:29:24.127  INFO 404 --- [user-service] [pool-5-thread-4] com.zaxxer.hikari.HikariDataSource       : HikariPool-1 - Starting...
2025-04-03 08:29:25.229  INFO 404 --- [user-service] [pool-5-thread-8] com.zaxxer.hikari.HikariDataSource       : HikariPool-1 - Starting...
2025-04-03 08:29:26.277  INFO 404 --- [user-service] [pool-5-thread-1] com.zaxxer.hikari.HikariDataSource       : HikariPool-1 - Starting...
2025-04-03 08:29:27.315  INFO 404 --- [user-service] [pool-5-thread-8] com.zaxxer.hikari.HikariDataSource       : HikariPool-1 - Starting...
2025-04-03 08:29:28.530  INFO 404 --- [user-service] [pool-5-thread-4] com.zaxxer.hikari.HikariDataSource       : HikariPool-1 - Starting...
2025-04-03 08:29:29.626  INFO 404 --- [user-service] [pool-5-thread-4] com.zaxxer.hikari.HikariDataSource       : HikariPool-1 - Starting...
2025-04-03 08:29:30.766  INFO 404 --- [user-service] [pool-5-thread-10] com.zaxxer.hikari.HikariDataSource       : HikariPool-1 - Starting...
2025-04-03 08:29:31.848  INFO 404 --- [user-service] [pool-5-thread-9] com.zaxxer.hikari.HikariDataSource       : HikariPool-1 - Starting...
2025-04-03 08:29:32.970  INFO 404 --- [user-service] [pool-5-thread-7] com.zaxxer.hikari.HikariDataSource       : HikariPool-1 - Starting...
2025-04-03 08:29:34.078  INFO 404 --- [user-service] [pool-5-thread-5] com.zaxxer.hikari.HikariDataSource       : HikariPool-1 - Starting...
2025-04-03 08:29:35.139  INFO 404 --- [user-service] [pool-5-thread-6] com.zaxxer.hikari.HikariDataSource       : HikariPool-1 - Starting...
2025-04-03 08:29:36.178  INFO 404 --- [user-service] [pool-5-thread-3] com.zaxxer.hikari.HikariDataSource       : HikariPool-1 - Starting...
2025-04-03 08:29:37.258  INFO 404 --- [user-service] [pool-5-thread-2] com.zaxxer.hikari.HikariDataSource       : HikariPool-1 - Starting...
2025-04-03 08:29:38.281  INFO 404 --- [user-service] [pool-5-thread-3] com.zaxxer.hikari.HikariDataSource       : HikariPool-1 - Starting...
2025-04-03 08:29:39.381  INFO 404 --- [user-service] [pool-5-thread-6] com.zaxxer.hikari.HikariDataSource       : HikariPool-1 - Starting...
2025-04-03 08:29:40.393  INFO 404 --- [user-service] [pool-5-thread-5] com.zaxxer.hikari.HikariDataSource       : HikariPool-1 - Starting...
2025-04-03 08:29:41.411  INFO 404 --- [user-service] [pool-5-thread-7] com.zaxxer.hikari.HikariDataSource       : HikariPool-1 - Starting...
2025-04-03 08:29:42.419  INFO 404 --- [user-service] [pool-5-thread-9] com.zaxxer.hikari.HikariDataSource       : HikariPool-1 - Starting...
2025-04-03 08:29:43.446  INFO 404 --- [user-service] [pool-5-thread-10] com.zaxxer.hikari.HikariDataSource       : HikariPool-1 - Starting...
2025-04-03 08:29:44.457  INFO 404 --- [user-service] [pool-5-thread-4] com.zaxxer.hikari.HikariDataSource       : HikariPool-1 - Starting...
2025-04-03 08:29:45.468  INFO 404 --- [user-service] [pool-5-thread-8] com.zaxxer.hikari.HikariDataSource       : HikariPool-1 - Starting...
2025-04-03 08:29:46.589  INFO 404 --- [user-service] [pool-5-thread-1] com.zaxxer.hikari.HikariDataSource       : HikariPool-1 - Starting...
2025-04-03 08:29:47.614  INFO 404 --- [user-service] [pool-5-thread-8] com.zaxxer.hikari.HikariDataSource       : HikariPool-1 - Starting...
2025-04-03 08:29:48.629  INFO 404 --- [user-service] [pool-5-thread-4] com.zaxxer.hikari.HikariDataSource       : HikariPool-1 - Starting...
2025-04-03 08:29:49.833  INFO 404 --- [user-service] [pool-5-thread-4] com.zaxxer.hikari.HikariDataSource       : HikariPool-1 - Starting...
2025-04-03 08:29:50.899  INFO 404 --- [user-service] [pool-5-thread-10] com.zaxxer.hikari.HikariDataSource       : HikariPool-1 - Starting...
2025-04-03 08:29:52.341  INFO 404 --- [user-service] [pool-5-thread-9] com.zaxxer.hikari.HikariDataSource       : HikariPool-1 - Starting...
2025-04-03 08:29:53.445  INFO 404 --- [user-service] [pool-5-thread-7] com.zaxxer.hikari.HikariDataSource       : HikariPool-1 - Starting...
2025-04-03 08:29:54.456  INFO 404 --- [user-service] [pool-5-thread-5] com.zaxxer.hikari.HikariDataSource       : HikariPool-1 - Starting...
2025-04-03 08:29:55.519  INFO 404 --- [user-service] [pool-5-thread-6] com.zaxxer.hikari.HikariDataSource       : HikariPool-1 - Starting...
2025-04-03 08:29:56.567  INFO 404 --- [user-service] [pool-5-thread-3] com.zaxxer.hikari.HikariDataSource       : HikariPool-1 - Starting...
2025-04-03 08:29:57.581  INFO 404 --- [user-service] [pool-5-thread-2] com.zaxxer.hikari.HikariDataSource       : HikariPool-1 - Starting...
2025-04-03 08:29:58.602  INFO 404 --- [user-service] [pool-5-thread-3] com.zaxxer.hikari.HikariDataSource       : HikariPool-1 - Starting...
2025-04-03 08:29:59.651  INFO 404 --- [user-service] [pool-5-thread-6] com.zaxxer.hikari.HikariDataSource       : HikariPool-1 - Starting...
2025-04-03 08:30:00.660  INFO 404 --- [user-service] [pool-5-thread-5] com.zaxxer.hikari.HikariDataSource       : HikariPool-1 - Starting...
2025-04-03 08:30:01.678  INFO 404 --- [user-service] [pool-5-thread-7] com.zaxxer.hikari.HikariDataSource       : HikariPool-1 - Starting...
2025-04-03 08:30:02.697  INFO 404 --- [user-service] [pool-5-thread-9] com.zaxxer.hikari.HikariDataSource       : HikariPool-1 - Starting...
2025-04-03 08:30:03.821  INFO 404 --- [user-service] [pool-5-thread-10] com.zaxxer.hikari.HikariDataSource       : HikariPool-1 - Starting...
2025-04-03 08:30:04.907  INFO 404 --- [user-service] [pool-5-thread-4] com.zaxxer.hikari.HikariDataSource       : HikariPool-1 - Starting...
2025-04-03 08:30:06.004  INFO 404 --- [user-service] [pool-5-thread-8] com.zaxxer.hikari.HikariDataSource       : HikariPool-1 - Starting...
2025-04-03 08:30:07.015  INFO 404 --- [user-service] [pool-5-thread-1] com.zaxxer.hikari.HikariDataSource       : HikariPool-1 - Starting...
2025-04-03 08:30:08.073  INFO 404 --- [user-service] [pool-5-thread-8] com.zaxxer.hikari.HikariDataSource       : HikariPool-1 - Starting...
2025-04-03 08:30:09.188  INFO 404 --- [user-service] [pool-5-thread-4] com.zaxxer.hikari.HikariDataSource       : HikariPool-1 - Starting...
2025-04-03 08:30:10.341  INFO 404 --- [user-service] [pool-5-thread-10] com.zaxxer.hikari.HikariDataSource       : HikariPool-1 - Starting...
2025-04-03 08:30:11.437  INFO 404 --- [user-service] [pool-5-thread-9] com.zaxxer.hikari.HikariDataSource       : HikariPool-1 - Starting...
2025-04-03 08:30:12.506  INFO 404 --- [user-service] [pool-5-thread-7] com.zaxxer.hikari.HikariDataSource       : HikariPool-1 - Starting...
2025-04-03 08:30:13.613  INFO 404 --- [user-service] [pool-5-thread-5] com.zaxxer.hikari.HikariDataSource       : HikariPool-1 - Starting...
2025-04-03 08:30:14.637  INFO 404 --- [user-service] [pool-5-thread-6] com.zaxxer.hikari.HikariDataSource       : HikariPool-1 - Starting...
2025-04-03 08:30:15.696  INFO 404 --- [user-service] [pool-5-thread-3] com.zaxxer.hikari.HikariDataSource       : HikariPool-1 - Starting...
2025-04-03 08:30:16.707  INFO 404 --- [user-service] [pool-5-thread-2] com.zaxxer.hikari.HikariDataSource       : HikariPool-1 - Starting...
2025-04-03 08:30:17.755  INFO 404 --- [user-service] [pool-5-thread-3] com.zaxxer.hikari.HikariDataSource       : HikariPool-1 - Starting...
2025-04-03 08:30:18.767  INFO 404 --- [user-service] [pool-5-thread-6] com.zaxxer.hikari.HikariDataSource       : HikariPool-1 - Starting...
2025-04-03 08:30:19.810  INFO 404 --- [user-service] [pool-5-thread-5] com.zaxxer.hikari.HikariDataSource       : HikariPool-1 - Starting...
2025-04-03 08:30:20.816  INFO 404 --- [user-service] [pool-5-thread-7] com.zaxxer.hikari.HikariDataSource       : HikariPool-1 - Starting...
2025-04-03 08:30:21.852  INFO 404 --- [user-service] [pool-5-thread-9] com.zaxxer.hikari.HikariDataSource       : HikariPool-1 - Starting...
2025-04-03 08:30:22.995  INFO 404 --- [user-service] [pool-5-thread-10] com.zaxxer.hikari.HikariDataSource       : HikariPool-1 - Starting...
2025-04-03 08:30:24.001  INFO 404 --- [user-service] [pool-5-thread-4] com.zaxxer.hikari.HikariDataSource       : HikariPool-1 - Starting...
2025-04-03 08:30:25.007  INFO 404 --- [user-service] [pool-5-thread-8] com.zaxxer.hikari.HikariDataSource       : HikariPool-1 - Starting...
2025-04-03 08:30:26.041  INFO 404 --- [user-service] [pool-5-thread-1] com.zaxxer.hikari.HikariDataSource       : HikariPool-1 - Starting...
2025-04-03 08:30:27.072  INFO 404 --- [user-service] [pool-5-thread-8] com.zaxxer.hikari.HikariDataSource       : HikariPool-1 - Starting...
2025-04-03 08:30:28.086  INFO 404 --- [user-service] [pool-5-thread-4] com.zaxxer.hikari.HikariDataSource       : HikariPool-1 - Starting...
2025-04-03 08:30:29.106  INFO 404 --- [user-service] [pool-5-thread-10] com.zaxxer.hikari.HikariDataSource       : HikariPool-1 - Starting...
2025-04-03 08:30:30.144  INFO 404 --- [user-service] [pool-5-thread-9] com.zaxxer.hikari.HikariDataSource       : HikariPool-1 - Starting...
2025-04-03 08:30:31.162  INFO 404 --- [user-service] [pool-5-thread-7] com.zaxxer.hikari.HikariDataSource       : HikariPool-1 - Starting...
2025-04-03 08:30:32.290  INFO 404 --- [user-service] [pool-5-thread-5] com.zaxxer.hikari.HikariDataSource       : HikariPool-1 - Starting...
2025-04-03 08:30:33.303  INFO 404 --- [user-service] [pool-5-thread-6] com.zaxxer.hikari.HikariDataSource       : HikariPool-1 - Starting...
2025-04-03 08:30:34.418  INFO 404 --- [user-service] [pool-5-thread-3] com.zaxxer.hikari.HikariDataSource       : HikariPool-1 - Starting...
2025-04-03 08:30:35.428  INFO 404 --- [user-service] [pool-5-thread-2] com.zaxxer.hikari.HikariDataSource       : HikariPool-1 - Starting...
2025-04-03 08:30:36.445  INFO 404 --- [user-service] [pool-5-thread-3] com.zaxxer.hikari.HikariDataSource       : HikariPool-1 - Starting...
2025-04-03 08:30:37.542  INFO 404 --- [user-service] [pool-5-thread-6] com.zaxxer.hikari.HikariDataSource       : HikariPool-1 - Starting...
2025-04-03 08:30:38.554  INFO 404 --- [user-service] [pool-5-thread-5] com.zaxxer.hikari.HikariDataSource       : HikariPool-1 - Starting...
2025-04-03 08:30:39.561  INFO 404 --- [user-service] [pool-5-thread-7] com.zaxxer.hikari.HikariDataSource       : HikariPool-1 - Starting...
2025-04-03 08:30:40.603  INFO 404 --- [user-service] [pool-5-thread-9] com.zaxxer.hikari.HikariDataSource       : HikariPool-1 - Starting...
2025-04-03 08:30:41.626  INFO 404 --- [user-service] [pool-5-thread-10] com.zaxxer.hikari.HikariDataSource       : HikariPool-1 - Starting...
2025-04-03 08:30:42.654  INFO 404 --- [user-service] [pool-5-thread-4] com.zaxxer.hikari.HikariDataSource       : HikariPool-1 - Starting...
2025-04-03 08:30:43.746  INFO 404 --- [user-service] [pool-5-thread-8] com.zaxxer.hikari.HikariDataSource       : HikariPool-1 - Starting...
2025-04-03 08:30:44.926  INFO 404 --- [user-service] [pool-5-thread-1] com.zaxxer.hikari.HikariDataSource       : HikariPool-1 - Starting...
2025-04-03 08:30:46.054  INFO 404 --- [user-service] [pool-5-thread-8] com.zaxxer.hikari.HikariDataSource       : HikariPool-1 - Starting...
2025-04-03 08:30:47.122  INFO 404 --- [user-service] [pool-5-thread-4] com.zaxxer.hikari.HikariDataSource       : HikariPool-1 - Starting...
2025-04-03 08:30:48.167  INFO 404 --- [user-service] [pool-5-thread-10] com.zaxxer.hikari.HikariDataSource       : HikariPool-1 - Starting...
2025-04-03 08:30:49.187  INFO 404 --- [user-service] [pool-5-thread-9] com.zaxxer.hikari.HikariDataSource       : HikariPool-1 - Starting...
2025-04-03 08:30:50.377  INFO 404 --- [user-service] [pool-5-thread-7] com.zaxxer.hikari.HikariDataSource       : HikariPool-1 - Starting...
2025-04-03 08:30:51.406  INFO 404 --- [user-service] [pool-5-thread-5] com.zaxxer.hikari.HikariDataSource       : HikariPool-1 - Starting...
2025-04-03 08:30:52.416  INFO 404 --- [user-service] [pool-5-thread-6] com.zaxxer.hikari.HikariDataSource       : HikariPool-1 - Starting...
2025-04-03 08:30:53.449  INFO 404 --- [user-service] [pool-5-thread-3] com.zaxxer.hikari.HikariDataSource       : HikariPool-1 - Starting...
2025-04-03 08:30:54.469  INFO 404 --- [user-service] [pool-5-thread-2] com.zaxxer.hikari.HikariDataSource       : HikariPool-1 - Starting...
2025-04-03 08:30:55.474  INFO 404 --- [user-service] [pool-5-thread-3] com.zaxxer.hikari.HikariDataSource       : HikariPool-1 - Starting...
2025-04-03 08:30:56.510  INFO 404 --- [user-service] [pool-5-thread-6] com.zaxxer.hikari.HikariDataSource       : HikariPool-1 - Starting...
2025-04-03 08:30:57.515  INFO 404 --- [user-service] [pool-5-thread-5] com.zaxxer.hikari.HikariDataSource       : HikariPool-1 - Starting...
2025-04-03 08:30:58.544  INFO 404 --- [user-service] [pool-5-thread-7] com.zaxxer.hikari.HikariDataSource       : HikariPool-1 - Starting...
2025-04-03 08:30:59.558  INFO 404 --- [user-service] [pool-5-thread-9] com.zaxxer.hikari.HikariDataSource       : HikariPool-1 - Starting...
2025-04-03 08:31:00.631  INFO 404 --- [user-service] [pool-5-thread-10] com.zaxxer.hikari.HikariDataSource       : HikariPool-1 - Starting...
2025-04-03 08:31:01.766  INFO 404 --- [user-service] [pool-5-thread-4] com.zaxxer.hikari.HikariDataSource       : HikariPool-1 - Starting...
2025-04-03 08:31:02.793  INFO 404 --- [user-service] [pool-5-thread-8] com.zaxxer.hikari.HikariDataSource       : HikariPool-1 - Starting...
2025-04-03 08:31:03.843  INFO 404 --- [user-service] [pool-5-thread-1] com.zaxxer.hikari.HikariDataSource       : HikariPool-1 - Starting...
2025-04-03 08:31:04.858  INFO 404 --- [user-service] [pool-5-thread-8] com.zaxxer.hikari.HikariDataSource       : HikariPool-1 - Starting...
2025-04-03 08:31:05.874  INFO 404 --- [user-service] [pool-5-thread-4] com.zaxxer.hikari.HikariDataSource       : HikariPool-1 - Starting...
2025-04-03 08:31:07.038  INFO 404 --- [user-service] [pool-5-thread-10] com.zaxxer.hikari.HikariDataSource       : HikariPool-1 - Starting...
2025-04-03 08:31:08.066  INFO 404 --- [user-service] [pool-5-thread-9] com.zaxxer.hikari.HikariDataSource       : HikariPool-1 - Starting...
2025-04-03 08:31:09.116  INFO 404 --- [user-service] [pool-5-thread-7] com.zaxxer.hikari.HikariDataSource       : HikariPool-1 - Starting...
2025-04-03 08:31:10.215  INFO 404 --- [user-service] [pool-5-thread-5] com.zaxxer.hikari.HikariDataSource       : HikariPool-1 - Starting...
2025-04-03 08:31:11.239  INFO 404 --- [user-service] [pool-5-thread-6] com.zaxxer.hikari.HikariDataSource       : HikariPool-1 - Starting...
2025-04-03 08:31:12.256  INFO 404 --- [user-service] [pool-5-thread-3] com.zaxxer.hikari.HikariDataSource       : HikariPool-1 - Starting...
2025-04-03 08:31:13.539  INFO 404 --- [user-service] [pool-5-thread-2] com.zaxxer.hikari.HikariDataSource       : HikariPool-1 - Starting...
2025-04-03 08:31:14.670  INFO 404 --- [user-service] [pool-5-thread-3] com.zaxxer.hikari.HikariDataSource       : HikariPool-1 - Starting...
2025-04-03 08:31:15.740  INFO 404 --- [user-service] [pool-5-thread-6] com.zaxxer.hikari.HikariDataSource       : HikariPool-1 - Starting...
2025-04-03 08:31:16.759  INFO 404 --- [user-service] [pool-5-thread-5] com.zaxxer.hikari.HikariDataSource       : HikariPool-1 - Starting...
2025-04-03 08:31:17.770  INFO 404 --- [user-service] [pool-5-thread-7] com.zaxxer.hikari.HikariDataSource       : HikariPool-1 - Starting...
2025-04-03 08:31:18.811  INFO 404 --- [user-service] [pool-5-thread-9] com.zaxxer.hikari.HikariDataSource       : HikariPool-1 - Starting...
2025-04-03 08:31:19.988  INFO 404 --- [user-service] [pool-5-thread-10] com.zaxxer.hikari.HikariDataSource       : HikariPool-1 - Starting...
2025-04-03 08:31:21.008  INFO 404 --- [user-service] [pool-5-thread-4] com.zaxxer.hikari.HikariDataSource       : HikariPool-1 - Starting...
2025-04-03 08:31:22.071  INFO 404 --- [user-service] [pool-5-thread-8] com.zaxxer.hikari.HikariDataSource       : HikariPool-1 - Starting...
2025-04-03 08:31:23.695  INFO 404 --- [user-service] [pool-5-thread-1] com.zaxxer.hikari.HikariDataSource       : HikariPool-1 - Starting...
2025-04-03 08:31:24.778  INFO 404 --- [user-service] [pool-5-thread-8] com.zaxxer.hikari.HikariDataSource       : HikariPool-1 - Starting...
2025-04-03 08:31:25.831  INFO 404 --- [user-service] [pool-5-thread-4] com.zaxxer.hikari.HikariDataSource       : HikariPool-1 - Starting...
2025-04-03 08:31:26.854  INFO 404 --- [user-service] [pool-5-thread-10] com.zaxxer.hikari.HikariDataSource       : HikariPool-1 - Starting...
2025-04-03 08:31:27.891  INFO 404 --- [user-service] [pool-5-thread-9] com.zaxxer.hikari.HikariDataSource       : HikariPool-1 - Starting...
2025-04-03 08:31:28.902  INFO 404 --- [user-service] [pool-5-thread-7] com.zaxxer.hikari.HikariDataSource       : HikariPool-1 - Starting...
2025-04-03 08:31:29.915  INFO 404 --- [user-service] [pool-5-thread-5] com.zaxxer.hikari.HikariDataSource       : HikariPool-1 - Starting...
2025-04-03 08:31:30.985  INFO 404 --- [user-service] [pool-5-thread-6] com.zaxxer.hikari.HikariDataSource       : HikariPool-1 - Starting...
2025-04-03 08:31:32.031  INFO 404 --- [user-service] [pool-5-thread-3] com.zaxxer.hikari.HikariDataSource       : HikariPool-1 - Starting...
2025-04-03 08:31:33.111  INFO 404 --- [user-service] [pool-5-thread-2] com.zaxxer.hikari.HikariDataSource       : HikariPool-1 - Starting...
2025-04-03 08:31:34.356  INFO 404 --- [user-service] [pool-5-thread-3] com.zaxxer.hikari.HikariDataSource       : HikariPool-1 - Starting...
2025-04-03 08:31:35.359  INFO 404 --- [user-service] [pool-5-thread-6] com.zaxxer.hikari.HikariDataSource       : HikariPool-1 - Starting...
2025-04-03 08:31:36.394  INFO 404 --- [user-service] [pool-5-thread-5] com.zaxxer.hikari.HikariDataSource       : HikariPool-1 - Starting...
2025-04-03 08:31:37.429  INFO 404 --- [user-service] [pool-5-thread-7] com.zaxxer.hikari.HikariDataSource       : HikariPool-1 - Starting...
2025-04-03 08:31:38.464  INFO 404 --- [user-service] [pool-5-thread-9] com.zaxxer.hikari.HikariDataSource       : HikariPool-1 - Starting...
2025-04-03 08:31:39.480  INFO 404 --- [user-service] [pool-5-thread-10] com.zaxxer.hikari.HikariDataSource       : HikariPool-1 - Starting...
2025-04-03 08:31:40.585  INFO 404 --- [user-service] [pool-5-thread-4] com.zaxxer.hikari.HikariDataSource       : HikariPool-1 - Starting...
2025-04-03 08:31:41.646  INFO 404 --- [user-service] [pool-5-thread-8] com.zaxxer.hikari.HikariDataSource       : HikariPool-1 - Starting...
2025-04-03 08:31:42.886  INFO 404 --- [user-service] [pool-5-thread-1] com.zaxxer.hikari.HikariDataSource       : HikariPool-1 - Starting...
2025-04-03 08:31:44.100  INFO 404 --- [user-service] [pool-5-thread-8] com.zaxxer.hikari.HikariDataSource       : HikariPool-1 - Starting...
2025-04-03 08:31:45.124  INFO 404 --- [user-service] [pool-5-thread-4] com.zaxxer.hikari.HikariDataSource       : HikariPool-1 - Starting...
2025-04-03 08:31:46.251  INFO 404 --- [user-service] [pool-5-thread-10] com.zaxxer.hikari.HikariDataSource       : HikariPool-1 - Starting...
2025-04-03 08:31:47.288  INFO 404 --- [user-service] [pool-5-thread-9] com.zaxxer.hikari.HikariDataSource       : HikariPool-1 - Starting...
2025-04-03 08:31:48.305  INFO 404 --- [user-service] [pool-5-thread-7] com.zaxxer.hikari.HikariDataSource       : HikariPool-1 - Starting...
2025-04-03 08:31:49.322  INFO 404 --- [user-service] [pool-5-thread-5] com.zaxxer.hikari.HikariDataSource       : HikariPool-1 - Starting...
2025-04-03 08:31:50.355  INFO 404 --- [user-service] [pool-5-thread-6] com.zaxxer.hikari.HikariDataSource       : HikariPool-1 - Starting...
2025-04-03 08:31:51.378  INFO 404 --- [user-service] [pool-5-thread-3] com.zaxxer.hikari.HikariDataSource       : HikariPool-1 - Starting...
2025-04-03 08:31:52.387  INFO 404 --- [user-service] [pool-5-thread-2] com.zaxxer.hikari.HikariDataSource       : HikariPool-1 - Starting...
2025-04-03 08:31:53.505  INFO 404 --- [user-service] [pool-5-thread-3] com.zaxxer.hikari.HikariDataSource       : HikariPool-1 - Starting...
2025-04-03 08:31:54.596  INFO 404 --- [user-service] [pool-5-thread-6] com.zaxxer.hikari.HikariDataSource       : HikariPool-1 - Starting...
2025-04-03 08:31:55.604  INFO 404 --- [user-service] [pool-5-thread-5] com.zaxxer.hikari.HikariDataSource       : HikariPool-1 - Starting...
2025-04-03 08:31:56.617  INFO 404 --- [user-service] [pool-5-thread-7] com.zaxxer.hikari.HikariDataSource       : HikariPool-1 - Starting...
2025-04-03 08:31:57.717  INFO 404 --- [user-service] [pool-5-thread-9] com.zaxxer.hikari.HikariDataSource       : HikariPool-1 - Starting...
2025-04-03 08:31:58.810  INFO 404 --- [user-service] [pool-5-thread-10] com.zaxxer.hikari.HikariDataSource       : HikariPool-1 - Starting...
2025-04-03 08:31:59.813  INFO 404 --- [user-service] [pool-5-thread-4] com.zaxxer.hikari.HikariDataSource       : HikariPool-1 - Starting...
2025-04-03 08:32:00.825  INFO 404 --- [user-service] [pool-5-thread-8] com.zaxxer.hikari.HikariDataSource       : HikariPool-1 - Starting...
2025-04-03 08:32:01.837  INFO 404 --- [user-service] [pool-5-thread-1] com.zaxxer.hikari.HikariDataSource       : HikariPool-1 - Starting...
2025-04-03 08:32:02.865  INFO 404 --- [user-service] [pool-5-thread-8] com.zaxxer.hikari.HikariDataSource       : HikariPool-1 - Starting...
2025-04-03 08:32:03.878  INFO 404 --- [user-service] [pool-5-thread-4] com.zaxxer.hikari.HikariDataSource       : HikariPool-1 - Starting...
2025-04-03 08:32:04.912  INFO 404 --- [user-service] [pool-5-thread-10] com.zaxxer.hikari.HikariDataSource       : HikariPool-1 - Starting...
2025-04-03 08:32:05.998  INFO 404 --- [user-service] [pool-5-thread-9] com.zaxxer.hikari.HikariDataSource       : HikariPool-1 - Starting...
2025-04-03 08:32:07.032  INFO 404 --- [user-service] [pool-5-thread-7] com.zaxxer.hikari.HikariDataSource       : HikariPool-1 - Starting...
2025-04-03 08:32:08.054  INFO 404 --- [user-service] [pool-5-thread-5] com.zaxxer.hikari.HikariDataSource       : HikariPool-1 - Starting...
2025-04-03 08:32:09.060  INFO 404 --- [user-service] [pool-5-thread-6] com.zaxxer.hikari.HikariDataSource       : HikariPool-1 - Starting...
2025-04-03 08:32:10.081  INFO 404 --- [user-service] [pool-5-thread-3] com.zaxxer.hikari.HikariDataSource       : HikariPool-1 - Starting...
2025-04-03 08:32:11.102  INFO 404 --- [user-service] [pool-5-thread-2] com.zaxxer.hikari.HikariDataSource       : HikariPool-1 - Starting...
2025-04-03 08:32:12.229  INFO 404 --- [user-service] [pool-5-thread-3] com.zaxxer.hikari.HikariDataSource       : HikariPool-1 - Starting...
2025-04-03 08:32:13.428  INFO 404 --- [user-service] [pool-5-thread-6] com.zaxxer.hikari.HikariDataSource       : HikariPool-1 - Starting...
2025-04-03 08:32:14.468  INFO 404 --- [user-service] [pool-5-thread-5] com.zaxxer.hikari.HikariDataSource       : HikariPool-1 - Starting...
2025-04-03 08:32:15.477  INFO 404 --- [user-service] [pool-5-thread-7] com.zaxxer.hikari.HikariDataSource       : HikariPool-1 - Starting...
2025-04-03 08:32:16.540  INFO 404 --- [user-service] [pool-5-thread-9] com.zaxxer.hikari.HikariDataSource       : HikariPool-1 - Starting...
2025-04-03 08:32:17.600  INFO 404 --- [user-service] [pool-5-thread-10] com.zaxxer.hikari.HikariDataSource       : HikariPool-1 - Starting...
2025-04-03 08:32:18.615  INFO 404 --- [user-service] [pool-5-thread-4] com.zaxxer.hikari.HikariDataSource       : HikariPool-1 - Starting...
2025-04-03 08:32:19.688  INFO 404 --- [user-service] [pool-5-thread-8] com.zaxxer.hikari.HikariDataSource       : HikariPool-1 - Starting...
2025-04-03 08:32:20.697  INFO 404 --- [user-service] [pool-5-thread-1] com.zaxxer.hikari.HikariDataSource       : HikariPool-1 - Starting...
2025-04-03 08:32:21.794  INFO 404 --- [user-service] [pool-5-thread-8] com.zaxxer.hikari.HikariDataSource       : HikariPool-1 - Starting...
2025-04-03 08:32:22.845  INFO 404 --- [user-service] [pool-5-thread-4] com.zaxxer.hikari.HikariDataSource       : HikariPool-1 - Starting...
2025-04-03 08:32:23.859  INFO 404 --- [user-service] [pool-5-thread-10] com.zaxxer.hikari.HikariDataSource       : HikariPool-1 - Starting...
2025-04-03 08:32:24.894  INFO 404 --- [user-service] [pool-5-thread-9] com.zaxxer.hikari.HikariDataSource       : HikariPool-1 - Starting...
2025-04-03 08:32:25.916  INFO 404 --- [user-service] [pool-5-thread-7] com.zaxxer.hikari.HikariDataSource       : HikariPool-1 - Starting...
2025-04-03 08:32:26.921  INFO 404 --- [user-service] [pool-5-thread-5] com.zaxxer.hikari.HikariDataSource       : HikariPool-1 - Starting...
2025-04-03 08:32:27.930  INFO 404 --- [user-service] [pool-5-thread-6] com.zaxxer.hikari.HikariDataSource       : HikariPool-1 - Starting...
2025-04-03 08:32:28.933  INFO 404 --- [user-service] [pool-5-thread-3] com.zaxxer.hikari.HikariDataSource       : HikariPool-1 - Starting...
2025-04-03 08:32:29.946  INFO 404 --- [user-service] [pool-5-thread-2] com.zaxxer.hikari.HikariDataSource       : HikariPool-1 - Starting...
2025-04-03 08:32:30.962  INFO 404 --- [user-service] [pool-5-thread-3] com.zaxxer.hikari.HikariDataSource       : HikariPool-1 - Starting...
2025-04-03 08:32:31.973  INFO 404 --- [user-service] [pool-5-thread-6] com.zaxxer.hikari.HikariDataSource       : HikariPool-1 - Starting...
2025-04-03 08:32:32.986  INFO 404 --- [user-service] [pool-5-thread-5] com.zaxxer.hikari.HikariDataSource       : HikariPool-1 - Starting...
2025-04-03 08:32:34.045  INFO 404 --- [user-service] [pool-5-thread-7] com.zaxxer.hikari.HikariDataSource       : HikariPool-1 - Starting...
2025-04-03 08:32:35.081  INFO 404 --- [user-service] [pool-5-thread-9] com.zaxxer.hikari.HikariDataSource       : HikariPool-1 - Starting...
2025-04-03 08:32:36.092  INFO 404 --- [user-service] [pool-5-thread-10] com.zaxxer.hikari.HikariDataSource       : HikariPool-1 - Starting...
2025-04-03 08:32:37.097  INFO 404 --- [user-service] [pool-5-thread-4] com.zaxxer.hikari.HikariDataSource       : HikariPool-1 - Starting...
2025-04-03 08:32:38.104  INFO 404 --- [user-service] [pool-5-thread-8] com.zaxxer.hikari.HikariDataSource       : HikariPool-1 - Starting...
2025-04-03 08:32:39.112  INFO 404 --- [user-service] [pool-5-thread-1] com.zaxxer.hikari.HikariDataSource       : HikariPool-1 - Starting...
2025-04-03 08:32:40.117  INFO 404 --- [user-service] [pool-5-thread-8] com.zaxxer.hikari.HikariDataSource       : HikariPool-1 - Starting...
2025-04-03 08:32:41.122  INFO 404 --- [user-service] [pool-5-thread-4] com.zaxxer.hikari.HikariDataSource       : HikariPool-1 - Starting...
2025-04-03 08:32:42.130  INFO 404 --- [user-service] [pool-5-thread-10] com.zaxxer.hikari.HikariDataSource       : HikariPool-1 - Starting...
2025-04-03 08:32:43.135  INFO 404 --- [user-service] [pool-5-thread-9] com.zaxxer.hikari.HikariDataSource       : HikariPool-1 - Starting...
2025-04-03 08:32:44.138  INFO 404 --- [user-service] [pool-5-thread-7] com.zaxxer.hikari.HikariDataSource       : HikariPool-1 - Starting...
2025-04-03 08:32:45.140  INFO 404 --- [user-service] [pool-5-thread-5] com.zaxxer.hikari.HikariDataSource       : HikariPool-1 - Starting...
2025-04-03 08:32:46.147  INFO 404 --- [user-service] [pool-5-thread-6] com.zaxxer.hikari.HikariDataSource       : HikariPool-1 - Starting...
2025-04-03 08:32:47.160  INFO 404 --- [user-service] [pool-5-thread-3] com.zaxxer.hikari.HikariDataSource       : HikariPool-1 - Starting...
2025-04-03 08:32:48.166  INFO 404 --- [user-service] [pool-5-thread-2] com.zaxxer.hikari.HikariDataSource       : HikariPool-1 - Starting...
2025-04-03 08:32:49.178  INFO 404 --- [user-service] [pool-5-thread-3] com.zaxxer.hikari.HikariDataSource       : HikariPool-1 - Starting...
2025-04-03 08:32:50.180  INFO 404 --- [user-service] [pool-5-thread-6] com.zaxxer.hikari.HikariDataSource       : HikariPool-1 - Starting...
2025-04-03 08:32:51.189  INFO 404 --- [user-service] [pool-5-thread-5] com.zaxxer.hikari.HikariDataSource       : HikariPool-1 - Starting...
2025-04-03 08:32:52.195  INFO 404 --- [user-service] [pool-5-thread-7] com.zaxxer.hikari.HikariDataSource       : HikariPool-1 - Starting...
2025-04-03 08:32:53.199  INFO 404 --- [user-service] [pool-5-thread-9] com.zaxxer.hikari.HikariDataSource       : HikariPool-1 - Starting...
2025-04-03 08:32:54.202  INFO 404 --- [user-service] [pool-5-thread-10] com.zaxxer.hikari.HikariDataSource       : HikariPool-1 - Starting...
2025-04-03 08:32:55.217  INFO 404 --- [user-service] [pool-5-thread-4] com.zaxxer.hikari.HikariDataSource       : HikariPool-1 - Starting...
2025-04-03 08:32:56.228  INFO 404 --- [user-service] [pool-5-thread-8] com.zaxxer.hikari.HikariDataSource       : HikariPool-1 - Starting...
2025-04-03 08:32:57.231  INFO 404 --- [user-service] [pool-5-thread-1] com.zaxxer.hikari.HikariDataSource       : HikariPool-1 - Starting...
2025-04-03 08:32:58.239  INFO 404 --- [user-service] [pool-5-thread-8] com.zaxxer.hikari.HikariDataSource       : HikariPool-1 - Starting...
2025-04-03 08:32:59.248  INFO 404 --- [user-service] [pool-5-thread-4] com.zaxxer.hikari.HikariDataSource       : HikariPool-1 - Starting...
2025-04-03 08:33:00.251  INFO 404 --- [user-service] [pool-5-thread-10] com.zaxxer.hikari.HikariDataSource       : HikariPool-1 - Starting...
2025-04-03 08:33:01.267  INFO 404 --- [user-service] [pool-5-thread-9] com.zaxxer.hikari.HikariDataSource       : HikariPool-1 - Starting...
2025-04-03 08:33:02.281  INFO 404 --- [user-service] [pool-5-thread-7] com.zaxxer.hikari.HikariDataSource       : HikariPool-1 - Starting...
2025-04-03 08:33:03.294  INFO 404 --- [user-service] [pool-5-thread-5] com.zaxxer.hikari.HikariDataSource       : HikariPool-1 - Starting...
2025-04-03 08:33:04.299  INFO 404 --- [user-service] [pool-5-thread-6] com.zaxxer.hikari.HikariDataSource       : HikariPool-1 - Starting...
2025-04-03 08:33:05.302  INFO 404 --- [user-service] [pool-5-thread-3] com.zaxxer.hikari.HikariDataSource       : HikariPool-1 - Starting...
2025-04-03 08:33:06.306  INFO 404 --- [user-service] [pool-5-thread-2] com.zaxxer.hikari.HikariDataSource       : HikariPool-1 - Starting...
2025-04-03 08:33:07.320  INFO 404 --- [user-service] [pool-5-thread-3] com.zaxxer.hikari.HikariDataSource       : HikariPool-1 - Starting...
2025-04-03 08:33:08.328  INFO 404 --- [user-service] [pool-5-thread-6] com.zaxxer.hikari.HikariDataSource       : HikariPool-1 - Starting...
2025-04-03 08:33:09.336  INFO 404 --- [user-service] [pool-5-thread-5] com.zaxxer.hikari.HikariDataSource       : HikariPool-1 - Starting...
2025-04-03 08:33:10.341  INFO 404 --- [user-service] [pool-5-thread-7] com.zaxxer.hikari.HikariDataSource       : HikariPool-1 - Starting...
2025-04-03 08:33:11.343  INFO 404 --- [user-service] [pool-5-thread-9] com.zaxxer.hikari.HikariDataSource       : HikariPool-1 - Starting...
2025-04-03 08:33:12.346  INFO 404 --- [user-service] [pool-5-thread-10] com.zaxxer.hikari.HikariDataSource       : HikariPool-1 - Starting...
2025-04-03 08:33:13.360  INFO 404 --- [user-service] [pool-5-thread-4] com.zaxxer.hikari.HikariDataSource       : HikariPool-1 - Starting...
2025-04-03 08:33:14.362  INFO 404 --- [user-service] [pool-5-thread-8] com.zaxxer.hikari.HikariDataSource       : HikariPool-1 - Starting...
2025-04-03 08:33:15.367  INFO 404 --- [user-service] [pool-5-thread-1] com.zaxxer.hikari.HikariDataSource       : HikariPool-1 - Starting...
2025-04-03 08:33:16.373  INFO 404 --- [user-service] [pool-5-thread-8] com.zaxxer.hikari.HikariDataSource       : HikariPool-1 - Starting...
2025-04-03 08:33:17.388  INFO 404 --- [user-service] [pool-5-thread-4] com.zaxxer.hikari.HikariDataSource       : HikariPool-1 - Starting...
2025-04-03 08:33:18.391  INFO 404 --- [user-service] [pool-5-thread-10] com.zaxxer.hikari.HikariDataSource       : HikariPool-1 - Starting...
2025-04-03 08:33:19.405  INFO 404 --- [user-service] [pool-5-thread-9] com.zaxxer.hikari.HikariDataSource       : HikariPool-1 - Starting...
2025-04-03 08:33:20.407  INFO 404 --- [user-service] [pool-5-thread-7] com.zaxxer.hikari.HikariDataSource       : HikariPool-1 - Starting...
2025-04-03 08:33:21.410  INFO 404 --- [user-service] [pool-5-thread-5] com.zaxxer.hikari.HikariDataSource       : HikariPool-1 - Starting...
2025-04-03 08:33:22.425  INFO 404 --- [user-service] [pool-5-thread-6] com.zaxxer.hikari.HikariDataSource       : HikariPool-1 - Starting...
2025-04-03 08:33:23.438  INFO 404 --- [user-service] [pool-5-thread-3] com.zaxxer.hikari.HikariDataSource       : HikariPool-1 - Starting...
2025-04-03 08:33:24.448  INFO 404 --- [user-service] [pool-5-thread-2] com.zaxxer.hikari.HikariDataSource       : HikariPool-1 - Starting...
2025-04-03 08:33:25.458  INFO 404 --- [user-service] [pool-5-thread-3] com.zaxxer.hikari.HikariDataSource       : HikariPool-1 - Starting...
2025-04-03 08:33:26.462  INFO 404 --- [user-service] [pool-5-thread-6] com.zaxxer.hikari.HikariDataSource       : HikariPool-1 - Starting...
2025-04-03 08:33:27.474  INFO 404 --- [user-service] [pool-5-thread-5] com.zaxxer.hikari.HikariDataSource       : HikariPool-1 - Starting...
2025-04-03 08:33:28.485  INFO 404 --- [user-service] [pool-5-thread-7] com.zaxxer.hikari.HikariDataSource       : HikariPool-1 - Starting...
2025-04-03 08:33:29.496  INFO 404 --- [user-service] [pool-5-thread-9] com.zaxxer.hikari.HikariDataSource       : HikariPool-1 - Starting...
2025-04-03 08:33:30.502  INFO 404 --- [user-service] [pool-5-thread-10] com.zaxxer.hikari.HikariDataSource       : HikariPool-1 - Starting...
2025-04-03 08:33:31.508  INFO 404 --- [user-service] [pool-5-thread-4] com.zaxxer.hikari.HikariDataSource       : HikariPool-1 - Starting...
2025-04-03 08:33:32.512  INFO 404 --- [user-service] [pool-5-thread-8] com.zaxxer.hikari.HikariDataSource       : HikariPool-1 - Starting...
2025-04-03 08:33:33.514  INFO 404 --- [user-service] [pool-5-thread-1] com.zaxxer.hikari.HikariDataSource       : HikariPool-1 - Starting...
2025-04-03 08:33:34.529  INFO 404 --- [user-service] [pool-5-thread-8] com.zaxxer.hikari.HikariDataSource       : HikariPool-1 - Starting...
2025-04-03 08:33:35.532  INFO 404 --- [user-service] [pool-5-thread-4] com.zaxxer.hikari.HikariDataSource       : HikariPool-1 - Starting...
2025-04-03 08:33:36.534  INFO 404 --- [user-service] [pool-5-thread-10] com.zaxxer.hikari.HikariDataSource       : HikariPool-1 - Starting...
2025-04-03 08:33:37.538  INFO 404 --- [user-service] [pool-5-thread-9] com.zaxxer.hikari.HikariDataSource       : HikariPool-1 - Starting...
2025-04-03 08:33:38.546  INFO 404 --- [user-service] [pool-5-thread-7] com.zaxxer.hikari.HikariDataSource       : HikariPool-1 - Starting...
2025-04-03 08:33:39.557  INFO 404 --- [user-service] [pool-5-thread-5] com.zaxxer.hikari.HikariDataSource       : HikariPool-1 - Starting...
2025-04-03 08:33:40.560  INFO 404 --- [user-service] [pool-5-thread-6] com.zaxxer.hikari.HikariDataSource       : HikariPool-1 - Starting...
2025-04-03 08:33:41.568  INFO 404 --- [user-service] [pool-5-thread-3] com.zaxxer.hikari.HikariDataSource       : HikariPool-1 - Starting...
2025-04-03 08:33:42.572  INFO 404 --- [user-service] [pool-5-thread-2] com.zaxxer.hikari.HikariDataSource       : HikariPool-1 - Starting...
2025-04-03 08:33:43.582  INFO 404 --- [user-service] [pool-5-thread-3] com.zaxxer.hikari.HikariDataSource       : HikariPool-1 - Starting...
2025-04-03 08:33:44.590  INFO 404 --- [user-service] [pool-5-thread-6] com.zaxxer.hikari.HikariDataSource       : HikariPool-1 - Starting...
2025-04-03 08:33:45.604  INFO 404 --- [user-service] [pool-5-thread-5] com.zaxxer.hikari.HikariDataSource       : HikariPool-1 - Starting...
2025-04-03 08:33:46.612  INFO 404 --- [user-service] [pool-5-thread-7] com.zaxxer.hikari.HikariDataSource       : HikariPool-1 - Starting...
2025-04-03 08:33:47.624  INFO 404 --- [user-service] [pool-5-thread-9] com.zaxxer.hikari.HikariDataSource       : HikariPool-1 - Starting...
2025-04-03 08:33:48.626  INFO 404 --- [user-service] [pool-5-thread-10] com.zaxxer.hikari.HikariDataSource       : HikariPool-1 - Starting...
2025-04-03 08:33:49.628  INFO 404 --- [user-service] [pool-5-thread-4] com.zaxxer.hikari.HikariDataSource       : HikariPool-1 - Starting...
2025-04-03 08:33:50.630  INFO 404 --- [user-service] [pool-5-thread-8] com.zaxxer.hikari.HikariDataSource       : HikariPool-1 - Starting...
2025-04-03 08:33:51.632  INFO 404 --- [user-service] [pool-5-thread-1] com.zaxxer.hikari.HikariDataSource       : HikariPool-1 - Starting...
2025-04-03 08:33:52.642  INFO 404 --- [user-service] [pool-5-thread-8] com.zaxxer.hikari.HikariDataSource       : HikariPool-1 - Starting...
2025-04-03 08:33:53.648  INFO 404 --- [user-service] [pool-5-thread-4] com.zaxxer.hikari.HikariDataSource       : HikariPool-1 - Starting...
2025-04-03 08:33:54.664  INFO 404 --- [user-service] [pool-5-thread-10] com.zaxxer.hikari.HikariDataSource       : HikariPool-1 - Starting...
2025-04-03 08:33:55.673  INFO 404 --- [user-service] [pool-5-thread-9] com.zaxxer.hikari.HikariDataSource       : HikariPool-1 - Starting...
2025-04-03 08:33:56.685  INFO 404 --- [user-service] [pool-5-thread-7] com.zaxxer.hikari.HikariDataSource       : HikariPool-1 - Starting...
2025-04-03 08:33:57.691  INFO 404 --- [user-service] [pool-5-thread-5] com.zaxxer.hikari.HikariDataSource       : HikariPool-1 - Starting...
2025-04-03 08:33:58.706  INFO 404 --- [user-service] [pool-5-thread-6] com.zaxxer.hikari.HikariDataSource       : HikariPool-1 - Starting...
2025-04-03 08:33:59.712  INFO 404 --- [user-service] [pool-5-thread-3] com.zaxxer.hikari.HikariDataSource       : HikariPool-1 - Starting...
2025-04-03 08:34:00.721  INFO 404 --- [user-service] [pool-5-thread-2] com.zaxxer.hikari.HikariDataSource       : HikariPool-1 - Starting...
2025-04-03 08:34:01.734  INFO 404 --- [user-service] [pool-5-thread-3] com.zaxxer.hikari.HikariDataSource       : HikariPool-1 - Starting...
2025-04-03 08:34:02.739  INFO 404 --- [user-service] [pool-5-thread-6] com.zaxxer.hikari.HikariDataSource       : HikariPool-1 - Starting...
2025-04-03 08:34:03.741  INFO 404 --- [user-service] [pool-5-thread-5] com.zaxxer.hikari.HikariDataSource       : HikariPool-1 - Starting...
2025-04-03 08:34:04.753  INFO 404 --- [user-service] [pool-5-thread-7] com.zaxxer.hikari.HikariDataSource       : HikariPool-1 - Starting...
2025-04-03 08:34:05.766  INFO 404 --- [user-service] [pool-5-thread-9] com.zaxxer.hikari.HikariDataSource       : HikariPool-1 - Starting...
2025-04-03 08:34:06.775  INFO 404 --- [user-service] [pool-5-thread-10] com.zaxxer.hikari.HikariDataSource       : HikariPool-1 - Starting...
2025-04-03 08:34:07.778  INFO 404 --- [user-service] [pool-5-thread-4] com.zaxxer.hikari.HikariDataSource       : HikariPool-1 - Starting...
2025-04-03 08:34:08.783  INFO 404 --- [user-service] [pool-5-thread-8] com.zaxxer.hikari.HikariDataSource       : HikariPool-1 - Starting...
2025-04-03 08:34:09.789  INFO 404 --- [user-service] [pool-5-thread-1] com.zaxxer.hikari.HikariDataSource       : HikariPool-1 - Starting...
2025-04-03 08:34:10.793  INFO 404 --- [user-service] [pool-5-thread-8] com.zaxxer.hikari.HikariDataSource       : HikariPool-1 - Starting...
2025-04-03 08:34:11.799  INFO 404 --- [user-service] [pool-5-thread-4] com.zaxxer.hikari.HikariDataSource       : HikariPool-1 - Starting...
2025-04-03 08:34:12.807  INFO 404 --- [user-service] [pool-5-thread-10] com.zaxxer.hikari.HikariDataSource       : HikariPool-1 - Starting...
2025-04-03 08:34:13.812  INFO 404 --- [user-service] [pool-5-thread-9] com.zaxxer.hikari.HikariDataSource       : HikariPool-1 - Starting...
2025-04-03 08:34:14.815  INFO 404 --- [user-service] [pool-5-thread-7] com.zaxxer.hikari.HikariDataSource       : HikariPool-1 - Starting...
2025-04-03 08:34:15.821  INFO 404 --- [user-service] [pool-5-thread-5] com.zaxxer.hikari.HikariDataSource       : HikariPool-1 - Starting...
2025-04-03 08:34:16.823  INFO 404 --- [user-service] [pool-5-thread-6] com.zaxxer.hikari.HikariDataSource       : HikariPool-1 - Starting...
2025-04-03 08:34:17.837  INFO 404 --- [user-service] [pool-5-thread-3] com.zaxxer.hikari.HikariDataSource       : HikariPool-1 - Starting...
2025-04-03 08:34:18.840  INFO 404 --- [user-service] [pool-5-thread-2] com.zaxxer.hikari.HikariDataSource       : HikariPool-1 - Starting...
2025-04-03 08:34:19.843  INFO 404 --- [user-service] [pool-5-thread-3] com.zaxxer.hikari.HikariDataSource       : HikariPool-1 - Starting...
2025-04-03 08:34:20.851  INFO 404 --- [user-service] [pool-5-thread-6] com.zaxxer.hikari.HikariDataSource       : HikariPool-1 - Starting...
2025-04-03 08:34:21.862  INFO 404 --- [user-service] [pool-5-thread-5] com.zaxxer.hikari.HikariDataSource       : HikariPool-1 - Starting...
2025-04-03 08:34:22.878  INFO 404 --- [user-service] [pool-5-thread-7] com.zaxxer.hikari.HikariDataSource       : HikariPool-1 - Starting...
2025-04-03 08:34:23.885  INFO 404 --- [user-service] [pool-5-thread-9] com.zaxxer.hikari.HikariDataSource       : HikariPool-1 - Starting...
2025-04-03 08:34:24.887  INFO 404 --- [user-service] [pool-5-thread-10] com.zaxxer.hikari.HikariDataSource       : HikariPool-1 - Starting...
2025-04-03 08:34:25.890  INFO 404 --- [user-service] [pool-5-thread-4] com.zaxxer.hikari.HikariDataSource       : HikariPool-1 - Starting...
2025-04-03 08:34:26.901  INFO 404 --- [user-service] [pool-5-thread-8] com.zaxxer.hikari.HikariDataSource       : HikariPool-1 - Starting...
2025-04-03 08:34:27.902  INFO 404 --- [user-service] [pool-5-thread-1] com.zaxxer.hikari.HikariDataSource       : HikariPool-1 - Starting...
2025-04-03 08:34:28.904  INFO 404 --- [user-service] [pool-5-thread-8] com.zaxxer.hikari.HikariDataSource       : HikariPool-1 - Starting...
2025-04-03 08:34:29.911  INFO 404 --- [user-service] [pool-5-thread-4] com.zaxxer.hikari.HikariDataSource       : HikariPool-1 - Starting...
2025-04-03 08:34:30.924  INFO 404 --- [user-service] [pool-5-thread-10] com.zaxxer.hikari.HikariDataSource       : HikariPool-1 - Starting...
2025-04-03 08:34:31.928  INFO 404 --- [user-service] [pool-5-thread-9] com.zaxxer.hikari.HikariDataSource       : HikariPool-1 - Starting...
2025-04-03 08:34:32.931  INFO 404 --- [user-service] [pool-5-thread-7] com.zaxxer.hikari.HikariDataSource       : HikariPool-1 - Starting...
2025-04-03 08:34:33.937  INFO 404 --- [user-service] [pool-5-thread-5] com.zaxxer.hikari.HikariDataSource       : HikariPool-1 - Starting...
2025-04-03 08:34:34.942  INFO 404 --- [user-service] [pool-5-thread-6] com.zaxxer.hikari.HikariDataSource       : HikariPool-1 - Starting...
2025-04-03 08:34:35.948  INFO 404 --- [user-service] [pool-5-thread-3] com.zaxxer.hikari.HikariDataSource       : HikariPool-1 - Starting...
2025-04-03 08:34:36.964  INFO 404 --- [user-service] [pool-5-thread-2] com.zaxxer.hikari.HikariDataSource       : HikariPool-1 - Starting...
2025-04-03 08:34:37.966  INFO 404 --- [user-service] [pool-5-thread-3] com.zaxxer.hikari.HikariDataSource       : HikariPool-1 - Starting...
2025-04-03 08:34:38.968  INFO 404 --- [user-service] [pool-5-thread-6] com.zaxxer.hikari.HikariDataSource       : HikariPool-1 - Starting...
2025-04-03 08:34:39.973  INFO 404 --- [user-service] [pool-5-thread-5] com.zaxxer.hikari.HikariDataSource       : HikariPool-1 - Starting...
2025-04-03 08:34:40.975  INFO 404 --- [user-service] [pool-5-thread-7] com.zaxxer.hikari.HikariDataSource       : HikariPool-1 - Starting...
2025-04-03 08:34:41.981  INFO 404 --- [user-service] [pool-5-thread-9] com.zaxxer.hikari.HikariDataSource       : HikariPool-1 - Starting...
2025-04-03 08:34:42.991  INFO 404 --- [user-service] [pool-5-thread-10] com.zaxxer.hikari.HikariDataSource       : HikariPool-1 - Starting...
2025-04-03 08:34:43.999  INFO 404 --- [user-service] [pool-5-thread-4] com.zaxxer.hikari.HikariDataSource       : HikariPool-1 - Starting...
2025-04-03 08:34:45.003  INFO 404 --- [user-service] [pool-5-thread-8] com.zaxxer.hikari.HikariDataSource       : HikariPool-1 - Starting...
2025-04-03 08:34:46.013  INFO 404 --- [user-service] [pool-5-thread-1] com.zaxxer.hikari.HikariDataSource       : HikariPool-1 - Starting...
2025-04-03 08:34:47.027  INFO 404 --- [user-service] [pool-5-thread-8] com.zaxxer.hikari.HikariDataSource       : HikariPool-1 - Starting...
2025-04-03 08:34:48.040  INFO 404 --- [user-service] [pool-5-thread-4] com.zaxxer.hikari.HikariDataSource       : HikariPool-1 - Starting...
2025-04-03 08:34:49.052  INFO 404 --- [user-service] [pool-5-thread-10] com.zaxxer.hikari.HikariDataSource       : HikariPool-1 - Starting...
2025-04-03 08:34:50.058  INFO 404 --- [user-service] [pool-5-thread-9] com.zaxxer.hikari.HikariDataSource       : HikariPool-1 - Starting...
2025-04-03 08:34:51.070  INFO 404 --- [user-service] [pool-5-thread-7] com.zaxxer.hikari.HikariDataSource       : HikariPool-1 - Starting...
2025-04-03 08:34:52.075  INFO 404 --- [user-service] [pool-5-thread-5] com.zaxxer.hikari.HikariDataSource       : HikariPool-1 - Starting...
2025-04-03 08:34:53.086  INFO 404 --- [user-service] [pool-5-thread-6] com.zaxxer.hikari.HikariDataSource       : HikariPool-1 - Starting...
2025-04-03 08:34:54.095  INFO 404 --- [user-service] [pool-5-thread-3] com.zaxxer.hikari.HikariDataSource       : HikariPool-1 - Starting...
2025-04-03 08:34:55.097  INFO 404 --- [user-service] [pool-5-thread-2] com.zaxxer.hikari.HikariDataSource       : HikariPool-1 - Starting...
2025-04-03 08:34:56.101  INFO 404 --- [user-service] [pool-5-thread-3] com.zaxxer.hikari.HikariDataSource       : HikariPool-1 - Starting...
2025-04-03 08:34:57.107  INFO 404 --- [user-service] [pool-5-thread-6] com.zaxxer.hikari.HikariDataSource       : HikariPool-1 - Starting...
2025-04-03 08:34:58.110  INFO 404 --- [user-service] [pool-5-thread-5] com.zaxxer.hikari.HikariDataSource       : HikariPool-1 - Starting...
2025-04-03 08:34:59.126  INFO 404 --- [user-service] [pool-5-thread-7] com.zaxxer.hikari.HikariDataSource       : HikariPool-1 - Starting...
2025-04-03 08:35:00.128  INFO 404 --- [user-service] [pool-5-thread-9] com.zaxxer.hikari.HikariDataSource       : HikariPool-1 - Starting...
2025-04-03 08:35:01.138  INFO 404 --- [user-service] [pool-5-thread-10] com.zaxxer.hikari.HikariDataSource       : HikariPool-1 - Starting...
2025-04-03 08:35:02.150  INFO 404 --- [user-service] [pool-5-thread-4] com.zaxxer.hikari.HikariDataSource       : HikariPool-1 - Starting...
2025-04-03 08:35:03.166  INFO 404 --- [user-service] [pool-5-thread-8] com.zaxxer.hikari.HikariDataSource       : HikariPool-1 - Starting...
2025-04-03 08:35:04.168  INFO 404 --- [user-service] [pool-5-thread-1] com.zaxxer.hikari.HikariDataSource       : HikariPool-1 - Starting...
2025-04-03 08:35:05.174  INFO 404 --- [user-service] [pool-5-thread-8] com.zaxxer.hikari.HikariDataSource       : HikariPool-1 - Starting...
2025-04-03 08:35:06.187  INFO 404 --- [user-service] [pool-5-thread-4] com.zaxxer.hikari.HikariDataSource       : HikariPool-1 - Starting...
2025-04-03 08:35:07.192  INFO 404 --- [user-service] [pool-5-thread-10] com.zaxxer.hikari.HikariDataSource       : HikariPool-1 - Starting...
2025-04-03 08:35:08.204  INFO 404 --- [user-service] [pool-5-thread-9] com.zaxxer.hikari.HikariDataSource       : HikariPool-1 - Starting...
2025-04-03 08:35:09.211  INFO 404 --- [user-service] [pool-5-thread-7] com.zaxxer.hikari.HikariDataSource       : HikariPool-1 - Starting...
2025-04-03 08:35:10.217  INFO 404 --- [user-service] [pool-5-thread-5] com.zaxxer.hikari.HikariDataSource       : HikariPool-1 - Starting...
2025-04-03 08:35:11.230  INFO 404 --- [user-service] [pool-5-thread-6] com.zaxxer.hikari.HikariDataSource       : HikariPool-1 - Starting...
2025-04-03 08:35:12.233  INFO 404 --- [user-service] [pool-5-thread-3] com.zaxxer.hikari.HikariDataSource       : HikariPool-1 - Starting...
2025-04-03 08:35:13.242  INFO 404 --- [user-service] [pool-5-thread-2] com.zaxxer.hikari.HikariDataSource       : HikariPool-1 - Starting...
2025-04-03 08:35:14.256  INFO 404 --- [user-service] [pool-5-thread-3] com.zaxxer.hikari.HikariDataSource       : HikariPool-1 - Starting...
2025-04-03 08:35:15.266  INFO 404 --- [user-service] [pool-5-thread-6] com.zaxxer.hikari.HikariDataSource       : HikariPool-1 - Starting...
2025-04-03 08:35:16.269  INFO 404 --- [user-service] [pool-5-thread-5] com.zaxxer.hikari.HikariDataSource       : HikariPool-1 - Starting...
2025-04-03 08:35:17.282  INFO 404 --- [user-service] [pool-5-thread-7] com.zaxxer.hikari.HikariDataSource       : HikariPool-1 - Starting...
2025-04-03 08:35:18.294  INFO 404 --- [user-service] [pool-5-thread-9] com.zaxxer.hikari.HikariDataSource       : HikariPool-1 - Starting...
2025-04-03 08:35:19.299  INFO 404 --- [user-service] [pool-5-thread-10] com.zaxxer.hikari.HikariDataSource       : HikariPool-1 - Starting...
2025-04-03 08:35:20.306  INFO 404 --- [user-service] [pool-5-thread-4] com.zaxxer.hikari.HikariDataSource       : HikariPool-1 - Starting...
2025-04-03 08:35:21.318  INFO 404 --- [user-service] [pool-5-thread-8] com.zaxxer.hikari.HikariDataSource       : HikariPool-1 - Starting...
2025-04-03 08:35:22.323  INFO 404 --- [user-service] [pool-5-thread-1] com.zaxxer.hikari.HikariDataSource       : HikariPool-1 - Starting...
2025-04-03 08:35:23.327  INFO 404 --- [user-service] [pool-5-thread-8] com.zaxxer.hikari.HikariDataSource       : HikariPool-1 - Starting...
2025-04-03 08:35:24.340  INFO 404 --- [user-service] [pool-5-thread-4] com.zaxxer.hikari.HikariDataSource       : HikariPool-1 - Starting...
2025-04-03 08:35:25.351  INFO 404 --- [user-service] [pool-5-thread-10] com.zaxxer.hikari.HikariDataSource       : HikariPool-1 - Starting...
2025-04-03 08:35:26.355  INFO 404 --- [user-service] [pool-5-thread-9] com.zaxxer.hikari.HikariDataSource       : HikariPool-1 - Starting...
2025-04-03 08:35:27.358  INFO 404 --- [user-service] [pool-5-thread-7] com.zaxxer.hikari.HikariDataSource       : HikariPool-1 - Starting...
2025-04-03 08:35:28.371  INFO 404 --- [user-service] [pool-5-thread-5] com.zaxxer.hikari.HikariDataSource       : HikariPool-1 - Starting...
2025-04-03 08:35:29.382  INFO 404 --- [user-service] [pool-5-thread-6] com.zaxxer.hikari.HikariDataSource       : HikariPool-1 - Starting...
2025-04-03 08:35:30.386  INFO 404 --- [user-service] [pool-5-thread-3] com.zaxxer.hikari.HikariDataSource       : HikariPool-1 - Starting...
2025-04-03 08:35:31.388  INFO 404 --- [user-service] [pool-5-thread-2] com.zaxxer.hikari.HikariDataSource       : HikariPool-1 - Starting...
2025-04-03 08:35:32.404  INFO 404 --- [user-service] [pool-5-thread-3] com.zaxxer.hikari.HikariDataSource       : HikariPool-1 - Starting...
2025-04-03 08:35:33.413  INFO 404 --- [user-service] [pool-5-thread-6] com.zaxxer.hikari.HikariDataSource       : HikariPool-1 - Starting...
2025-04-03 08:35:34.426  INFO 404 --- [user-service] [pool-5-thread-5] com.zaxxer.hikari.HikariDataSource       : HikariPool-1 - Starting...
2025-04-03 08:35:35.437  INFO 404 --- [user-service] [pool-5-thread-7] com.zaxxer.hikari.HikariDataSource       : HikariPool-1 - Starting...
2025-04-03 08:35:36.443  INFO 404 --- [user-service] [pool-5-thread-9] com.zaxxer.hikari.HikariDataSource       : HikariPool-1 - Starting...
2025-04-03 08:35:37.454  INFO 404 --- [user-service] [pool-5-thread-10] com.zaxxer.hikari.HikariDataSource       : HikariPool-1 - Starting...
2025-04-03 08:35:38.457  INFO 404 --- [user-service] [pool-5-thread-4] com.zaxxer.hikari.HikariDataSource       : HikariPool-1 - Starting...
2025-04-03 08:35:39.464  INFO 404 --- [user-service] [pool-5-thread-8] com.zaxxer.hikari.HikariDataSource       : HikariPool-1 - Starting...
2025-04-03 08:35:40.466  INFO 404 --- [user-service] [pool-5-thread-1] com.zaxxer.hikari.HikariDataSource       : HikariPool-1 - Starting...
2025-04-03 08:35:41.469  INFO 404 --- [user-service] [pool-5-thread-8] com.zaxxer.hikari.HikariDataSource       : HikariPool-1 - Starting...
2025-04-03 08:35:42.475  INFO 404 --- [user-service] [pool-5-thread-4] com.zaxxer.hikari.HikariDataSource       : HikariPool-1 - Starting...
2025-04-03 08:35:43.488  INFO 404 --- [user-service] [pool-5-thread-10] com.zaxxer.hikari.HikariDataSource       : HikariPool-1 - Starting...
2025-04-03 08:35:44.503  INFO 404 --- [user-service] [pool-5-thread-9] com.zaxxer.hikari.HikariDataSource       : HikariPool-1 - Starting...
2025-04-03 08:35:45.521  INFO 404 --- [user-service] [pool-5-thread-7] com.zaxxer.hikari.HikariDataSource       : HikariPool-1 - Starting...
2025-04-03 08:35:46.527  INFO 404 --- [user-service] [pool-5-thread-5] com.zaxxer.hikari.HikariDataSource       : HikariPool-1 - Starting...
2025-04-03 08:35:47.531  INFO 404 --- [user-service] [pool-5-thread-6] com.zaxxer.hikari.HikariDataSource       : HikariPool-1 - Starting...
2025-04-03 08:35:48.539  INFO 404 --- [user-service] [pool-5-thread-3] com.zaxxer.hikari.HikariDataSource       : HikariPool-1 - Starting...
2025-04-03 08:35:49.541  INFO 404 --- [user-service] [pool-5-thread-2] com.zaxxer.hikari.HikariDataSource       : HikariPool-1 - Starting...
2025-04-03 08:35:50.544  INFO 404 --- [user-service] [pool-5-thread-3] com.zaxxer.hikari.HikariDataSource       : HikariPool-1 - Starting...
2025-04-03 08:35:51.560  INFO 404 --- [user-service] [pool-5-thread-6] com.zaxxer.hikari.HikariDataSource       : HikariPool-1 - Starting...
2025-04-03 08:35:52.565  INFO 404 --- [user-service] [pool-5-thread-5] com.zaxxer.hikari.HikariDataSource       : HikariPool-1 - Starting...
2025-04-03 08:35:53.577  INFO 404 --- [user-service] [pool-5-thread-7] com.zaxxer.hikari.HikariDataSource       : HikariPool-1 - Starting...
2025-04-03 08:35:54.589  INFO 404 --- [user-service] [pool-5-thread-9] com.zaxxer.hikari.HikariDataSource       : HikariPool-1 - Starting...
2025-04-03 08:35:55.600  INFO 404 --- [user-service] [pool-5-thread-9] com.zaxxer.hikari.HikariDataSource       : HikariPool-1 - Starting...
2025-04-03 08:35:56.604  INFO 404 --- [user-service] [pool-5-thread-10] com.zaxxer.hikari.HikariDataSource       : HikariPool-1 - Starting...
2025-04-03 08:35:57.608  INFO 404 --- [user-service] [pool-5-thread-4] com.zaxxer.hikari.HikariDataSource       : HikariPool-1 - Starting...
2025-04-03 08:35:58.614  INFO 404 --- [user-service] [pool-5-thread-8] com.zaxxer.hikari.HikariDataSource       : HikariPool-1 - Starting...
2025-04-03 08:35:59.618  INFO 404 --- [user-service] [pool-5-thread-1] com.zaxxer.hikari.HikariDataSource       : HikariPool-1 - Starting...
2025-04-03 08:36:00.634  INFO 404 --- [user-service] [pool-5-thread-8] com.zaxxer.hikari.HikariDataSource       : HikariPool-1 - Starting...
2025-04-03 08:36:01.649  INFO 404 --- [user-service] [pool-5-thread-4] com.zaxxer.hikari.HikariDataSource       : HikariPool-1 - Starting...
2025-04-03 08:36:02.652  INFO 404 --- [user-service] [pool-5-thread-10] com.zaxxer.hikari.HikariDataSource       : HikariPool-1 - Starting...
2025-04-03 08:36:03.662  INFO 404 --- [user-service] [pool-5-thread-9] com.zaxxer.hikari.HikariDataSource       : HikariPool-1 - Starting...
2025-04-03 08:36:04.664  INFO 404 --- [user-service] [pool-5-thread-7] com.zaxxer.hikari.HikariDataSource       : HikariPool-1 - Starting...
2025-04-03 08:36:05.673  INFO 404 --- [user-service] [pool-5-thread-5] com.zaxxer.hikari.HikariDataSource       : HikariPool-1 - Starting...
2025-04-03 08:36:06.676  INFO 404 --- [user-service] [pool-5-thread-6] com.zaxxer.hikari.HikariDataSource       : HikariPool-1 - Starting...
2025-04-03 08:36:07.685  INFO 404 --- [user-service] [pool-5-thread-3] com.zaxxer.hikari.HikariDataSource       : HikariPool-1 - Starting...
2025-04-03 08:36:08.699  INFO 404 --- [user-service] [pool-5-thread-2] com.zaxxer.hikari.HikariDataSource       : HikariPool-1 - Starting...
2025-04-03 08:36:09.722  INFO 404 --- [user-service] [pool-5-thread-3] com.zaxxer.hikari.HikariDataSource       : HikariPool-1 - Starting...
2025-04-03 08:36:10.733  INFO 404 --- [user-service] [pool-5-thread-6] com.zaxxer.hikari.HikariDataSource       : HikariPool-1 - Starting...
2025-04-03 08:36:11.748  INFO 404 --- [user-service] [pool-5-thread-5] com.zaxxer.hikari.HikariDataSource       : HikariPool-1 - Starting...
2025-04-03 08:36:12.759  INFO 404 --- [user-service] [pool-5-thread-7] com.zaxxer.hikari.HikariDataSource       : HikariPool-1 - Starting...
2025-04-03 08:36:13.766  INFO 404 --- [user-service] [pool-5-thread-9] com.zaxxer.hikari.HikariDataSource       : HikariPool-1 - Starting...
2025-04-03 08:36:14.773  INFO 404 --- [user-service] [pool-5-thread-10] com.zaxxer.hikari.HikariDataSource       : HikariPool-1 - Starting...
2025-04-03 08:36:15.779  INFO 404 --- [user-service] [pool-5-thread-4] com.zaxxer.hikari.HikariDataSource       : HikariPool-1 - Starting...
2025-04-03 08:36:16.789  INFO 404 --- [user-service] [pool-5-thread-8] com.zaxxer.hikari.HikariDataSource       : HikariPool-1 - Starting...
2025-04-03 08:36:17.802  INFO 404 --- [user-service] [pool-5-thread-1] com.zaxxer.hikari.HikariDataSource       : HikariPool-1 - Starting...
2025-04-03 08:36:18.805  INFO 404 --- [user-service] [pool-5-thread-8] com.zaxxer.hikari.HikariDataSource       : HikariPool-1 - Starting...
2025-04-03 08:36:19.810  INFO 404 --- [user-service] [pool-5-thread-4] com.zaxxer.hikari.HikariDataSource       : HikariPool-1 - Starting...
2025-04-03 08:36:20.816  INFO 404 --- [user-service] [pool-5-thread-10] com.zaxxer.hikari.HikariDataSource       : HikariPool-1 - Starting...
2025-04-03 08:36:21.829  INFO 404 --- [user-service] [pool-5-thread-9] com.zaxxer.hikari.HikariDataSource       : HikariPool-1 - Starting...
2025-04-03 08:36:22.837  INFO 404 --- [user-service] [pool-5-thread-7] com.zaxxer.hikari.HikariDataSource       : HikariPool-1 - Starting...
2025-04-03 08:36:23.844  INFO 404 --- [user-service] [pool-5-thread-5] com.zaxxer.hikari.HikariDataSource       : HikariPool-1 - Starting...
2025-04-03 08:36:24.849  INFO 404 --- [user-service] [pool-5-thread-6] com.zaxxer.hikari.HikariDataSource       : HikariPool-1 - Starting...
2025-04-03 08:36:25.863  INFO 404 --- [user-service] [pool-5-thread-3] com.zaxxer.hikari.HikariDataSource       : HikariPool-1 - Starting...
2025-04-03 08:36:26.866  INFO 404 --- [user-service] [pool-5-thread-2] com.zaxxer.hikari.HikariDataSource       : HikariPool-1 - Starting...
2025-04-03 08:36:27.872  INFO 404 --- [user-service] [pool-5-thread-3] com.zaxxer.hikari.HikariDataSource       : HikariPool-1 - Starting...
2025-04-03 08:36:28.877  INFO 404 --- [user-service] [pool-5-thread-6] com.zaxxer.hikari.HikariDataSource       : HikariPool-1 - Starting...
2025-04-03 08:36:29.881  INFO 404 --- [user-service] [pool-5-thread-5] com.zaxxer.hikari.HikariDataSource       : HikariPool-1 - Starting...
2025-04-03 08:36:30.899  INFO 404 --- [user-service] [pool-5-thread-7] com.zaxxer.hikari.HikariDataSource       : HikariPool-1 - Starting...
2025-04-03 08:36:31.903  INFO 404 --- [user-service] [pool-5-thread-9] com.zaxxer.hikari.HikariDataSource       : HikariPool-1 - Starting...
2025-04-03 08:36:32.916  INFO 404 --- [user-service] [pool-5-thread-10] com.zaxxer.hikari.HikariDataSource       : HikariPool-1 - Starting...
2025-04-03 08:36:33.922  INFO 404 --- [user-service] [pool-5-thread-4] com.zaxxer.hikari.HikariDataSource       : HikariPool-1 - Starting...
2025-04-03 08:36:34.937  INFO 404 --- [user-service] [pool-5-thread-8] com.zaxxer.hikari.HikariDataSource       : HikariPool-1 - Starting...
2025-04-03 08:36:35.940  INFO 404 --- [user-service] [pool-5-thread-1] com.zaxxer.hikari.HikariDataSource       : HikariPool-1 - Starting...
2025-04-03 08:36:36.944  INFO 404 --- [user-service] [pool-5-thread-8] com.zaxxer.hikari.HikariDataSource       : HikariPool-1 - Starting...
2025-04-03 08:36:37.960  INFO 404 --- [user-service] [pool-5-thread-4] com.zaxxer.hikari.HikariDataSource       : HikariPool-1 - Starting...
2025-04-03 08:36:38.966  INFO 404 --- [user-service] [pool-5-thread-10] com.zaxxer.hikari.HikariDataSource       : HikariPool-1 - Starting...
2025-04-03 08:36:39.972  INFO 404 --- [user-service] [pool-5-thread-9] com.zaxxer.hikari.HikariDataSource       : HikariPool-1 - Starting...
2025-04-03 08:36:40.985  INFO 404 --- [user-service] [pool-5-thread-7] com.zaxxer.hikari.HikariDataSource       : HikariPool-1 - Starting...
2025-04-03 08:36:41.988  INFO 404 --- [user-service] [pool-5-thread-5] com.zaxxer.hikari.HikariDataSource       : HikariPool-1 - Starting...
2025-04-03 08:36:42.991  INFO 404 --- [user-service] [pool-5-thread-6] com.zaxxer.hikari.HikariDataSource       : HikariPool-1 - Starting...
2025-04-03 08:36:44.005  INFO 404 --- [user-service] [pool-5-thread-3] com.zaxxer.hikari.HikariDataSource       : HikariPool-1 - Starting...
2025-04-03 08:36:45.012  INFO 404 --- [user-service] [pool-5-thread-2] com.zaxxer.hikari.HikariDataSource       : HikariPool-1 - Starting...
2025-04-03 08:36:46.018  INFO 404 --- [user-service] [pool-5-thread-3] com.zaxxer.hikari.HikariDataSource       : HikariPool-1 - Starting...
2025-04-03 08:36:47.021  INFO 404 --- [user-service] [pool-5-thread-6] com.zaxxer.hikari.HikariDataSource       : HikariPool-1 - Starting...
2025-04-03 08:36:48.024  INFO 404 --- [user-service] [pool-5-thread-5] com.zaxxer.hikari.HikariDataSource       : HikariPool-1 - Starting...
2025-04-03 08:36:49.031  INFO 404 --- [user-service] [pool-5-thread-7] com.zaxxer.hikari.HikariDataSource       : HikariPool-1 - Starting...
2025-04-03 08:36:50.036  INFO 404 --- [user-service] [pool-5-thread-9] com.zaxxer.hikari.HikariDataSource       : HikariPool-1 - Starting...
2025-04-03 08:36:51.040  INFO 404 --- [user-service] [pool-5-thread-10] com.zaxxer.hikari.HikariDataSource       : HikariPool-1 - Starting...
2025-04-03 08:36:52.042  INFO 404 --- [user-service] [pool-5-thread-4] com.zaxxer.hikari.HikariDataSource       : HikariPool-1 - Starting...
2025-04-03 08:36:53.053  INFO 404 --- [user-service] [pool-5-thread-8] com.zaxxer.hikari.HikariDataSource       : HikariPool-1 - Starting...
2025-04-03 08:36:54.066  INFO 404 --- [user-service] [pool-5-thread-1] com.zaxxer.hikari.HikariDataSource       : HikariPool-1 - Starting...
2025-04-03 08:36:55.072  INFO 404 --- [user-service] [pool-5-thread-8] com.zaxxer.hikari.HikariDataSource       : HikariPool-1 - Starting...
2025-04-03 08:36:56.074  INFO 404 --- [user-service] [pool-5-thread-4] com.zaxxer.hikari.HikariDataSource       : HikariPool-1 - Starting...
2025-04-03 08:36:57.077  INFO 404 --- [user-service] [pool-5-thread-10] com.zaxxer.hikari.HikariDataSource       : HikariPool-1 - Starting...
2025-04-03 08:36:58.082  INFO 404 --- [user-service] [pool-5-thread-9] com.zaxxer.hikari.HikariDataSource       : HikariPool-1 - Starting...
2025-04-03 08:36:59.085  INFO 404 --- [user-service] [pool-5-thread-7] com.zaxxer.hikari.HikariDataSource       : HikariPool-1 - Starting...
2025-04-03 08:37:00.090  INFO 404 --- [user-service] [pool-5-thread-5] com.zaxxer.hikari.HikariDataSource       : HikariPool-1 - Starting...
2025-04-03 08:37:01.103  INFO 404 --- [user-service] [pool-5-thread-6] com.zaxxer.hikari.HikariDataSource       : HikariPool-1 - Starting...
2025-04-03 08:37:02.109  INFO 404 --- [user-service] [pool-5-thread-3] com.zaxxer.hikari.HikariDataSource       : HikariPool-1 - Starting...
2025-04-03 08:37:03.122  INFO 404 --- [user-service] [pool-5-thread-2] com.zaxxer.hikari.HikariDataSource       : HikariPool-1 - Starting...
2025-04-03 08:37:04.124  INFO 404 --- [user-service] [pool-5-thread-3] com.zaxxer.hikari.HikariDataSource       : HikariPool-1 - Starting...
2025-04-03 08:37:05.129  INFO 404 --- [user-service] [pool-5-thread-6] com.zaxxer.hikari.HikariDataSource       : HikariPool-1 - Starting...
2025-04-03 08:37:06.131  INFO 404 --- [user-service] [pool-5-thread-5] com.zaxxer.hikari.HikariDataSource       : HikariPool-1 - Starting...
2025-04-03 08:37:07.134  INFO 404 --- [user-service] [pool-5-thread-7] com.zaxxer.hikari.HikariDataSource       : HikariPool-1 - Starting...
2025-04-03 08:37:08.140  INFO 404 --- [user-service] [pool-5-thread-9] com.zaxxer.hikari.HikariDataSource       : HikariPool-1 - Starting...
2025-04-03 08:37:09.154  INFO 404 --- [user-service] [pool-5-thread-10] com.zaxxer.hikari.HikariDataSource       : HikariPool-1 - Starting...
2025-04-03 08:37:10.159  INFO 404 --- [user-service] [pool-5-thread-4] com.zaxxer.hikari.HikariDataSource       : HikariPool-1 - Starting...
2025-04-03 08:37:11.165  INFO 404 --- [user-service] [pool-5-thread-8] com.zaxxer.hikari.HikariDataSource       : HikariPool-1 - Starting...
2025-04-03 08:37:12.166  INFO 404 --- [user-service] [pool-5-thread-1] com.zaxxer.hikari.HikariDataSource       : HikariPool-1 - Starting...
2025-04-03 08:37:13.171  INFO 404 --- [user-service] [pool-5-thread-8] com.zaxxer.hikari.HikariDataSource       : HikariPool-1 - Starting...
2025-04-03 08:37:14.173  INFO 404 --- [user-service] [pool-5-thread-4] com.zaxxer.hikari.HikariDataSource       : HikariPool-1 - Starting...
2025-04-03 08:37:15.175  INFO 404 --- [user-service] [pool-5-thread-10] com.zaxxer.hikari.HikariDataSource       : HikariPool-1 - Starting...
2025-04-03 08:37:16.177  INFO 404 --- [user-service] [pool-5-thread-9] com.zaxxer.hikari.HikariDataSource       : HikariPool-1 - Starting...
2025-04-03 08:37:17.183  INFO 404 --- [user-service] [pool-5-thread-7] com.zaxxer.hikari.HikariDataSource       : HikariPool-1 - Starting...
2025-04-03 08:37:18.189  INFO 404 --- [user-service] [pool-5-thread-5] com.zaxxer.hikari.HikariDataSource       : HikariPool-1 - Starting...
2025-04-03 08:37:19.195  INFO 404 --- [user-service] [pool-5-thread-6] com.zaxxer.hikari.HikariDataSource       : HikariPool-1 - Starting...
2025-04-03 08:37:20.209  INFO 404 --- [user-service] [pool-5-thread-3] com.zaxxer.hikari.HikariDataSource       : HikariPool-1 - Starting...
2025-04-03 08:37:21.212  INFO 404 --- [user-service] [pool-5-thread-2] com.zaxxer.hikari.HikariDataSource       : HikariPool-1 - Starting...
2025-04-03 08:37:22.215  INFO 404 --- [user-service] [pool-5-thread-3] com.zaxxer.hikari.HikariDataSource       : HikariPool-1 - Starting...
2025-04-03 08:37:23.227  INFO 404 --- [user-service] [pool-5-thread-6] com.zaxxer.hikari.HikariDataSource       : HikariPool-1 - Starting...
2025-04-03 08:37:24.243  INFO 404 --- [user-service] [pool-5-thread-5] com.zaxxer.hikari.HikariDataSource       : HikariPool-1 - Starting...
2025-04-03 08:37:25.244  INFO 404 --- [user-service] [pool-5-thread-7] com.zaxxer.hikari.HikariDataSource       : HikariPool-1 - Starting...
2025-04-03 08:37:26.247  INFO 404 --- [user-service] [pool-5-thread-9] com.zaxxer.hikari.HikariDataSource       : HikariPool-1 - Starting...
2025-04-03 08:37:27.261  INFO 404 --- [user-service] [pool-5-thread-10] com.zaxxer.hikari.HikariDataSource       : HikariPool-1 - Starting...
2025-04-03 08:37:28.264  INFO 404 --- [user-service] [pool-5-thread-4] com.zaxxer.hikari.HikariDataSource       : HikariPool-1 - Starting...
2025-04-03 08:37:29.269  INFO 404 --- [user-service] [pool-5-thread-8] com.zaxxer.hikari.HikariDataSource       : HikariPool-1 - Starting...
2025-04-03 08:37:30.273  INFO 404 --- [user-service] [pool-5-thread-1] com.zaxxer.hikari.HikariDataSource       : HikariPool-1 - Starting...
2025-04-03 08:37:31.275  INFO 404 --- [user-service] [pool-5-thread-8] com.zaxxer.hikari.HikariDataSource       : HikariPool-1 - Starting...
2025-04-03 08:37:32.284  INFO 404 --- [user-service] [pool-5-thread-4] com.zaxxer.hikari.HikariDataSource       : HikariPool-1 - Starting...
2025-04-03 08:37:33.287  INFO 404 --- [user-service] [pool-5-thread-10] com.zaxxer.hikari.HikariDataSource       : HikariPool-1 - Starting...
2025-04-03 08:37:34.303  INFO 404 --- [user-service] [pool-5-thread-9] com.zaxxer.hikari.HikariDataSource       : HikariPool-1 - Starting...
2025-04-03 08:37:35.307  INFO 404 --- [user-service] [pool-5-thread-7] com.zaxxer.hikari.HikariDataSource       : HikariPool-1 - Starting...
2025-04-03 08:37:36.310  INFO 404 --- [user-service] [pool-5-thread-5] com.zaxxer.hikari.HikariDataSource       : HikariPool-1 - Starting...
2025-04-03 08:37:37.313  INFO 404 --- [user-service] [pool-5-thread-6] com.zaxxer.hikari.HikariDataSource       : HikariPool-1 - Starting...
2025-04-03 08:37:38.322  INFO 404 --- [user-service] [pool-5-thread-3] com.zaxxer.hikari.HikariDataSource       : HikariPool-1 - Starting...
2025-04-03 08:37:39.327  INFO 404 --- [user-service] [pool-5-thread-2] com.zaxxer.hikari.HikariDataSource       : HikariPool-1 - Starting...
2025-04-03 08:37:40.334  INFO 404 --- [user-service] [pool-5-thread-3] com.zaxxer.hikari.HikariDataSource       : HikariPool-1 - Starting...
2025-04-03 08:37:41.346  INFO 404 --- [user-service] [pool-5-thread-6] com.zaxxer.hikari.HikariDataSource       : HikariPool-1 - Starting...
2025-04-03 08:37:42.357  INFO 404 --- [user-service] [pool-5-thread-5] com.zaxxer.hikari.HikariDataSource       : HikariPool-1 - Starting...
2025-04-03 08:37:43.367  INFO 404 --- [user-service] [pool-5-thread-7] com.zaxxer.hikari.HikariDataSource       : HikariPool-1 - Starting...
2025-04-03 08:37:44.377  INFO 404 --- [user-service] [pool-5-thread-9] com.zaxxer.hikari.HikariDataSource       : HikariPool-1 - Starting...
2025-04-03 08:37:45.394  INFO 404 --- [user-service] [pool-5-thread-10] com.zaxxer.hikari.HikariDataSource       : HikariPool-1 - Starting...
2025-04-03 08:37:46.398  INFO 404 --- [user-service] [pool-5-thread-4] com.zaxxer.hikari.HikariDataSource       : HikariPool-1 - Starting...
2025-04-03 08:37:47.406  INFO 404 --- [user-service] [pool-5-thread-8] com.zaxxer.hikari.HikariDataSource       : HikariPool-1 - Starting...
2025-04-03 08:37:48.415  INFO 404 --- [user-service] [pool-5-thread-1] com.zaxxer.hikari.HikariDataSource       : HikariPool-1 - Starting...
2025-04-03 08:37:49.428  INFO 404 --- [user-service] [pool-5-thread-8] com.zaxxer.hikari.HikariDataSource       : HikariPool-1 - Starting...
2025-04-03 08:37:50.439  INFO 404 --- [user-service] [pool-5-thread-4] com.zaxxer.hikari.HikariDataSource       : HikariPool-1 - Starting...
2025-04-03 08:37:51.453  INFO 404 --- [user-service] [pool-5-thread-10] com.zaxxer.hikari.HikariDataSource       : HikariPool-1 - Starting...
2025-04-03 08:37:52.465  INFO 404 --- [user-service] [pool-5-thread-9] com.zaxxer.hikari.HikariDataSource       : HikariPool-1 - Starting...
2025-04-03 08:37:53.471  INFO 404 --- [user-service] [pool-5-thread-7] com.zaxxer.hikari.HikariDataSource       : HikariPool-1 - Starting...
2025-04-03 08:37:54.478  INFO 404 --- [user-service] [pool-5-thread-5] com.zaxxer.hikari.HikariDataSource       : HikariPool-1 - Starting...
2025-04-03 08:37:55.489  INFO 404 --- [user-service] [pool-5-thread-6] com.zaxxer.hikari.HikariDataSource       : HikariPool-1 - Starting...
2025-04-03 08:37:56.505  INFO 404 --- [user-service] [pool-5-thread-3] com.zaxxer.hikari.HikariDataSource       : HikariPool-1 - Starting...
2025-04-03 08:37:57.507  INFO 404 --- [user-service] [pool-5-thread-2] com.zaxxer.hikari.HikariDataSource       : HikariPool-1 - Starting...
2025-04-03 08:37:58.536  INFO 404 --- [user-service] [pool-5-thread-3] com.zaxxer.hikari.HikariDataSource       : HikariPool-1 - Starting...
2025-04-03 08:37:59.544  INFO 404 --- [user-service] [pool-5-thread-6] com.zaxxer.hikari.HikariDataSource       : HikariPool-1 - Starting...
2025-04-03 08:38:00.560  INFO 404 --- [user-service] [pool-5-thread-5] com.zaxxer.hikari.HikariDataSource       : HikariPool-1 - Starting...
2025-04-03 08:38:01.574  INFO 404 --- [user-service] [pool-5-thread-7] com.zaxxer.hikari.HikariDataSource       : HikariPool-1 - Starting...
2025-04-03 08:38:02.581  INFO 404 --- [user-service] [pool-5-thread-9] com.zaxxer.hikari.HikariDataSource       : HikariPool-1 - Starting...
2025-04-03 08:38:03.592  INFO 404 --- [user-service] [pool-5-thread-10] com.zaxxer.hikari.HikariDataSource       : HikariPool-1 - Starting...
2025-04-03 08:38:04.594  INFO 404 --- [user-service] [pool-5-thread-4] com.zaxxer.hikari.HikariDataSource       : HikariPool-1 - Starting...
2025-04-03 08:38:05.605  INFO 404 --- [user-service] [pool-5-thread-8] com.zaxxer.hikari.HikariDataSource       : HikariPool-1 - Starting...
2025-04-03 08:38:06.606  INFO 404 --- [user-service] [pool-5-thread-1] com.zaxxer.hikari.HikariDataSource       : HikariPool-1 - Starting...
2025-04-03 08:38:07.615  INFO 404 --- [user-service] [pool-5-thread-8] com.zaxxer.hikari.HikariDataSource       : HikariPool-1 - Starting...
2025-04-03 08:38:08.617  INFO 404 --- [user-service] [pool-5-thread-4] com.zaxxer.hikari.HikariDataSource       : HikariPool-1 - Starting...
2025-04-03 08:38:09.632  INFO 404 --- [user-service] [pool-5-thread-10] com.zaxxer.hikari.HikariDataSource       : HikariPool-1 - Starting...
2025-04-03 08:38:10.646  INFO 404 --- [user-service] [pool-5-thread-9] com.zaxxer.hikari.HikariDataSource       : HikariPool-1 - Starting...
2025-04-03 08:38:11.653  INFO 404 --- [user-service] [pool-5-thread-7] com.zaxxer.hikari.HikariDataSource       : HikariPool-1 - Starting...
2025-04-03 08:38:12.660  INFO 404 --- [user-service] [pool-5-thread-5] com.zaxxer.hikari.HikariDataSource       : HikariPool-1 - Starting...
2025-04-03 08:38:13.670  INFO 404 --- [user-service] [pool-5-thread-6] com.zaxxer.hikari.HikariDataSource       : HikariPool-1 - Starting...
2025-04-03 08:38:14.672  INFO 404 --- [user-service] [pool-5-thread-3] com.zaxxer.hikari.HikariDataSource       : HikariPool-1 - Starting...
2025-04-03 08:38:15.684  INFO 404 --- [user-service] [pool-5-thread-2] com.zaxxer.hikari.HikariDataSource       : HikariPool-1 - Starting...
2025-04-03 08:38:16.690  INFO 404 --- [user-service] [pool-5-thread-3] com.zaxxer.hikari.HikariDataSource       : HikariPool-1 - Starting...
2025-04-03 08:38:17.705  INFO 404 --- [user-service] [pool-5-thread-6] com.zaxxer.hikari.HikariDataSource       : HikariPool-1 - Starting...
2025-04-03 08:38:18.713  INFO 404 --- [user-service] [pool-5-thread-5] com.zaxxer.hikari.HikariDataSource       : HikariPool-1 - Starting...
2025-04-03 08:38:19.718  INFO 404 --- [user-service] [pool-5-thread-7] com.zaxxer.hikari.HikariDataSource       : HikariPool-1 - Starting...
2025-04-03 08:38:20.721  INFO 404 --- [user-service] [pool-5-thread-9] com.zaxxer.hikari.HikariDataSource       : HikariPool-1 - Starting...
2025-04-03 08:38:21.733  INFO 404 --- [user-service] [pool-5-thread-10] com.zaxxer.hikari.HikariDataSource       : HikariPool-1 - Starting...
2025-04-03 08:38:22.749  INFO 404 --- [user-service] [pool-5-thread-4] com.zaxxer.hikari.HikariDataSource       : HikariPool-1 - Starting...
2025-04-03 08:38:23.758  INFO 404 --- [user-service] [pool-5-thread-8] com.zaxxer.hikari.HikariDataSource       : HikariPool-1 - Starting...
2025-04-03 08:38:24.760  INFO 404 --- [user-service] [pool-5-thread-1] com.zaxxer.hikari.HikariDataSource       : HikariPool-1 - Starting...
2025-04-03 08:38:25.764  INFO 404 --- [user-service] [pool-5-thread-8] com.zaxxer.hikari.HikariDataSource       : HikariPool-1 - Starting...
2025-04-03 08:38:26.767  INFO 404 --- [user-service] [pool-5-thread-4] com.zaxxer.hikari.HikariDataSource       : HikariPool-1 - Starting...
2025-04-03 08:38:27.780  INFO 404 --- [user-service] [pool-5-thread-10] com.zaxxer.hikari.HikariDataSource       : HikariPool-1 - Starting...
2025-04-03 08:38:28.789  INFO 404 --- [user-service] [pool-5-thread-9] com.zaxxer.hikari.HikariDataSource       : HikariPool-1 - Starting...
2025-04-03 08:38:29.794  INFO 404 --- [user-service] [pool-5-thread-7] com.zaxxer.hikari.HikariDataSource       : HikariPool-1 - Starting...
2025-04-03 08:38:30.810  INFO 404 --- [user-service] [pool-5-thread-5] com.zaxxer.hikari.HikariDataSource       : HikariPool-1 - Starting...
2025-04-03 08:38:31.825  INFO 404 --- [user-service] [pool-5-thread-6] com.zaxxer.hikari.HikariDataSource       : HikariPool-1 - Starting...
2025-04-03 08:38:32.831  INFO 404 --- [user-service] [pool-5-thread-3] com.zaxxer.hikari.HikariDataSource       : HikariPool-1 - Starting...
2025-04-03 08:38:33.833  INFO 404 --- [user-service] [pool-5-thread-2] com.zaxxer.hikari.HikariDataSource       : HikariPool-1 - Starting...
2025-04-03 08:38:34.846  INFO 404 --- [user-service] [pool-5-thread-3] com.zaxxer.hikari.HikariDataSource       : HikariPool-1 - Starting...
2025-04-03 08:38:35.857  INFO 404 --- [user-service] [pool-5-thread-6] com.zaxxer.hikari.HikariDataSource       : HikariPool-1 - Starting...
2025-04-03 08:38:36.871  INFO 404 --- [user-service] [pool-5-thread-5] com.zaxxer.hikari.HikariDataSource       : HikariPool-1 - Starting...
2025-04-03 08:38:37.874  INFO 404 --- [user-service] [pool-5-thread-7] com.zaxxer.hikari.HikariDataSource       : HikariPool-1 - Starting...
2025-04-03 08:38:38.889  INFO 404 --- [user-service] [pool-5-thread-9] com.zaxxer.hikari.HikariDataSource       : HikariPool-1 - Starting...
2025-04-03 08:38:39.892  INFO 404 --- [user-service] [pool-5-thread-10] com.zaxxer.hikari.HikariDataSource       : HikariPool-1 - Starting...
2025-04-03 08:38:40.902  INFO 404 --- [user-service] [pool-5-thread-4] com.zaxxer.hikari.HikariDataSource       : HikariPool-1 - Starting...
2025-04-03 08:38:41.904  INFO 404 --- [user-service] [pool-5-thread-8] com.zaxxer.hikari.HikariDataSource       : HikariPool-1 - Starting...
2025-04-03 08:38:42.920  INFO 404 --- [user-service] [pool-5-thread-1] com.zaxxer.hikari.HikariDataSource       : HikariPool-1 - Starting...
2025-04-03 08:38:43.923  INFO 404 --- [user-service] [pool-5-thread-8] com.zaxxer.hikari.HikariDataSource       : HikariPool-1 - Starting...
2025-04-03 08:38:44.934  INFO 404 --- [user-service] [pool-5-thread-4] com.zaxxer.hikari.HikariDataSource       : HikariPool-1 - Starting...
2025-04-03 08:38:45.937  INFO 404 --- [user-service] [pool-5-thread-10] com.zaxxer.hikari.HikariDataSource       : HikariPool-1 - Starting...
2025-04-03 08:38:46.944  INFO 404 --- [user-service] [pool-5-thread-9] com.zaxxer.hikari.HikariDataSource       : HikariPool-1 - Starting...
2025-04-03 08:38:47.947  INFO 404 --- [user-service] [pool-5-thread-7] com.zaxxer.hikari.HikariDataSource       : HikariPool-1 - Starting...
2025-04-03 08:38:48.955  INFO 404 --- [user-service] [pool-5-thread-5] com.zaxxer.hikari.HikariDataSource       : HikariPool-1 - Starting...
2025-04-03 08:38:49.976  INFO 404 --- [user-service] [pool-5-thread-6] com.zaxxer.hikari.HikariDataSource       : HikariPool-1 - Starting...
2025-04-03 08:38:50.992  INFO 404 --- [user-service] [pool-5-thread-3] com.zaxxer.hikari.HikariDataSource       : HikariPool-1 - Starting...
2025-04-03 08:38:51.996  INFO 404 --- [user-service] [pool-5-thread-2] com.zaxxer.hikari.HikariDataSource       : HikariPool-1 - Starting...
2025-04-03 08:38:53.002  INFO 404 --- [user-service] [pool-5-thread-3] com.zaxxer.hikari.HikariDataSource       : HikariPool-1 - Starting...
2025-04-03 08:38:54.008  INFO 404 --- [user-service] [pool-5-thread-6] com.zaxxer.hikari.HikariDataSource       : HikariPool-1 - Starting...
2025-04-03 08:38:55.013  INFO 404 --- [user-service] [pool-5-thread-5] com.zaxxer.hikari.HikariDataSource       : HikariPool-1 - Starting...
2025-04-03 08:38:56.022  INFO 404 --- [user-service] [pool-5-thread-7] com.zaxxer.hikari.HikariDataSource       : HikariPool-1 - Starting...
2025-04-03 08:38:57.025  INFO 404 --- [user-service] [pool-5-thread-9] com.zaxxer.hikari.HikariDataSource       : HikariPool-1 - Starting...
2025-04-03 08:38:58.033  INFO 404 --- [user-service] [pool-5-thread-10] com.zaxxer.hikari.HikariDataSource       : HikariPool-1 - Starting...
2025-04-03 08:38:59.048  INFO 404 --- [user-service] [pool-5-thread-4] com.zaxxer.hikari.HikariDataSource       : HikariPool-1 - Starting...
2025-04-03 08:39:00.061  INFO 404 --- [user-service] [pool-5-thread-8] com.zaxxer.hikari.HikariDataSource       : HikariPool-1 - Starting...
2025-04-03 08:39:01.069  INFO 404 --- [user-service] [pool-5-thread-1] com.zaxxer.hikari.HikariDataSource       : HikariPool-1 - Starting...
2025-04-03 08:39:02.074  INFO 404 --- [user-service] [pool-5-thread-8] com.zaxxer.hikari.HikariDataSource       : HikariPool-1 - Starting...
2025-04-03 08:39:03.081  INFO 404 --- [user-service] [pool-5-thread-4] com.zaxxer.hikari.HikariDataSource       : HikariPool-1 - Starting...
2025-04-03 08:39:04.098  INFO 404 --- [user-service] [pool-5-thread-10] com.zaxxer.hikari.HikariDataSource       : HikariPool-1 - Starting...
2025-04-03 08:39:05.102  INFO 404 --- [user-service] [pool-5-thread-9] com.zaxxer.hikari.HikariDataSource       : HikariPool-1 - Starting...
2025-04-03 08:39:06.105  INFO 404 --- [user-service] [pool-5-thread-7] com.zaxxer.hikari.HikariDataSource       : HikariPool-1 - Starting...
2025-04-03 08:39:07.117  INFO 404 --- [user-service] [pool-5-thread-5] com.zaxxer.hikari.HikariDataSource       : HikariPool-1 - Starting...
2025-04-03 08:39:08.124  INFO 404 --- [user-service] [pool-5-thread-6] com.zaxxer.hikari.HikariDataSource       : HikariPool-1 - Starting...
2025-04-03 08:39:09.126  INFO 404 --- [user-service] [pool-5-thread-3] com.zaxxer.hikari.HikariDataSource       : HikariPool-1 - Starting...
2025-04-03 08:39:10.133  INFO 404 --- [user-service] [pool-5-thread-2] com.zaxxer.hikari.HikariDataSource       : HikariPool-1 - Starting...
2025-04-03 08:39:11.137  INFO 404 --- [user-service] [pool-5-thread-3] com.zaxxer.hikari.HikariDataSource       : HikariPool-1 - Starting...
2025-04-03 08:39:12.141  INFO 404 --- [user-service] [pool-5-thread-6] com.zaxxer.hikari.HikariDataSource       : HikariPool-1 - Starting...
2025-04-03 08:39:13.144  INFO 404 --- [user-service] [pool-5-thread-5] com.zaxxer.hikari.HikariDataSource       : HikariPool-1 - Starting...
2025-04-03 08:39:14.149  INFO 404 --- [user-service] [pool-5-thread-7] com.zaxxer.hikari.HikariDataSource       : HikariPool-1 - Starting...
2025-04-03 08:39:15.156  INFO 404 --- [user-service] [pool-5-thread-9] com.zaxxer.hikari.HikariDataSource       : HikariPool-1 - Starting...
2025-04-03 08:39:16.161  INFO 404 --- [user-service] [pool-5-thread-10] com.zaxxer.hikari.HikariDataSource       : HikariPool-1 - Starting...
2025-04-03 08:39:17.163  INFO 404 --- [user-service] [pool-5-thread-4] com.zaxxer.hikari.HikariDataSource       : HikariPool-1 - Starting...
2025-04-03 08:39:18.180  INFO 404 --- [user-service] [pool-5-thread-8] com.zaxxer.hikari.HikariDataSource       : HikariPool-1 - Starting...
2025-04-03 08:39:19.183  INFO 404 --- [user-service] [pool-5-thread-1] com.zaxxer.hikari.HikariDataSource       : HikariPool-1 - Starting...
2025-04-03 08:39:20.186  INFO 404 --- [user-service] [pool-5-thread-8] com.zaxxer.hikari.HikariDataSource       : HikariPool-1 - Starting...
2025-04-03 08:39:21.191  INFO 404 --- [user-service] [pool-5-thread-4] com.zaxxer.hikari.HikariDataSource       : HikariPool-1 - Starting...
2025-04-03 08:39:22.195  INFO 404 --- [user-service] [pool-5-thread-10] com.zaxxer.hikari.HikariDataSource       : HikariPool-1 - Starting...
2025-04-03 08:39:23.208  INFO 404 --- [user-service] [pool-5-thread-9] com.zaxxer.hikari.HikariDataSource       : HikariPool-1 - Starting...
2025-04-03 08:39:24.210  INFO 404 --- [user-service] [pool-5-thread-7] com.zaxxer.hikari.HikariDataSource       : HikariPool-1 - Starting...
2025-04-03 08:39:25.220  INFO 404 --- [user-service] [pool-5-thread-5] com.zaxxer.hikari.HikariDataSource       : HikariPool-1 - Starting...
2025-04-03 08:39:26.222  INFO 404 --- [user-service] [pool-5-thread-6] com.zaxxer.hikari.HikariDataSource       : HikariPool-1 - Starting...
2025-04-03 08:39:27.227  INFO 404 --- [user-service] [pool-5-thread-3] com.zaxxer.hikari.HikariDataSource       : HikariPool-1 - Starting...
2025-04-03 08:39:28.237  INFO 404 --- [user-service] [pool-5-thread-2] com.zaxxer.hikari.HikariDataSource       : HikariPool-1 - Starting...
2025-04-03 08:39:29.241  INFO 404 --- [user-service] [pool-5-thread-3] com.zaxxer.hikari.HikariDataSource       : HikariPool-1 - Starting...
2025-04-03 08:39:30.247  INFO 404 --- [user-service] [pool-5-thread-6] com.zaxxer.hikari.HikariDataSource       : HikariPool-1 - Starting...
2025-04-03 08:39:31.263  INFO 404 --- [user-service] [pool-5-thread-5] com.zaxxer.hikari.HikariDataSource       : HikariPool-1 - Starting...
2025-04-03 08:39:32.265  INFO 404 --- [user-service] [pool-5-thread-7] com.zaxxer.hikari.HikariDataSource       : HikariPool-1 - Starting...
2025-04-03 08:39:33.275  INFO 404 --- [user-service] [pool-5-thread-9] com.zaxxer.hikari.HikariDataSource       : HikariPool-1 - Starting...
2025-04-03 08:39:34.279  INFO 404 --- [user-service] [pool-5-thread-10] com.zaxxer.hikari.HikariDataSource       : HikariPool-1 - Starting...
2025-04-03 08:39:35.288  INFO 404 --- [user-service] [pool-5-thread-4] com.zaxxer.hikari.HikariDataSource       : HikariPool-1 - Starting...
2025-04-03 08:39:36.292  INFO 404 --- [user-service] [pool-5-thread-8] com.zaxxer.hikari.HikariDataSource       : HikariPool-1 - Starting...
2025-04-03 08:39:37.303  INFO 404 --- [user-service] [pool-5-thread-1] com.zaxxer.hikari.HikariDataSource       : HikariPool-1 - Starting...
2025-04-03 08:39:38.305  INFO 404 --- [user-service] [pool-5-thread-8] com.zaxxer.hikari.HikariDataSource       : HikariPool-1 - Starting...
2025-04-03 08:39:39.318  INFO 404 --- [user-service] [pool-5-thread-4] com.zaxxer.hikari.HikariDataSource       : HikariPool-1 - Starting...
2025-04-03 08:39:40.320  INFO 404 --- [user-service] [pool-5-thread-10] com.zaxxer.hikari.HikariDataSource       : HikariPool-1 - Starting...
2025-04-03 08:39:41.327  INFO 404 --- [user-service] [pool-5-thread-9] com.zaxxer.hikari.HikariDataSource       : HikariPool-1 - Starting...
2025-04-03 08:39:42.335  INFO 404 --- [user-service] [pool-5-thread-7] com.zaxxer.hikari.HikariDataSource       : HikariPool-1 - Starting...
2025-04-03 08:39:43.346  INFO 404 --- [user-service] [pool-5-thread-5] com.zaxxer.hikari.HikariDataSource       : HikariPool-1 - Starting...
2025-04-03 08:39:44.348  INFO 404 --- [user-service] [pool-5-thread-6] com.zaxxer.hikari.HikariDataSource       : HikariPool-1 - Starting...
2025-04-03 08:39:45.353  INFO 404 --- [user-service] [pool-5-thread-3] com.zaxxer.hikari.HikariDataSource       : HikariPool-1 - Starting...
2025-04-03 08:39:46.357  INFO 404 --- [user-service] [pool-5-thread-2] com.zaxxer.hikari.HikariDataSource       : HikariPool-1 - Starting...
2025-04-03 08:39:47.372  INFO 404 --- [user-service] [pool-5-thread-3] com.zaxxer.hikari.HikariDataSource       : HikariPool-1 - Starting...
2025-04-03 08:39:48.377  INFO 404 --- [user-service] [pool-5-thread-6] com.zaxxer.hikari.HikariDataSource       : HikariPool-1 - Starting...
2025-04-03 08:39:49.380  INFO 404 --- [user-service] [pool-5-thread-5] com.zaxxer.hikari.HikariDataSource       : HikariPool-1 - Starting...
2025-04-03 08:39:50.388  INFO 404 --- [user-service] [pool-5-thread-7] com.zaxxer.hikari.HikariDataSource       : HikariPool-1 - Starting...
2025-04-03 08:39:51.397  INFO 404 --- [user-service] [pool-5-thread-9] com.zaxxer.hikari.HikariDataSource       : HikariPool-1 - Starting...
2025-04-03 08:39:52.400  INFO 404 --- [user-service] [pool-5-thread-10] com.zaxxer.hikari.HikariDataSource       : HikariPool-1 - Starting...
2025-04-03 08:39:53.404  INFO 404 --- [user-service] [pool-5-thread-4] com.zaxxer.hikari.HikariDataSource       : HikariPool-1 - Starting...
2025-04-03 08:39:54.417  INFO 404 --- [user-service] [pool-5-thread-8] com.zaxxer.hikari.HikariDataSource       : HikariPool-1 - Starting...
2025-04-03 08:39:55.422  INFO 404 --- [user-service] [pool-5-thread-1] com.zaxxer.hikari.HikariDataSource       : HikariPool-1 - Starting...
2025-04-03 08:39:56.437  INFO 404 --- [user-service] [pool-5-thread-8] com.zaxxer.hikari.HikariDataSource       : HikariPool-1 - Starting...
2025-04-03 08:39:57.445  INFO 404 --- [user-service] [pool-5-thread-4] com.zaxxer.hikari.HikariDataSource       : HikariPool-1 - Starting...
2025-04-03 08:39:58.449  INFO 404 --- [user-service] [pool-5-thread-10] com.zaxxer.hikari.HikariDataSource       : HikariPool-1 - Starting...
2025-04-03 08:39:59.461  INFO 404 --- [user-service] [pool-5-thread-9] com.zaxxer.hikari.HikariDataSource       : HikariPool-1 - Starting...
2025-04-03 08:40:00.463  INFO 404 --- [user-service] [pool-5-thread-7] com.zaxxer.hikari.HikariDataSource       : HikariPool-1 - Starting...
2025-04-03 08:40:01.469  INFO 404 --- [user-service] [pool-5-thread-5] com.zaxxer.hikari.HikariDataSource       : HikariPool-1 - Starting...
2025-04-03 08:40:02.480  INFO 404 --- [user-service] [pool-5-thread-6] com.zaxxer.hikari.HikariDataSource       : HikariPool-1 - Starting...
2025-04-03 08:40:03.485  INFO 404 --- [user-service] [pool-5-thread-3] com.zaxxer.hikari.HikariDataSource       : HikariPool-1 - Starting...
2025-04-03 08:40:04.495  INFO 404 --- [user-service] [pool-5-thread-2] com.zaxxer.hikari.HikariDataSource       : HikariPool-1 - Starting...
2025-04-03 08:40:05.500  INFO 404 --- [user-service] [pool-5-thread-3] com.zaxxer.hikari.HikariDataSource       : HikariPool-1 - Starting...
2025-04-03 08:40:06.510  INFO 404 --- [user-service] [pool-5-thread-6] com.zaxxer.hikari.HikariDataSource       : HikariPool-1 - Starting...
2025-04-03 08:40:07.517  INFO 404 --- [user-service] [pool-5-thread-5] com.zaxxer.hikari.HikariDataSource       : HikariPool-1 - Starting...
2025-04-03 08:40:08.532  INFO 404 --- [user-service] [pool-5-thread-7] com.zaxxer.hikari.HikariDataSource       : HikariPool-1 - Starting...
2025-04-03 08:40:09.533  INFO 404 --- [user-service] [pool-5-thread-9] com.zaxxer.hikari.HikariDataSource       : HikariPool-1 - Starting...
2025-04-03 08:40:10.545  INFO 404 --- [user-service] [pool-5-thread-10] com.zaxxer.hikari.HikariDataSource       : HikariPool-1 - Starting...
2025-04-03 08:40:11.547  INFO 404 --- [user-service] [pool-5-thread-4] com.zaxxer.hikari.HikariDataSource       : HikariPool-1 - Starting...
2025-04-03 08:40:12.553  INFO 404 --- [user-service] [pool-5-thread-8] com.zaxxer.hikari.HikariDataSource       : HikariPool-1 - Starting...
2025-04-03 08:40:13.562  INFO 404 --- [user-service] [pool-5-thread-1] com.zaxxer.hikari.HikariDataSource       : HikariPool-1 - Starting...
2025-04-03 08:40:14.565  INFO 404 --- [user-service] [pool-5-thread-8] com.zaxxer.hikari.HikariDataSource       : HikariPool-1 - Starting...
2025-04-03 08:40:15.579  INFO 404 --- [user-service] [pool-5-thread-4] com.zaxxer.hikari.HikariDataSource       : HikariPool-1 - Starting...
2025-04-03 08:40:16.584  INFO 404 --- [user-service] [pool-5-thread-10] com.zaxxer.hikari.HikariDataSource       : HikariPool-1 - Starting...
2025-04-03 08:40:17.590  INFO 404 --- [user-service] [pool-5-thread-9] com.zaxxer.hikari.HikariDataSource       : HikariPool-1 - Starting...
2025-04-03 08:40:18.596  INFO 404 --- [user-service] [pool-5-thread-7] com.zaxxer.hikari.HikariDataSource       : HikariPool-1 - Starting...
2025-04-03 08:40:19.602  INFO 404 --- [user-service] [pool-5-thread-5] com.zaxxer.hikari.HikariDataSource       : HikariPool-1 - Starting...
2025-04-03 08:40:20.608  INFO 404 --- [user-service] [pool-5-thread-6] com.zaxxer.hikari.HikariDataSource       : HikariPool-1 - Starting...
2025-04-03 08:40:21.623  INFO 404 --- [user-service] [pool-5-thread-3] com.zaxxer.hikari.HikariDataSource       : HikariPool-1 - Starting...
2025-04-03 08:40:22.626  INFO 404 --- [user-service] [pool-5-thread-2] com.zaxxer.hikari.HikariDataSource       : HikariPool-1 - Starting...
2025-04-03 08:40:23.633  INFO 404 --- [user-service] [pool-5-thread-3] com.zaxxer.hikari.HikariDataSource       : HikariPool-1 - Starting...
2025-04-03 08:40:24.639  INFO 404 --- [user-service] [pool-5-thread-6] com.zaxxer.hikari.HikariDataSource       : HikariPool-1 - Starting...
2025-04-03 08:40:25.646  INFO 404 --- [user-service] [pool-5-thread-5] com.zaxxer.hikari.HikariDataSource       : HikariPool-1 - Starting...
2025-04-03 08:40:26.657  INFO 404 --- [user-service] [pool-5-thread-7] com.zaxxer.hikari.HikariDataSource       : HikariPool-1 - Starting...
2025-04-03 08:40:27.664  INFO 404 --- [user-service] [pool-5-thread-9] com.zaxxer.hikari.HikariDataSource       : HikariPool-1 - Starting...
2025-04-03 08:40:28.679  INFO 404 --- [user-service] [pool-5-thread-10] com.zaxxer.hikari.HikariDataSource       : HikariPool-1 - Starting...
2025-04-03 08:40:29.687  INFO 404 --- [user-service] [pool-5-thread-4] com.zaxxer.hikari.HikariDataSource       : HikariPool-1 - Starting...
2025-04-03 08:40:30.701  INFO 404 --- [user-service] [pool-5-thread-8] com.zaxxer.hikari.HikariDataSource       : HikariPool-1 - Starting...
2025-04-03 08:40:31.706  INFO 404 --- [user-service] [pool-5-thread-1] com.zaxxer.hikari.HikariDataSource       : HikariPool-1 - Starting...
2025-04-03 08:40:32.712  INFO 404 --- [user-service] [pool-5-thread-8] com.zaxxer.hikari.HikariDataSource       : HikariPool-1 - Starting...
2025-04-03 08:40:33.724  INFO 404 --- [user-service] [pool-5-thread-4] com.zaxxer.hikari.HikariDataSource       : HikariPool-1 - Starting...
2025-04-03 08:40:34.728  INFO 404 --- [user-service] [pool-5-thread-10] com.zaxxer.hikari.HikariDataSource       : HikariPool-1 - Starting...
2025-04-03 08:40:35.731  INFO 404 --- [user-service] [pool-5-thread-9] com.zaxxer.hikari.HikariDataSource       : HikariPool-1 - Starting...
2025-04-03 08:40:36.744  INFO 404 --- [user-service] [pool-5-thread-7] com.zaxxer.hikari.HikariDataSource       : HikariPool-1 - Starting...
2025-04-03 08:40:37.747  INFO 404 --- [user-service] [pool-5-thread-5] com.zaxxer.hikari.HikariDataSource       : HikariPool-1 - Starting...
2025-04-03 08:40:38.755  INFO 404 --- [user-service] [pool-5-thread-6] com.zaxxer.hikari.HikariDataSource       : HikariPool-1 - Starting...
2025-04-03 08:40:39.761  INFO 404 --- [user-service] [pool-5-thread-3] com.zaxxer.hikari.HikariDataSource       : HikariPool-1 - Starting...
2025-04-03 08:40:40.776  INFO 404 --- [user-service] [pool-5-thread-2] com.zaxxer.hikari.HikariDataSource       : HikariPool-1 - Starting...
2025-04-03 08:40:41.780  INFO 404 --- [user-service] [pool-5-thread-3] com.zaxxer.hikari.HikariDataSource       : HikariPool-1 - Starting...
2025-04-03 08:40:42.786  INFO 404 --- [user-service] [pool-5-thread-6] com.zaxxer.hikari.HikariDataSource       : HikariPool-1 - Starting...
2025-04-03 08:40:43.791  INFO 404 --- [user-service] [pool-5-thread-5] com.zaxxer.hikari.HikariDataSource       : HikariPool-1 - Starting...
2025-04-03 08:40:44.804  INFO 404 --- [user-service] [pool-5-thread-7] com.zaxxer.hikari.HikariDataSource       : HikariPool-1 - Starting...
2025-04-03 08:40:45.806  INFO 404 --- [user-service] [pool-5-thread-9] com.zaxxer.hikari.HikariDataSource       : HikariPool-1 - Starting...
2025-04-03 08:40:46.816  INFO 404 --- [user-service] [pool-5-thread-10] com.zaxxer.hikari.HikariDataSource       : HikariPool-1 - Starting...
2025-04-03 08:40:47.822  INFO 404 --- [user-service] [pool-5-thread-4] com.zaxxer.hikari.HikariDataSource       : HikariPool-1 - Starting...
2025-04-03 08:40:48.829  INFO 404 --- [user-service] [pool-5-thread-8] com.zaxxer.hikari.HikariDataSource       : HikariPool-1 - Starting...
2025-04-03 08:40:49.844  INFO 404 --- [user-service] [pool-5-thread-1] com.zaxxer.hikari.HikariDataSource       : HikariPool-1 - Starting...
2025-04-03 08:40:50.846  INFO 404 --- [user-service] [pool-5-thread-8] com.zaxxer.hikari.HikariDataSource       : HikariPool-1 - Starting...
2025-04-03 08:40:51.853  INFO 404 --- [user-service] [pool-5-thread-4] com.zaxxer.hikari.HikariDataSource       : HikariPool-1 - Starting...
2025-04-03 08:40:52.859  INFO 404 --- [user-service] [pool-5-thread-10] com.zaxxer.hikari.HikariDataSource       : HikariPool-1 - Starting...
2025-04-03 08:40:53.874  INFO 404 --- [user-service] [pool-5-thread-9] com.zaxxer.hikari.HikariDataSource       : HikariPool-1 - Starting...
2025-04-03 08:40:54.876  INFO 404 --- [user-service] [pool-5-thread-9] com.zaxxer.hikari.HikariDataSource       : HikariPool-1 - Starting...
2025-04-03 08:40:55.878  INFO 404 --- [user-service] [pool-5-thread-7] com.zaxxer.hikari.HikariDataSource       : HikariPool-1 - Starting...
2025-04-03 08:40:56.883  INFO 404 --- [user-service] [pool-5-thread-5] com.zaxxer.hikari.HikariDataSource       : HikariPool-1 - Starting...
2025-04-03 08:40:57.888  INFO 404 --- [user-service] [pool-5-thread-6] com.zaxxer.hikari.HikariDataSource       : HikariPool-1 - Starting...
2025-04-03 08:40:58.890  INFO 404 --- [user-service] [pool-5-thread-3] com.zaxxer.hikari.HikariDataSource       : HikariPool-1 - Starting...
2025-04-03 08:40:59.906  INFO 404 --- [user-service] [pool-5-thread-2] com.zaxxer.hikari.HikariDataSource       : HikariPool-1 - Starting...
2025-04-03 08:41:00.914  INFO 404 --- [user-service] [pool-5-thread-3] com.zaxxer.hikari.HikariDataSource       : HikariPool-1 - Starting...
2025-04-03 08:41:01.921  INFO 404 --- [user-service] [pool-5-thread-6] com.zaxxer.hikari.HikariDataSource       : HikariPool-1 - Starting...
2025-04-03 08:41:02.925  INFO 404 --- [user-service] [pool-5-thread-5] com.zaxxer.hikari.HikariDataSource       : HikariPool-1 - Starting...
2025-04-03 08:41:03.930  INFO 404 --- [user-service] [pool-5-thread-7] com.zaxxer.hikari.HikariDataSource       : HikariPool-1 - Starting...
2025-04-03 08:41:04.932  INFO 404 --- [user-service] [pool-5-thread-9] com.zaxxer.hikari.HikariDataSource       : HikariPool-1 - Starting...
2025-04-03 08:41:05.939  INFO 404 --- [user-service] [pool-5-thread-10] com.zaxxer.hikari.HikariDataSource       : HikariPool-1 - Starting...
2025-04-03 08:41:06.942  INFO 404 --- [user-service] [pool-5-thread-4] com.zaxxer.hikari.HikariDataSource       : HikariPool-1 - Starting...
2025-04-03 08:41:07.958  INFO 404 --- [user-service] [pool-5-thread-8] com.zaxxer.hikari.HikariDataSource       : HikariPool-1 - Starting...
2025-04-03 08:41:08.959  INFO 404 --- [user-service] [pool-5-thread-1] com.zaxxer.hikari.HikariDataSource       : HikariPool-1 - Starting...
2025-04-03 08:41:09.963  INFO 404 --- [user-service] [pool-5-thread-8] com.zaxxer.hikari.HikariDataSource       : HikariPool-1 - Starting...
2025-04-03 08:41:10.973  INFO 404 --- [user-service] [pool-5-thread-4] com.zaxxer.hikari.HikariDataSource       : HikariPool-1 - Starting...
2025-04-03 08:41:11.975  INFO 404 --- [user-service] [pool-5-thread-10] com.zaxxer.hikari.HikariDataSource       : HikariPool-1 - Starting...
2025-04-03 08:41:12.990  INFO 404 --- [user-service] [pool-5-thread-9] com.zaxxer.hikari.HikariDataSource       : HikariPool-1 - Starting...
2025-04-03 08:41:14.003  INFO 404 --- [user-service] [pool-5-thread-7] com.zaxxer.hikari.HikariDataSource       : HikariPool-1 - Starting...
2025-04-03 08:41:15.006  INFO 404 --- [user-service] [pool-5-thread-5] com.zaxxer.hikari.HikariDataSource       : HikariPool-1 - Starting...
2025-04-03 08:41:16.016  INFO 404 --- [user-service] [pool-5-thread-6] com.zaxxer.hikari.HikariDataSource       : HikariPool-1 - Starting...
2025-04-03 08:41:17.018  INFO 404 --- [user-service] [pool-5-thread-3] com.zaxxer.hikari.HikariDataSource       : HikariPool-1 - Starting...
2025-04-03 08:41:18.030  INFO 404 --- [user-service] [pool-5-thread-2] com.zaxxer.hikari.HikariDataSource       : HikariPool-1 - Starting...
2025-04-03 08:41:19.040  INFO 404 --- [user-service] [pool-5-thread-3] com.zaxxer.hikari.HikariDataSource       : HikariPool-1 - Starting...
2025-04-03 08:41:20.042  INFO 404 --- [user-service] [pool-5-thread-6] com.zaxxer.hikari.HikariDataSource       : HikariPool-1 - Starting...
2025-04-03 08:41:21.048  INFO 404 --- [user-service] [pool-5-thread-5] com.zaxxer.hikari.HikariDataSource       : HikariPool-1 - Starting...
2025-04-03 08:41:22.055  INFO 404 --- [user-service] [pool-5-thread-7] com.zaxxer.hikari.HikariDataSource       : HikariPool-1 - Starting...
2025-04-03 08:41:23.057  INFO 404 --- [user-service] [pool-5-thread-9] com.zaxxer.hikari.HikariDataSource       : HikariPool-1 - Starting...
2025-04-03 08:41:24.061  INFO 404 --- [user-service] [pool-5-thread-10] com.zaxxer.hikari.HikariDataSource       : HikariPool-1 - Starting...
2025-04-03 08:41:25.067  INFO 404 --- [user-service] [pool-5-thread-4] com.zaxxer.hikari.HikariDataSource       : HikariPool-1 - Starting...
2025-04-03 08:41:26.073  INFO 404 --- [user-service] [pool-5-thread-8] com.zaxxer.hikari.HikariDataSource       : HikariPool-1 - Starting...
2025-04-03 08:41:27.084  INFO 404 --- [user-service] [pool-5-thread-1] com.zaxxer.hikari.HikariDataSource       : HikariPool-1 - Starting...
2025-04-03 08:41:28.086  INFO 404 --- [user-service] [pool-5-thread-8] com.zaxxer.hikari.HikariDataSource       : HikariPool-1 - Starting...
2025-04-03 08:41:29.094  INFO 404 --- [user-service] [pool-5-thread-4] com.zaxxer.hikari.HikariDataSource       : HikariPool-1 - Starting...
2025-04-03 08:41:30.105  INFO 404 --- [user-service] [pool-5-thread-10] com.zaxxer.hikari.HikariDataSource       : HikariPool-1 - Starting...
2025-04-03 08:41:31.111  INFO 404 --- [user-service] [pool-5-thread-9] com.zaxxer.hikari.HikariDataSource       : HikariPool-1 - Starting...
2025-04-03 08:41:32.117  INFO 404 --- [user-service] [pool-5-thread-7] com.zaxxer.hikari.HikariDataSource       : HikariPool-1 - Starting...
2025-04-03 08:41:33.133  INFO 404 --- [user-service] [pool-5-thread-5] com.zaxxer.hikari.HikariDataSource       : HikariPool-1 - Starting...
2025-04-03 08:41:34.145  INFO 404 --- [user-service] [pool-5-thread-6] com.zaxxer.hikari.HikariDataSource       : HikariPool-1 - Starting...
2025-04-03 08:41:35.150  INFO 404 --- [user-service] [pool-5-thread-3] com.zaxxer.hikari.HikariDataSource       : HikariPool-1 - Starting...
2025-04-03 08:41:36.153  INFO 404 --- [user-service] [pool-5-thread-2] com.zaxxer.hikari.HikariDataSource       : HikariPool-1 - Starting...
2025-04-03 08:41:37.159  INFO 404 --- [user-service] [pool-5-thread-3] com.zaxxer.hikari.HikariDataSource       : HikariPool-1 - Starting...
2025-04-03 08:41:38.165  INFO 404 --- [user-service] [pool-5-thread-6] com.zaxxer.hikari.HikariDataSource       : HikariPool-1 - Starting...
2025-04-03 08:41:39.170  INFO 404 --- [user-service] [pool-5-thread-5] com.zaxxer.hikari.HikariDataSource       : HikariPool-1 - Starting...
2025-04-03 08:41:40.173  INFO 404 --- [user-service] [pool-5-thread-7] com.zaxxer.hikari.HikariDataSource       : HikariPool-1 - Starting...
2025-04-03 08:41:41.177  INFO 404 --- [user-service] [pool-5-thread-9] com.zaxxer.hikari.HikariDataSource       : HikariPool-1 - Starting...
2025-04-03 08:41:42.184  INFO 404 --- [user-service] [pool-5-thread-10] com.zaxxer.hikari.HikariDataSource       : HikariPool-1 - Starting...
2025-04-03 08:41:43.193  INFO 404 --- [user-service] [pool-5-thread-4] com.zaxxer.hikari.HikariDataSource       : HikariPool-1 - Starting...
2025-04-03 08:41:44.196  INFO 404 --- [user-service] [pool-5-thread-8] com.zaxxer.hikari.HikariDataSource       : HikariPool-1 - Starting...
2025-04-03 08:41:45.208  INFO 404 --- [user-service] [pool-5-thread-1] com.zaxxer.hikari.HikariDataSource       : HikariPool-1 - Starting...
2025-04-03 08:41:46.214  INFO 404 --- [user-service] [pool-5-thread-8] com.zaxxer.hikari.HikariDataSource       : HikariPool-1 - Starting...
2025-04-03 08:41:47.220  INFO 404 --- [user-service] [pool-5-thread-4] com.zaxxer.hikari.HikariDataSource       : HikariPool-1 - Starting...
2025-04-03 08:41:48.226  INFO 404 --- [user-service] [pool-5-thread-10] com.zaxxer.hikari.HikariDataSource       : HikariPool-1 - Starting...
2025-04-03 08:41:49.228  INFO 404 --- [user-service] [pool-5-thread-9] com.zaxxer.hikari.HikariDataSource       : HikariPool-1 - Starting...
2025-04-03 08:41:50.239  INFO 404 --- [user-service] [pool-5-thread-7] com.zaxxer.hikari.HikariDataSource       : HikariPool-1 - Starting...
2025-04-03 08:41:51.250  INFO 404 --- [user-service] [pool-5-thread-5] com.zaxxer.hikari.HikariDataSource       : HikariPool-1 - Starting...
2025-04-03 08:41:52.261  INFO 404 --- [user-service] [pool-5-thread-6] com.zaxxer.hikari.HikariDataSource       : HikariPool-1 - Starting...
2025-04-03 08:41:53.263  INFO 404 --- [user-service] [pool-5-thread-3] com.zaxxer.hikari.HikariDataSource       : HikariPool-1 - Starting...
2025-04-03 08:41:54.269  INFO 404 --- [user-service] [pool-5-thread-2] com.zaxxer.hikari.HikariDataSource       : HikariPool-1 - Starting...
2025-04-03 08:41:55.273  INFO 404 --- [user-service] [pool-5-thread-3] com.zaxxer.hikari.HikariDataSource       : HikariPool-1 - Starting...
2025-04-03 08:41:56.278  INFO 404 --- [user-service] [pool-5-thread-6] com.zaxxer.hikari.HikariDataSource       : HikariPool-1 - Starting...
2025-04-03 08:41:57.281  INFO 404 --- [user-service] [pool-5-thread-5] com.zaxxer.hikari.HikariDataSource       : HikariPool-1 - Starting...
2025-04-03 08:41:58.289  INFO 404 --- [user-service] [pool-5-thread-7] com.zaxxer.hikari.HikariDataSource       : HikariPool-1 - Starting...
2025-04-03 08:41:59.303  INFO 404 --- [user-service] [pool-5-thread-9] com.zaxxer.hikari.HikariDataSource       : HikariPool-1 - Starting...
2025-04-03 08:42:00.313  INFO 404 --- [user-service] [pool-5-thread-10] com.zaxxer.hikari.HikariDataSource       : HikariPool-1 - Starting...
2025-04-03 08:42:01.326  INFO 404 --- [user-service] [pool-5-thread-4] com.zaxxer.hikari.HikariDataSource       : HikariPool-1 - Starting...
2025-04-03 08:42:02.330  INFO 404 --- [user-service] [pool-5-thread-8] com.zaxxer.hikari.HikariDataSource       : HikariPool-1 - Starting...
2025-04-03 08:42:03.332  INFO 404 --- [user-service] [pool-5-thread-1] com.zaxxer.hikari.HikariDataSource       : HikariPool-1 - Starting...
2025-04-03 08:42:04.337  INFO 404 --- [user-service] [pool-5-thread-8] com.zaxxer.hikari.HikariDataSource       : HikariPool-1 - Starting...
2025-04-03 08:42:05.343  INFO 404 --- [user-service] [pool-5-thread-4] com.zaxxer.hikari.HikariDataSource       : HikariPool-1 - Starting...
2025-04-03 08:42:06.349  INFO 404 --- [user-service] [pool-5-thread-10] com.zaxxer.hikari.HikariDataSource       : HikariPool-1 - Starting...
2025-04-03 08:42:07.358  INFO 404 --- [user-service] [pool-5-thread-9] com.zaxxer.hikari.HikariDataSource       : HikariPool-1 - Starting...
2025-04-03 08:42:08.368  INFO 404 --- [user-service] [pool-5-thread-7] com.zaxxer.hikari.HikariDataSource       : HikariPool-1 - Starting...
2025-04-03 08:42:09.383  INFO 404 --- [user-service] [pool-5-thread-5] com.zaxxer.hikari.HikariDataSource       : HikariPool-1 - Starting...
2025-04-03 08:42:10.386  INFO 404 --- [user-service] [pool-5-thread-6] com.zaxxer.hikari.HikariDataSource       : HikariPool-1 - Starting...
2025-04-03 08:42:11.395  INFO 404 --- [user-service] [pool-5-thread-3] com.zaxxer.hikari.HikariDataSource       : HikariPool-1 - Starting...
2025-04-03 08:42:12.398  INFO 404 --- [user-service] [pool-5-thread-2] com.zaxxer.hikari.HikariDataSource       : HikariPool-1 - Starting...
2025-04-03 08:42:13.410  INFO 404 --- [user-service] [pool-5-thread-3] com.zaxxer.hikari.HikariDataSource       : HikariPool-1 - Starting...
2025-04-03 08:42:14.422  INFO 404 --- [user-service] [pool-5-thread-6] com.zaxxer.hikari.HikariDataSource       : HikariPool-1 - Starting...
2025-04-03 08:42:15.425  INFO 404 --- [user-service] [pool-5-thread-5] com.zaxxer.hikari.HikariDataSource       : HikariPool-1 - Starting...
2025-04-03 08:42:16.428  INFO 404 --- [user-service] [pool-5-thread-7] com.zaxxer.hikari.HikariDataSource       : HikariPool-1 - Starting...
2025-04-03 08:42:17.430  INFO 404 --- [user-service] [pool-5-thread-9] com.zaxxer.hikari.HikariDataSource       : HikariPool-1 - Starting...
2025-04-03 08:42:18.434  INFO 404 --- [user-service] [pool-5-thread-10] com.zaxxer.hikari.HikariDataSource       : HikariPool-1 - Starting...
2025-04-03 08:42:19.440  INFO 404 --- [user-service] [pool-5-thread-4] com.zaxxer.hikari.HikariDataSource       : HikariPool-1 - Starting...
2025-04-03 08:42:20.453  INFO 404 --- [user-service] [pool-5-thread-8] com.zaxxer.hikari.HikariDataSource       : HikariPool-1 - Starting...
2025-04-03 08:42:21.459  INFO 404 --- [user-service] [pool-5-thread-1] com.zaxxer.hikari.HikariDataSource       : HikariPool-1 - Starting...
2025-04-03 08:42:22.467  INFO 404 --- [user-service] [pool-5-thread-8] com.zaxxer.hikari.HikariDataSource       : HikariPool-1 - Starting...
2025-04-03 08:42:23.474  INFO 404 --- [user-service] [pool-5-thread-4] com.zaxxer.hikari.HikariDataSource       : HikariPool-1 - Starting...
2025-04-03 08:42:24.481  INFO 404 --- [user-service] [pool-5-thread-10] com.zaxxer.hikari.HikariDataSource       : HikariPool-1 - Starting...
2025-04-03 08:42:25.483  INFO 404 --- [user-service] [pool-5-thread-9] com.zaxxer.hikari.HikariDataSource       : HikariPool-1 - Starting...
2025-04-03 08:42:26.496  INFO 404 --- [user-service] [pool-5-thread-7] com.zaxxer.hikari.HikariDataSource       : HikariPool-1 - Starting...
2025-04-03 08:42:27.511  INFO 404 --- [user-service] [pool-5-thread-5] com.zaxxer.hikari.HikariDataSource       : HikariPool-1 - Starting...
2025-04-03 08:42:28.514  INFO 404 --- [user-service] [pool-5-thread-6] com.zaxxer.hikari.HikariDataSource       : HikariPool-1 - Starting...
2025-04-03 08:42:29.523  INFO 404 --- [user-service] [pool-5-thread-3] com.zaxxer.hikari.HikariDataSource       : HikariPool-1 - Starting...
2025-04-03 08:42:30.526  INFO 404 --- [user-service] [pool-5-thread-2] com.zaxxer.hikari.HikariDataSource       : HikariPool-1 - Starting...
2025-04-03 08:42:31.538  INFO 404 --- [user-service] [pool-5-thread-3] com.zaxxer.hikari.HikariDataSource       : HikariPool-1 - Starting...
2025-04-03 08:42:32.553  INFO 404 --- [user-service] [pool-5-thread-6] com.zaxxer.hikari.HikariDataSource       : HikariPool-1 - Starting...
2025-04-03 08:42:33.555  INFO 404 --- [user-service] [pool-5-thread-5] com.zaxxer.hikari.HikariDataSource       : HikariPool-1 - Starting...
2025-04-03 08:42:34.557  INFO 404 --- [user-service] [pool-5-thread-7] com.zaxxer.hikari.HikariDataSource       : HikariPool-1 - Starting...
2025-04-03 08:42:35.563  INFO 404 --- [user-service] [pool-5-thread-9] com.zaxxer.hikari.HikariDataSource       : HikariPool-1 - Starting...
2025-04-03 08:42:36.570  INFO 404 --- [user-service] [pool-5-thread-10] com.zaxxer.hikari.HikariDataSource       : HikariPool-1 - Starting...
2025-04-03 08:42:37.582  INFO 404 --- [user-service] [pool-5-thread-4] com.zaxxer.hikari.HikariDataSource       : HikariPool-1 - Starting...
2025-04-03 08:42:38.594  INFO 404 --- [user-service] [pool-5-thread-8] com.zaxxer.hikari.HikariDataSource       : HikariPool-1 - Starting...
2025-04-03 08:42:39.599  INFO 404 --- [user-service] [pool-5-thread-1] com.zaxxer.hikari.HikariDataSource       : HikariPool-1 - Starting...
2025-04-03 08:42:40.601  INFO 404 --- [user-service] [pool-5-thread-8] com.zaxxer.hikari.HikariDataSource       : HikariPool-1 - Starting...
2025-04-03 08:42:41.603  INFO 404 --- [user-service] [pool-5-thread-4] com.zaxxer.hikari.HikariDataSource       : HikariPool-1 - Starting...
2025-04-03 08:42:42.606  INFO 404 --- [user-service] [pool-5-thread-10] com.zaxxer.hikari.HikariDataSource       : HikariPool-1 - Starting...
2025-04-03 08:42:43.620  INFO 404 --- [user-service] [pool-5-thread-9] com.zaxxer.hikari.HikariDataSource       : HikariPool-1 - Starting...
2025-04-03 08:42:44.624  INFO 404 --- [user-service] [pool-5-thread-7] com.zaxxer.hikari.HikariDataSource       : HikariPool-1 - Starting...
2025-04-03 08:42:45.626  INFO 404 --- [user-service] [pool-5-thread-5] com.zaxxer.hikari.HikariDataSource       : HikariPool-1 - Starting...
2025-04-03 08:42:46.631  INFO 404 --- [user-service] [pool-5-thread-6] com.zaxxer.hikari.HikariDataSource       : HikariPool-1 - Starting...
2025-04-03 08:42:47.642  INFO 404 --- [user-service] [pool-5-thread-3] com.zaxxer.hikari.HikariDataSource       : HikariPool-1 - Starting...
2025-04-03 08:42:48.649  INFO 404 --- [user-service] [pool-5-thread-2] com.zaxxer.hikari.HikariDataSource       : HikariPool-1 - Starting...
2025-04-03 08:42:49.663  INFO 404 --- [user-service] [pool-5-thread-3] com.zaxxer.hikari.HikariDataSource       : HikariPool-1 - Starting...
2025-04-03 08:42:50.665  INFO 404 --- [user-service] [pool-5-thread-6] com.zaxxer.hikari.HikariDataSource       : HikariPool-1 - Starting...
2025-04-03 08:42:51.667  INFO 404 --- [user-service] [pool-5-thread-5] com.zaxxer.hikari.HikariDataSource       : HikariPool-1 - Starting...
2025-04-03 08:42:52.673  INFO 404 --- [user-service] [pool-5-thread-7] com.zaxxer.hikari.HikariDataSource       : HikariPool-1 - Starting...
2025-04-03 08:42:53.682  INFO 404 --- [user-service] [pool-5-thread-9] com.zaxxer.hikari.HikariDataSource       : HikariPool-1 - Starting...
2025-04-03 08:42:54.685  INFO 404 --- [user-service] [pool-5-thread-10] com.zaxxer.hikari.HikariDataSource       : HikariPool-1 - Starting...
2025-04-03 08:42:55.692  INFO 404 --- [user-service] [pool-5-thread-4] com.zaxxer.hikari.HikariDataSource       : HikariPool-1 - Starting...
2025-04-03 08:42:56.705  INFO 404 --- [user-service] [pool-5-thread-8] com.zaxxer.hikari.HikariDataSource       : HikariPool-1 - Starting...
2025-04-03 08:42:57.710  INFO 404 --- [user-service] [pool-5-thread-1] com.zaxxer.hikari.HikariDataSource       : HikariPool-1 - Starting...
2025-04-03 08:42:58.724  INFO 404 --- [user-service] [pool-5-thread-8] com.zaxxer.hikari.HikariDataSource       : HikariPool-1 - Starting...
2025-04-03 08:42:59.727  INFO 404 --- [user-service] [pool-5-thread-4] com.zaxxer.hikari.HikariDataSource       : HikariPool-1 - Starting...
2025-04-03 08:43:00.729  INFO 404 --- [user-service] [pool-5-thread-10] com.zaxxer.hikari.HikariDataSource       : HikariPool-1 - Starting...
2025-04-03 08:43:01.738  INFO 404 --- [user-service] [pool-5-thread-9] com.zaxxer.hikari.HikariDataSource       : HikariPool-1 - Starting...
2025-04-03 08:43:02.747  INFO 404 --- [user-service] [pool-5-thread-7] com.zaxxer.hikari.HikariDataSource       : HikariPool-1 - Starting...
2025-04-03 08:43:03.749  INFO 404 --- [user-service] [pool-5-thread-5] com.zaxxer.hikari.HikariDataSource       : HikariPool-1 - Starting...
2025-04-03 08:43:04.754  INFO 404 --- [user-service] [pool-5-thread-6] com.zaxxer.hikari.HikariDataSource       : HikariPool-1 - Starting...
2025-04-03 08:43:05.771  INFO 404 --- [user-service] [pool-5-thread-3] com.zaxxer.hikari.HikariDataSource       : HikariPool-1 - Starting...
2025-04-03 08:43:06.777  INFO 404 --- [user-service] [pool-5-thread-2] com.zaxxer.hikari.HikariDataSource       : HikariPool-1 - Starting...
2025-04-03 08:43:07.783  INFO 404 --- [user-service] [pool-5-thread-3] com.zaxxer.hikari.HikariDataSource       : HikariPool-1 - Starting...
2025-04-03 08:43:08.787  INFO 404 --- [user-service] [pool-5-thread-6] com.zaxxer.hikari.HikariDataSource       : HikariPool-1 - Starting...
2025-04-03 08:43:09.801  INFO 404 --- [user-service] [pool-5-thread-5] com.zaxxer.hikari.HikariDataSource       : HikariPool-1 - Starting...
2025-04-03 08:43:10.815  INFO 404 --- [user-service] [pool-5-thread-7] com.zaxxer.hikari.HikariDataSource       : HikariPool-1 - Starting...
2025-04-03 08:43:11.824  INFO 404 --- [user-service] [pool-5-thread-9] com.zaxxer.hikari.HikariDataSource       : HikariPool-1 - Starting...
2025-04-03 08:43:12.825  INFO 404 --- [user-service] [pool-5-thread-10] com.zaxxer.hikari.HikariDataSource       : HikariPool-1 - Starting...
2025-04-03 08:43:13.833  INFO 404 --- [user-service] [pool-5-thread-4] com.zaxxer.hikari.HikariDataSource       : HikariPool-1 - Starting...
2025-04-03 08:43:14.844  INFO 404 --- [user-service] [pool-5-thread-8] com.zaxxer.hikari.HikariDataSource       : HikariPool-1 - Starting...
2025-04-03 08:43:15.856  INFO 404 --- [user-service] [pool-5-thread-1] com.zaxxer.hikari.HikariDataSource       : HikariPool-1 - Starting...
2025-04-03 08:43:16.863  INFO 404 --- [user-service] [pool-5-thread-8] com.zaxxer.hikari.HikariDataSource       : HikariPool-1 - Starting...
2025-04-03 08:43:17.879  INFO 404 --- [user-service] [pool-5-thread-4] com.zaxxer.hikari.HikariDataSource       : HikariPool-1 - Starting...
2025-04-03 08:43:18.881  INFO 404 --- [user-service] [pool-5-thread-10] com.zaxxer.hikari.HikariDataSource       : HikariPool-1 - Starting...
2025-04-03 08:43:19.887  INFO 404 --- [user-service] [pool-5-thread-9] com.zaxxer.hikari.HikariDataSource       : HikariPool-1 - Starting...
2025-04-03 08:43:20.888  INFO 404 --- [user-service] [pool-5-thread-7] com.zaxxer.hikari.HikariDataSource       : HikariPool-1 - Starting...
2025-04-03 08:43:21.899  INFO 404 --- [user-service] [pool-5-thread-5] com.zaxxer.hikari.HikariDataSource       : HikariPool-1 - Starting...
2025-04-03 08:43:22.905  INFO 404 --- [user-service] [pool-5-thread-6] com.zaxxer.hikari.HikariDataSource       : HikariPool-1 - Starting...
2025-04-03 08:43:23.912  INFO 404 --- [user-service] [pool-5-thread-3] com.zaxxer.hikari.HikariDataSource       : HikariPool-1 - Starting...
2025-04-03 08:43:24.918  INFO 404 --- [user-service] [pool-5-thread-2] com.zaxxer.hikari.HikariDataSource       : HikariPool-1 - Starting...
2025-04-03 08:43:25.929  INFO 404 --- [user-service] [pool-5-thread-3] com.zaxxer.hikari.HikariDataSource       : HikariPool-1 - Starting...
2025-04-03 08:43:26.936  INFO 404 --- [user-service] [pool-5-thread-6] com.zaxxer.hikari.HikariDataSource       : HikariPool-1 - Starting...
2025-04-03 08:43:27.939  INFO 404 --- [user-service] [pool-5-thread-5] com.zaxxer.hikari.HikariDataSource       : HikariPool-1 - Starting...
2025-04-03 08:43:28.954  INFO 404 --- [user-service] [pool-5-thread-7] com.zaxxer.hikari.HikariDataSource       : HikariPool-1 - Starting...
2025-04-03 08:43:29.966  INFO 404 --- [user-service] [pool-5-thread-9] com.zaxxer.hikari.HikariDataSource       : HikariPool-1 - Starting...
2025-04-03 08:43:30.981  INFO 404 --- [user-service] [pool-5-thread-10] com.zaxxer.hikari.HikariDataSource       : HikariPool-1 - Starting...
2025-04-03 08:43:31.986  INFO 404 --- [user-service] [pool-5-thread-4] com.zaxxer.hikari.HikariDataSource       : HikariPool-1 - Starting...
2025-04-03 08:43:32.991  INFO 404 --- [user-service] [pool-5-thread-8] com.zaxxer.hikari.HikariDataSource       : HikariPool-1 - Starting...
2025-04-03 08:43:33.998  INFO 404 --- [user-service] [pool-5-thread-1] com.zaxxer.hikari.HikariDataSource       : HikariPool-1 - Starting...
2025-04-03 08:43:35.003  INFO 404 --- [user-service] [pool-5-thread-8] com.zaxxer.hikari.HikariDataSource       : HikariPool-1 - Starting...
2025-04-03 08:43:36.009  INFO 404 --- [user-service] [pool-5-thread-4] com.zaxxer.hikari.HikariDataSource       : HikariPool-1 - Starting...
2025-04-03 08:43:37.018  INFO 404 --- [user-service] [pool-5-thread-10] com.zaxxer.hikari.HikariDataSource       : HikariPool-1 - Starting...
2025-04-03 08:43:38.020  INFO 404 --- [user-service] [pool-5-thread-9] com.zaxxer.hikari.HikariDataSource       : HikariPool-1 - Starting...
2025-04-03 08:43:39.026  INFO 404 --- [user-service] [pool-5-thread-7] com.zaxxer.hikari.HikariDataSource       : HikariPool-1 - Starting...
2025-04-03 08:43:40.029  INFO 404 --- [user-service] [pool-5-thread-5] com.zaxxer.hikari.HikariDataSource       : HikariPool-1 - Starting...
2025-04-03 08:43:41.030  INFO 404 --- [user-service] [pool-5-thread-6] com.zaxxer.hikari.HikariDataSource       : HikariPool-1 - Starting...
2025-04-03 08:43:42.034  INFO 404 --- [user-service] [pool-5-thread-3] com.zaxxer.hikari.HikariDataSource       : HikariPool-1 - Starting...
2025-04-03 08:43:43.044  INFO 404 --- [user-service] [pool-5-thread-2] com.zaxxer.hikari.HikariDataSource       : HikariPool-1 - Starting...
2025-04-03 08:43:44.061  INFO 404 --- [user-service] [pool-5-thread-3] com.zaxxer.hikari.HikariDataSource       : HikariPool-1 - Starting...
2025-04-03 08:43:45.068  INFO 404 --- [user-service] [pool-5-thread-6] com.zaxxer.hikari.HikariDataSource       : HikariPool-1 - Starting...
2025-04-03 08:43:46.080  INFO 404 --- [user-service] [pool-5-thread-5] com.zaxxer.hikari.HikariDataSource       : HikariPool-1 - Starting...
2025-04-03 08:43:47.083  INFO 404 --- [user-service] [pool-5-thread-7] com.zaxxer.hikari.HikariDataSource       : HikariPool-1 - Starting...
2025-04-03 08:43:48.097  INFO 404 --- [user-service] [pool-5-thread-9] com.zaxxer.hikari.HikariDataSource       : HikariPool-1 - Starting...
2025-04-03 08:43:49.104  INFO 404 --- [user-service] [pool-5-thread-10] com.zaxxer.hikari.HikariDataSource       : HikariPool-1 - Starting...
2025-04-03 08:43:50.105  INFO 404 --- [user-service] [pool-5-thread-4] com.zaxxer.hikari.HikariDataSource       : HikariPool-1 - Starting...
2025-04-03 08:43:51.115  INFO 404 --- [user-service] [pool-5-thread-8] com.zaxxer.hikari.HikariDataSource       : HikariPool-1 - Starting...
2025-04-03 08:43:52.124  INFO 404 --- [user-service] [pool-5-thread-1] com.zaxxer.hikari.HikariDataSource       : HikariPool-1 - Starting...
2025-04-03 08:43:53.136  INFO 404 --- [user-service] [pool-5-thread-8] com.zaxxer.hikari.HikariDataSource       : HikariPool-1 - Starting...
2025-04-03 08:43:54.145  INFO 404 --- [user-service] [pool-5-thread-4] com.zaxxer.hikari.HikariDataSource       : HikariPool-1 - Starting...
2025-04-03 08:43:55.157  INFO 404 --- [user-service] [pool-5-thread-10] com.zaxxer.hikari.HikariDataSource       : HikariPool-1 - Starting...
2025-04-03 08:43:56.168  INFO 404 --- [user-service] [pool-5-thread-9] com.zaxxer.hikari.HikariDataSource       : HikariPool-1 - Starting...
2025-04-03 08:43:57.173  INFO 404 --- [user-service] [pool-5-thread-7] com.zaxxer.hikari.HikariDataSource       : HikariPool-1 - Starting...
2025-04-03 08:43:58.181  INFO 404 --- [user-service] [pool-5-thread-5] com.zaxxer.hikari.HikariDataSource       : HikariPool-1 - Starting...
2025-04-03 08:43:59.196  INFO 404 --- [user-service] [pool-5-thread-6] com.zaxxer.hikari.HikariDataSource       : HikariPool-1 - Starting...
2025-04-03 08:44:00.212  INFO 404 --- [user-service] [pool-5-thread-3] com.zaxxer.hikari.HikariDataSource       : HikariPool-1 - Starting...
2025-04-03 08:44:01.223  INFO 404 --- [user-service] [pool-5-thread-2] com.zaxxer.hikari.HikariDataSource       : HikariPool-1 - Starting...
2025-04-03 08:44:02.227  INFO 404 --- [user-service] [pool-5-thread-3] com.zaxxer.hikari.HikariDataSource       : HikariPool-1 - Starting...
2025-04-03 08:44:03.229  INFO 404 --- [user-service] [pool-5-thread-6] com.zaxxer.hikari.HikariDataSource       : HikariPool-1 - Starting...
2025-04-03 08:44:04.231  INFO 404 --- [user-service] [pool-5-thread-5] com.zaxxer.hikari.HikariDataSource       : HikariPool-1 - Starting...
2025-04-03 08:44:05.243  INFO 404 --- [user-service] [pool-5-thread-7] com.zaxxer.hikari.HikariDataSource       : HikariPool-1 - Starting...
2025-04-03 08:44:06.248  INFO 404 --- [user-service] [pool-5-thread-9] com.zaxxer.hikari.HikariDataSource       : HikariPool-1 - Starting...
2025-04-03 08:44:07.264  INFO 404 --- [user-service] [pool-5-thread-10] com.zaxxer.hikari.HikariDataSource       : HikariPool-1 - Starting...
2025-04-03 08:44:08.277  INFO 404 --- [user-service] [pool-5-thread-4] com.zaxxer.hikari.HikariDataSource       : HikariPool-1 - Starting...
2025-04-03 08:44:09.284  INFO 404 --- [user-service] [pool-5-thread-8] com.zaxxer.hikari.HikariDataSource       : HikariPool-1 - Starting...
2025-04-03 08:44:10.296  INFO 404 --- [user-service] [pool-5-thread-1] com.zaxxer.hikari.HikariDataSource       : HikariPool-1 - Starting...
2025-04-03 08:44:11.299  INFO 404 --- [user-service] [pool-5-thread-8] com.zaxxer.hikari.HikariDataSource       : HikariPool-1 - Starting...
2025-04-03 08:44:12.314  INFO 404 --- [user-service] [pool-5-thread-4] com.zaxxer.hikari.HikariDataSource       : HikariPool-1 - Starting...
2025-04-03 08:44:13.316  INFO 404 --- [user-service] [pool-5-thread-10] com.zaxxer.hikari.HikariDataSource       : HikariPool-1 - Starting...
2025-04-03 08:44:14.328  INFO 404 --- [user-service] [pool-5-thread-9] com.zaxxer.hikari.HikariDataSource       : HikariPool-1 - Starting...
2025-04-03 08:44:15.331  INFO 404 --- [user-service] [pool-5-thread-7] com.zaxxer.hikari.HikariDataSource       : HikariPool-1 - Starting...
2025-04-03 08:44:16.336  INFO 404 --- [user-service] [pool-5-thread-5] com.zaxxer.hikari.HikariDataSource       : HikariPool-1 - Starting...
2025-04-03 08:44:17.342  INFO 404 --- [user-service] [pool-5-thread-6] com.zaxxer.hikari.HikariDataSource       : HikariPool-1 - Starting...
2025-04-03 08:44:18.354  INFO 404 --- [user-service] [pool-5-thread-3] com.zaxxer.hikari.HikariDataSource       : HikariPool-1 - Starting...
2025-04-03 08:44:19.361  INFO 404 --- [user-service] [pool-5-thread-2] com.zaxxer.hikari.HikariDataSource       : HikariPool-1 - Starting...
2025-04-03 08:44:20.381  INFO 404 --- [user-service] [pool-5-thread-3] com.zaxxer.hikari.HikariDataSource       : HikariPool-1 - Starting...
2025-04-03 08:44:21.388  INFO 404 --- [user-service] [pool-5-thread-6] com.zaxxer.hikari.HikariDataSource       : HikariPool-1 - Starting...
2025-04-03 08:44:22.394  INFO 404 --- [user-service] [pool-5-thread-5] com.zaxxer.hikari.HikariDataSource       : HikariPool-1 - Starting...
2025-04-03 08:44:23.411  INFO 404 --- [user-service] [pool-5-thread-7] com.zaxxer.hikari.HikariDataSource       : HikariPool-1 - Starting...
2025-04-03 08:44:24.419  INFO 404 --- [user-service] [pool-5-thread-9] com.zaxxer.hikari.HikariDataSource       : HikariPool-1 - Starting...
2025-04-03 08:44:25.421  INFO 404 --- [user-service] [pool-5-thread-10] com.zaxxer.hikari.HikariDataSource       : HikariPool-1 - Starting...
2025-04-03 08:44:26.433  INFO 404 --- [user-service] [pool-5-thread-4] com.zaxxer.hikari.HikariDataSource       : HikariPool-1 - Starting...
2025-04-03 08:44:27.443  INFO 404 --- [user-service] [pool-5-thread-8] com.zaxxer.hikari.HikariDataSource       : HikariPool-1 - Starting...
2025-04-03 08:44:28.450  INFO 404 --- [user-service] [pool-5-thread-1] com.zaxxer.hikari.HikariDataSource       : HikariPool-1 - Starting...
2025-04-03 08:44:29.462  INFO 404 --- [user-service] [pool-5-thread-8] com.zaxxer.hikari.HikariDataSource       : HikariPool-1 - Starting...
2025-04-03 08:44:30.465  INFO 404 --- [user-service] [pool-5-thread-4] com.zaxxer.hikari.HikariDataSource       : HikariPool-1 - Starting...
2025-04-03 08:44:31.477  INFO 404 --- [user-service] [pool-5-thread-10] com.zaxxer.hikari.HikariDataSource       : HikariPool-1 - Starting...
2025-04-03 08:44:32.479  INFO 404 --- [user-service] [pool-5-thread-9] com.zaxxer.hikari.HikariDataSource       : HikariPool-1 - Starting...
2025-04-03 08:44:33.493  INFO 404 --- [user-service] [pool-5-thread-7] com.zaxxer.hikari.HikariDataSource       : HikariPool-1 - Starting...
2025-04-03 08:44:34.495  INFO 404 --- [user-service] [pool-5-thread-5] com.zaxxer.hikari.HikariDataSource       : HikariPool-1 - Starting...
2025-04-03 08:44:35.505  INFO 404 --- [user-service] [pool-5-thread-6] com.zaxxer.hikari.HikariDataSource       : HikariPool-1 - Starting...
2025-04-03 08:44:36.511  INFO 404 --- [user-service] [pool-5-thread-3] com.zaxxer.hikari.HikariDataSource       : HikariPool-1 - Starting...
2025-04-03 08:44:37.526  INFO 404 --- [user-service] [pool-5-thread-2] com.zaxxer.hikari.HikariDataSource       : HikariPool-1 - Starting...
2025-04-03 08:44:38.539  INFO 404 --- [user-service] [pool-5-thread-3] com.zaxxer.hikari.HikariDataSource       : HikariPool-1 - Starting...
2025-04-03 08:44:39.546  INFO 404 --- [user-service] [pool-5-thread-6] com.zaxxer.hikari.HikariDataSource       : HikariPool-1 - Starting...
2025-04-03 08:44:40.558  INFO 404 --- [user-service] [pool-5-thread-5] com.zaxxer.hikari.HikariDataSource       : HikariPool-1 - Starting...
2025-04-03 08:44:41.570  INFO 404 --- [user-service] [pool-5-thread-7] com.zaxxer.hikari.HikariDataSource       : HikariPool-1 - Starting...
2025-04-03 08:44:42.573  INFO 404 --- [user-service] [pool-5-thread-9] com.zaxxer.hikari.HikariDataSource       : HikariPool-1 - Starting...
2025-04-03 08:44:43.575  INFO 404 --- [user-service] [pool-5-thread-10] com.zaxxer.hikari.HikariDataSource       : HikariPool-1 - Starting...
2025-04-03 08:44:44.581  INFO 404 --- [user-service] [pool-5-thread-4] com.zaxxer.hikari.HikariDataSource       : HikariPool-1 - Starting...
2025-04-03 08:44:45.590  INFO 404 --- [user-service] [pool-5-thread-8] com.zaxxer.hikari.HikariDataSource       : HikariPool-1 - Starting...
2025-04-03 08:44:46.602  INFO 404 --- [user-service] [pool-5-thread-1] com.zaxxer.hikari.HikariDataSource       : HikariPool-1 - Starting...
2025-04-03 08:44:47.615  INFO 404 --- [user-service] [pool-5-thread-8] com.zaxxer.hikari.HikariDataSource       : HikariPool-1 - Starting...
2025-04-03 08:44:48.633  INFO 404 --- [user-service] [pool-5-thread-4] com.zaxxer.hikari.HikariDataSource       : HikariPool-1 - Starting...
2025-04-03 08:44:49.635  INFO 404 --- [user-service] [pool-5-thread-10] com.zaxxer.hikari.HikariDataSource       : HikariPool-1 - Starting...
2025-04-03 08:44:50.638  INFO 404 --- [user-service] [pool-5-thread-9] com.zaxxer.hikari.HikariDataSource       : HikariPool-1 - Starting...
2025-04-03 08:44:51.645  INFO 404 --- [user-service] [pool-5-thread-7] com.zaxxer.hikari.HikariDataSource       : HikariPool-1 - Starting...
2025-04-03 08:44:52.648  INFO 404 --- [user-service] [pool-5-thread-5] com.zaxxer.hikari.HikariDataSource       : HikariPool-1 - Starting...
2025-04-03 08:44:53.652  INFO 404 --- [user-service] [pool-5-thread-6] com.zaxxer.hikari.HikariDataSource       : HikariPool-1 - Starting...
2025-04-03 08:44:54.661  INFO 404 --- [user-service] [pool-5-thread-3] com.zaxxer.hikari.HikariDataSource       : HikariPool-1 - Starting...
2025-04-03 08:44:55.673  INFO 404 --- [user-service] [pool-5-thread-2] com.zaxxer.hikari.HikariDataSource       : HikariPool-1 - Starting...
2025-04-03 08:44:56.688  INFO 404 --- [user-service] [pool-5-thread-3] com.zaxxer.hikari.HikariDataSource       : HikariPool-1 - Starting...
2025-04-03 08:44:57.698  INFO 404 --- [user-service] [pool-5-thread-6] com.zaxxer.hikari.HikariDataSource       : HikariPool-1 - Starting...
2025-04-03 08:44:58.700  INFO 404 --- [user-service] [pool-5-thread-5] com.zaxxer.hikari.HikariDataSource       : HikariPool-1 - Starting...
2025-04-03 08:44:59.708  INFO 404 --- [user-service] [pool-5-thread-7] com.zaxxer.hikari.HikariDataSource       : HikariPool-1 - Starting...
2025-04-03 08:45:00.716  INFO 404 --- [user-service] [pool-5-thread-9] com.zaxxer.hikari.HikariDataSource       : HikariPool-1 - Starting...
2025-04-03 08:45:01.723  INFO 404 --- [user-service] [pool-5-thread-10] com.zaxxer.hikari.HikariDataSource       : HikariPool-1 - Starting...
2025-04-03 08:45:02.731  INFO 404 --- [user-service] [pool-5-thread-4] com.zaxxer.hikari.HikariDataSource       : HikariPool-1 - Starting...
2025-04-03 08:45:03.740  INFO 404 --- [user-service] [pool-5-thread-8] com.zaxxer.hikari.HikariDataSource       : HikariPool-1 - Starting...
2025-04-03 08:45:04.756  INFO 404 --- [user-service] [pool-5-thread-1] com.zaxxer.hikari.HikariDataSource       : HikariPool-1 - Starting...
2025-04-03 08:45:05.758  INFO 404 --- [user-service] [pool-5-thread-8] com.zaxxer.hikari.HikariDataSource       : HikariPool-1 - Starting...
2025-04-03 08:45:06.768  INFO 404 --- [user-service] [pool-5-thread-4] com.zaxxer.hikari.HikariDataSource       : HikariPool-1 - Starting...
2025-04-03 08:45:07.784  INFO 404 --- [user-service] [pool-5-thread-10] com.zaxxer.hikari.HikariDataSource       : HikariPool-1 - Starting...
2025-04-03 08:45:08.794  INFO 404 --- [user-service] [pool-5-thread-9] com.zaxxer.hikari.HikariDataSource       : HikariPool-1 - Starting...
2025-04-03 08:45:09.804  INFO 404 --- [user-service] [pool-5-thread-7] com.zaxxer.hikari.HikariDataSource       : HikariPool-1 - Starting...
2025-04-03 08:45:10.807  INFO 404 --- [user-service] [pool-5-thread-5] com.zaxxer.hikari.HikariDataSource       : HikariPool-1 - Starting...
2025-04-03 08:45:11.816  INFO 404 --- [user-service] [pool-5-thread-6] com.zaxxer.hikari.HikariDataSource       : HikariPool-1 - Starting...
2025-04-03 08:45:12.823  INFO 404 --- [user-service] [pool-5-thread-3] com.zaxxer.hikari.HikariDataSource       : HikariPool-1 - Starting...
2025-04-03 08:45:13.836  INFO 404 --- [user-service] [pool-5-thread-2] com.zaxxer.hikari.HikariDataSource       : HikariPool-1 - Starting...
2025-04-03 08:45:14.840  INFO 404 --- [user-service] [pool-5-thread-3] com.zaxxer.hikari.HikariDataSource       : HikariPool-1 - Starting...
2025-04-03 08:45:15.855  INFO 404 --- [user-service] [pool-5-thread-6] com.zaxxer.hikari.HikariDataSource       : HikariPool-1 - Starting...
2025-04-03 08:45:16.860  INFO 404 --- [user-service] [pool-5-thread-5] com.zaxxer.hikari.HikariDataSource       : HikariPool-1 - Starting...
2025-04-03 08:45:17.871  INFO 404 --- [user-service] [pool-5-thread-7] com.zaxxer.hikari.HikariDataSource       : HikariPool-1 - Starting...
2025-04-03 08:45:18.885  INFO 404 --- [user-service] [pool-5-thread-9] com.zaxxer.hikari.HikariDataSource       : HikariPool-1 - Starting...
2025-04-03 08:45:19.899  INFO 404 --- [user-service] [pool-5-thread-10] com.zaxxer.hikari.HikariDataSource       : HikariPool-1 - Starting...
2025-04-03 08:45:20.902  INFO 404 --- [user-service] [pool-5-thread-4] com.zaxxer.hikari.HikariDataSource       : HikariPool-1 - Starting...
2025-04-03 08:45:21.908  INFO 404 --- [user-service] [pool-5-thread-8] com.zaxxer.hikari.HikariDataSource       : HikariPool-1 - Starting...
2025-04-03 08:45:22.911  INFO 404 --- [user-service] [pool-5-thread-1] com.zaxxer.hikari.HikariDataSource       : HikariPool-1 - Starting...
2025-04-03 08:45:23.925  INFO 404 --- [user-service] [pool-5-thread-8] com.zaxxer.hikari.HikariDataSource       : HikariPool-1 - Starting...
2025-04-03 08:45:24.926  INFO 404 --- [user-service] [pool-5-thread-4] com.zaxxer.hikari.HikariDataSource       : HikariPool-1 - Starting...
2025-04-03 08:45:25.941  INFO 404 --- [user-service] [pool-5-thread-10] com.zaxxer.hikari.HikariDataSource       : HikariPool-1 - Starting...
2025-04-03 08:45:26.944  INFO 404 --- [user-service] [pool-5-thread-9] com.zaxxer.hikari.HikariDataSource       : HikariPool-1 - Starting...
2025-04-03 08:45:27.950  INFO 404 --- [user-service] [pool-5-thread-7] com.zaxxer.hikari.HikariDataSource       : HikariPool-1 - Starting...
2025-04-03 08:45:28.958  INFO 404 --- [user-service] [pool-5-thread-5] com.zaxxer.hikari.HikariDataSource       : HikariPool-1 - Starting...
2025-04-03 08:45:29.961  INFO 404 --- [user-service] [pool-5-thread-6] com.zaxxer.hikari.HikariDataSource       : HikariPool-1 - Starting...
2025-04-03 08:45:30.969  INFO 404 --- [user-service] [pool-5-thread-3] com.zaxxer.hikari.HikariDataSource       : HikariPool-1 - Starting...
2025-04-03 08:45:31.985  INFO 404 --- [user-service] [pool-5-thread-2] com.zaxxer.hikari.HikariDataSource       : HikariPool-1 - Starting...
2025-04-03 08:45:32.993  INFO 404 --- [user-service] [pool-5-thread-3] com.zaxxer.hikari.HikariDataSource       : HikariPool-1 - Starting...
2025-04-03 08:45:34.005  INFO 404 --- [user-service] [pool-5-thread-6] com.zaxxer.hikari.HikariDataSource       : HikariPool-1 - Starting...
2025-04-03 08:45:35.012  INFO 404 --- [user-service] [pool-5-thread-5] com.zaxxer.hikari.HikariDataSource       : HikariPool-1 - Starting...
2025-04-03 08:45:36.022  INFO 404 --- [user-service] [pool-5-thread-7] com.zaxxer.hikari.HikariDataSource       : HikariPool-1 - Starting...
2025-04-03 08:45:37.030  INFO 404 --- [user-service] [pool-5-thread-9] com.zaxxer.hikari.HikariDataSource       : HikariPool-1 - Starting...
2025-04-03 08:45:38.036  INFO 404 --- [user-service] [pool-5-thread-10] com.zaxxer.hikari.HikariDataSource       : HikariPool-1 - Starting...
2025-04-03 08:45:39.041  INFO 404 --- [user-service] [pool-5-thread-4] com.zaxxer.hikari.HikariDataSource       : HikariPool-1 - Starting...
2025-04-03 08:45:40.050  INFO 404 --- [user-service] [pool-5-thread-8] com.zaxxer.hikari.HikariDataSource       : HikariPool-1 - Starting...
2025-04-03 08:45:41.052  INFO 404 --- [user-service] [pool-5-thread-1] com.zaxxer.hikari.HikariDataSource       : HikariPool-1 - Starting...
2025-04-03 08:45:42.055  INFO 404 --- [user-service] [pool-5-thread-8] com.zaxxer.hikari.HikariDataSource       : HikariPool-1 - Starting...
2025-04-03 08:45:43.066  INFO 404 --- [user-service] [pool-5-thread-4] com.zaxxer.hikari.HikariDataSource       : HikariPool-1 - Starting...
2025-04-03 08:45:44.073  INFO 404 --- [user-service] [pool-5-thread-10] com.zaxxer.hikari.HikariDataSource       : HikariPool-1 - Starting...
2025-04-03 08:45:45.076  INFO 404 --- [user-service] [pool-5-thread-9] com.zaxxer.hikari.HikariDataSource       : HikariPool-1 - Starting...
2025-04-03 08:45:46.078  INFO 404 --- [user-service] [pool-5-thread-7] com.zaxxer.hikari.HikariDataSource       : HikariPool-1 - Starting...
2025-04-03 08:45:47.089  INFO 404 --- [user-service] [pool-5-thread-5] com.zaxxer.hikari.HikariDataSource       : HikariPool-1 - Starting...
2025-04-03 08:45:48.091  INFO 404 --- [user-service] [pool-5-thread-6] com.zaxxer.hikari.HikariDataSource       : HikariPool-1 - Starting...
2025-04-03 08:45:49.096  INFO 404 --- [user-service] [pool-5-thread-3] com.zaxxer.hikari.HikariDataSource       : HikariPool-1 - Starting...
2025-04-03 08:45:50.101  INFO 404 --- [user-service] [pool-5-thread-2] com.zaxxer.hikari.HikariDataSource       : HikariPool-1 - Starting...
2025-04-03 08:45:51.103  INFO 404 --- [user-service] [pool-5-thread-3] com.zaxxer.hikari.HikariDataSource       : HikariPool-1 - Starting...
2025-04-03 08:45:52.110  INFO 404 --- [user-service] [pool-5-thread-6] com.zaxxer.hikari.HikariDataSource       : HikariPool-1 - Starting...
2025-04-03 08:45:53.124  INFO 404 --- [user-service] [pool-5-thread-5] com.zaxxer.hikari.HikariDataSource       : HikariPool-1 - Starting...
2025-04-03 08:45:54.132  INFO 404 --- [user-service] [pool-5-thread-7] com.zaxxer.hikari.HikariDataSource       : HikariPool-1 - Starting...
2025-04-03 08:45:55.141  INFO 404 --- [user-service] [pool-5-thread-9] com.zaxxer.hikari.HikariDataSource       : HikariPool-1 - Starting...
2025-04-03 08:45:56.158  INFO 404 --- [user-service] [pool-5-thread-10] com.zaxxer.hikari.HikariDataSource       : HikariPool-1 - Starting...
2025-04-03 08:45:57.165  INFO 404 --- [user-service] [pool-5-thread-4] com.zaxxer.hikari.HikariDataSource       : HikariPool-1 - Starting...
2025-04-03 08:45:58.176  INFO 404 --- [user-service] [pool-5-thread-8] com.zaxxer.hikari.HikariDataSource       : HikariPool-1 - Starting...
2025-04-03 08:45:59.189  INFO 404 --- [user-service] [pool-5-thread-1] com.zaxxer.hikari.HikariDataSource       : HikariPool-1 - Starting...
2025-04-03 08:46:00.201  INFO 404 --- [user-service] [pool-5-thread-8] com.zaxxer.hikari.HikariDataSource       : HikariPool-1 - Starting...
2025-04-03 08:46:01.212  INFO 404 --- [user-service] [pool-5-thread-4] com.zaxxer.hikari.HikariDataSource       : HikariPool-1 - Starting...
2025-04-03 08:46:02.214  INFO 404 --- [user-service] [pool-5-thread-10] com.zaxxer.hikari.HikariDataSource       : HikariPool-1 - Starting...
2025-04-03 08:46:03.224  INFO 404 --- [user-service] [pool-5-thread-9] com.zaxxer.hikari.HikariDataSource       : HikariPool-1 - Starting...
2025-04-03 08:46:04.238  INFO 404 --- [user-service] [pool-5-thread-7] com.zaxxer.hikari.HikariDataSource       : HikariPool-1 - Starting...
2025-04-03 08:46:05.245  INFO 404 --- [user-service] [pool-5-thread-5] com.zaxxer.hikari.HikariDataSource       : HikariPool-1 - Starting...
2025-04-03 08:46:06.254  INFO 404 --- [user-service] [pool-5-thread-6] com.zaxxer.hikari.HikariDataSource       : HikariPool-1 - Starting...
2025-04-03 08:46:07.257  INFO 404 --- [user-service] [pool-5-thread-3] com.zaxxer.hikari.HikariDataSource       : HikariPool-1 - Starting...
2025-04-03 08:46:08.268  INFO 404 --- [user-service] [pool-5-thread-2] com.zaxxer.hikari.HikariDataSource       : HikariPool-1 - Starting...
2025-04-03 08:46:09.270  INFO 404 --- [user-service] [pool-5-thread-3] com.zaxxer.hikari.HikariDataSource       : HikariPool-1 - Starting...
2025-04-03 08:46:10.275  INFO 404 --- [user-service] [pool-5-thread-6] com.zaxxer.hikari.HikariDataSource       : HikariPool-1 - Starting...
2025-04-03 08:46:11.281  INFO 404 --- [user-service] [pool-5-thread-5] com.zaxxer.hikari.HikariDataSource       : HikariPool-1 - Starting...
2025-04-03 08:46:12.283  INFO 404 --- [user-service] [pool-5-thread-7] com.zaxxer.hikari.HikariDataSource       : HikariPool-1 - Starting...
2025-04-03 08:46:13.287  INFO 404 --- [user-service] [pool-5-thread-9] com.zaxxer.hikari.HikariDataSource       : HikariPool-1 - Starting...
2025-04-03 08:46:14.297  INFO 404 --- [user-service] [pool-5-thread-10] com.zaxxer.hikari.HikariDataSource       : HikariPool-1 - Starting...
2025-04-03 08:46:15.305  INFO 404 --- [user-service] [pool-5-thread-4] com.zaxxer.hikari.HikariDataSource       : HikariPool-1 - Starting...
2025-04-03 08:46:16.319  INFO 404 --- [user-service] [pool-5-thread-8] com.zaxxer.hikari.HikariDataSource       : HikariPool-1 - Starting...
2025-04-03 08:46:17.322  INFO 404 --- [user-service] [pool-5-thread-1] com.zaxxer.hikari.HikariDataSource       : HikariPool-1 - Starting...
2025-04-03 08:46:18.339  INFO 404 --- [user-service] [pool-5-thread-8] com.zaxxer.hikari.HikariDataSource       : HikariPool-1 - Starting...
2025-04-03 08:46:19.343  INFO 404 --- [user-service] [pool-5-thread-4] com.zaxxer.hikari.HikariDataSource       : HikariPool-1 - Starting...
2025-04-03 08:46:20.349  INFO 404 --- [user-service] [pool-5-thread-10] com.zaxxer.hikari.HikariDataSource       : HikariPool-1 - Starting...
2025-04-03 08:46:21.355  INFO 404 --- [user-service] [pool-5-thread-9] com.zaxxer.hikari.HikariDataSource       : HikariPool-1 - Starting...
2025-04-03 08:46:22.360  INFO 404 --- [user-service] [pool-5-thread-7] com.zaxxer.hikari.HikariDataSource       : HikariPool-1 - Starting...
2025-04-03 08:46:23.367  INFO 404 --- [user-service] [pool-5-thread-5] com.zaxxer.hikari.HikariDataSource       : HikariPool-1 - Starting...
2025-04-03 08:46:24.382  INFO 404 --- [user-service] [pool-5-thread-6] com.zaxxer.hikari.HikariDataSource       : HikariPool-1 - Starting...
2025-04-03 08:46:25.385  INFO 404 --- [user-service] [pool-5-thread-3] com.zaxxer.hikari.HikariDataSource       : HikariPool-1 - Starting...
2025-04-03 08:46:26.390  INFO 404 --- [user-service] [pool-5-thread-2] com.zaxxer.hikari.HikariDataSource       : HikariPool-1 - Starting...
2025-04-03 08:46:27.391  INFO 404 --- [user-service] [pool-5-thread-3] com.zaxxer.hikari.HikariDataSource       : HikariPool-1 - Starting...
2025-04-03 08:46:28.397  INFO 404 --- [user-service] [pool-5-thread-6] com.zaxxer.hikari.HikariDataSource       : HikariPool-1 - Starting...
2025-04-03 08:46:29.404  INFO 404 --- [user-service] [pool-5-thread-5] com.zaxxer.hikari.HikariDataSource       : HikariPool-1 - Starting...
2025-04-03 08:46:30.409  INFO 404 --- [user-service] [pool-5-thread-7] com.zaxxer.hikari.HikariDataSource       : HikariPool-1 - Starting...
2025-04-03 08:46:31.412  INFO 404 --- [user-service] [pool-5-thread-9] com.zaxxer.hikari.HikariDataSource       : HikariPool-1 - Starting...
2025-04-03 08:46:32.416  INFO 404 --- [user-service] [pool-5-thread-10] com.zaxxer.hikari.HikariDataSource       : HikariPool-1 - Starting...
2025-04-03 08:46:33.422  INFO 404 --- [user-service] [pool-5-thread-4] com.zaxxer.hikari.HikariDataSource       : HikariPool-1 - Starting...
2025-04-03 08:46:34.427  INFO 404 --- [user-service] [pool-5-thread-8] com.zaxxer.hikari.HikariDataSource       : HikariPool-1 - Starting...
2025-04-03 08:46:35.430  INFO 404 --- [user-service] [pool-5-thread-1] com.zaxxer.hikari.HikariDataSource       : HikariPool-1 - Starting...
2025-04-03 08:46:36.434  INFO 404 --- [user-service] [pool-5-thread-8] com.zaxxer.hikari.HikariDataSource       : HikariPool-1 - Starting...
2025-04-03 08:46:37.440  INFO 404 --- [user-service] [pool-5-thread-4] com.zaxxer.hikari.HikariDataSource       : HikariPool-1 - Starting...
2025-04-03 08:46:38.446  INFO 404 --- [user-service] [pool-5-thread-10] com.zaxxer.hikari.HikariDataSource       : HikariPool-1 - Starting...
2025-04-03 08:46:39.458  INFO 404 --- [user-service] [pool-5-thread-9] com.zaxxer.hikari.HikariDataSource       : HikariPool-1 - Starting...
2025-04-03 08:46:40.460  INFO 404 --- [user-service] [pool-5-thread-7] com.zaxxer.hikari.HikariDataSource       : HikariPool-1 - Starting...
2025-04-03 08:46:41.465  INFO 404 --- [user-service] [pool-5-thread-5] com.zaxxer.hikari.HikariDataSource       : HikariPool-1 - Starting...
2025-04-03 08:46:42.471  INFO 404 --- [user-service] [pool-5-thread-6] com.zaxxer.hikari.HikariDataSource       : HikariPool-1 - Starting...
2025-04-03 08:46:43.477  INFO 404 --- [user-service] [pool-5-thread-3] com.zaxxer.hikari.HikariDataSource       : HikariPool-1 - Starting...
2025-04-03 08:46:44.483  INFO 404 --- [user-service] [pool-5-thread-2] com.zaxxer.hikari.HikariDataSource       : HikariPool-1 - Starting...
2025-04-03 08:46:45.485  INFO 404 --- [user-service] [pool-5-thread-3] com.zaxxer.hikari.HikariDataSource       : HikariPool-1 - Starting...
2025-04-03 08:46:46.489  INFO 404 --- [user-service] [pool-5-thread-6] com.zaxxer.hikari.HikariDataSource       : HikariPool-1 - Starting...
2025-04-03 08:46:47.504  INFO 404 --- [user-service] [pool-5-thread-5] com.zaxxer.hikari.HikariDataSource       : HikariPool-1 - Starting...
2025-04-03 08:46:48.505  INFO 404 --- [user-service] [pool-5-thread-7] com.zaxxer.hikari.HikariDataSource       : HikariPool-1 - Starting...
2025-04-03 08:46:49.508  INFO 404 --- [user-service] [pool-5-thread-9] com.zaxxer.hikari.HikariDataSource       : HikariPool-1 - Starting...
2025-04-03 08:46:50.514  INFO 404 --- [user-service] [pool-5-thread-10] com.zaxxer.hikari.HikariDataSource       : HikariPool-1 - Starting...
2025-04-03 08:46:51.517  INFO 404 --- [user-service] [pool-5-thread-4] com.zaxxer.hikari.HikariDataSource       : HikariPool-1 - Starting...
2025-04-03 08:46:52.521  INFO 404 --- [user-service] [pool-5-thread-8] com.zaxxer.hikari.HikariDataSource       : HikariPool-1 - Starting...
2025-04-03 08:46:53.524  INFO 404 --- [user-service] [pool-5-thread-1] com.zaxxer.hikari.HikariDataSource       : HikariPool-1 - Starting...
2025-04-03 08:46:54.527  INFO 404 --- [user-service] [pool-5-thread-8] com.zaxxer.hikari.HikariDataSource       : HikariPool-1 - Starting...
2025-04-03 08:46:55.533  INFO 404 --- [user-service] [pool-5-thread-4] com.zaxxer.hikari.HikariDataSource       : HikariPool-1 - Starting...
2025-04-03 08:46:56.540  INFO 404 --- [user-service] [pool-5-thread-10] com.zaxxer.hikari.HikariDataSource       : HikariPool-1 - Starting...
2025-04-03 08:46:57.545  INFO 404 --- [user-service] [pool-5-thread-9] com.zaxxer.hikari.HikariDataSource       : HikariPool-1 - Starting...
2025-04-03 08:46:58.547  INFO 404 --- [user-service] [pool-5-thread-7] com.zaxxer.hikari.HikariDataSource       : HikariPool-1 - Starting...
2025-04-03 08:46:59.552  INFO 404 --- [user-service] [pool-5-thread-5] com.zaxxer.hikari.HikariDataSource       : HikariPool-1 - Starting...
2025-04-03 08:47:00.557  INFO 404 --- [user-service] [pool-5-thread-6] com.zaxxer.hikari.HikariDataSource       : HikariPool-1 - Starting...
2025-04-03 08:47:01.563  INFO 404 --- [user-service] [pool-5-thread-3] com.zaxxer.hikari.HikariDataSource       : HikariPool-1 - Starting...
2025-04-03 08:47:02.571  INFO 404 --- [user-service] [pool-5-thread-2] com.zaxxer.hikari.HikariDataSource       : HikariPool-1 - Starting...
2025-04-03 08:47:03.576  INFO 404 --- [user-service] [pool-5-thread-3] com.zaxxer.hikari.HikariDataSource       : HikariPool-1 - Starting...
2025-04-03 08:47:04.578  INFO 404 --- [user-service] [pool-5-thread-6] com.zaxxer.hikari.HikariDataSource       : HikariPool-1 - Starting...
2025-04-03 08:47:05.590  INFO 404 --- [user-service] [pool-5-thread-5] com.zaxxer.hikari.HikariDataSource       : HikariPool-1 - Starting...
2025-04-03 08:47:06.596  INFO 404 --- [user-service] [pool-5-thread-7] com.zaxxer.hikari.HikariDataSource       : HikariPool-1 - Starting...
2025-04-03 08:47:07.598  INFO 404 --- [user-service] [pool-5-thread-9] com.zaxxer.hikari.HikariDataSource       : HikariPool-1 - Starting...
2025-04-03 08:47:08.600  INFO 404 --- [user-service] [pool-5-thread-10] com.zaxxer.hikari.HikariDataSource       : HikariPool-1 - Starting...
2025-04-03 08:47:09.606  INFO 404 --- [user-service] [pool-5-thread-4] com.zaxxer.hikari.HikariDataSource       : HikariPool-1 - Starting...
2025-04-03 08:47:10.613  INFO 404 --- [user-service] [pool-5-thread-8] com.zaxxer.hikari.HikariDataSource       : HikariPool-1 - Starting...
2025-04-03 08:47:11.618  INFO 404 --- [user-service] [pool-5-thread-1] com.zaxxer.hikari.HikariDataSource       : HikariPool-1 - Starting...
2025-04-03 08:47:12.625  INFO 404 --- [user-service] [pool-5-thread-8] com.zaxxer.hikari.HikariDataSource       : HikariPool-1 - Starting...
2025-04-03 08:47:13.628  INFO 404 --- [user-service] [pool-5-thread-4] com.zaxxer.hikari.HikariDataSource       : HikariPool-1 - Starting...
2025-04-03 08:47:14.630  INFO 404 --- [user-service] [pool-5-thread-10] com.zaxxer.hikari.HikariDataSource       : HikariPool-1 - Starting...
2025-04-03 08:47:15.637  INFO 404 --- [user-service] [pool-5-thread-9] com.zaxxer.hikari.HikariDataSource       : HikariPool-1 - Starting...
2025-04-03 08:47:16.643  INFO 404 --- [user-service] [pool-5-thread-7] com.zaxxer.hikari.HikariDataSource       : HikariPool-1 - Starting...
2025-04-03 08:47:17.645  INFO 404 --- [user-service] [pool-5-thread-5] com.zaxxer.hikari.HikariDataSource       : HikariPool-1 - Starting...
2025-04-03 08:47:18.649  INFO 404 --- [user-service] [pool-5-thread-6] com.zaxxer.hikari.HikariDataSource       : HikariPool-1 - Starting...
2025-04-03 08:47:19.652  INFO 404 --- [user-service] [pool-5-thread-3] com.zaxxer.hikari.HikariDataSource       : HikariPool-1 - Starting...
2025-04-03 08:47:20.656  INFO 404 --- [user-service] [pool-5-thread-2] com.zaxxer.hikari.HikariDataSource       : HikariPool-1 - Starting...
2025-04-03 08:47:21.661  INFO 404 --- [user-service] [pool-5-thread-3] com.zaxxer.hikari.HikariDataSource       : HikariPool-1 - Starting...
2025-04-03 08:47:22.668  INFO 404 --- [user-service] [pool-5-thread-6] com.zaxxer.hikari.HikariDataSource       : HikariPool-1 - Starting...
2025-04-03 08:47:23.674  INFO 404 --- [user-service] [pool-5-thread-5] com.zaxxer.hikari.HikariDataSource       : HikariPool-1 - Starting...
2025-04-03 08:47:24.680  INFO 404 --- [user-service] [pool-5-thread-7] com.zaxxer.hikari.HikariDataSource       : HikariPool-1 - Starting...
2025-04-03 08:47:25.694  INFO 404 --- [user-service] [pool-5-thread-9] com.zaxxer.hikari.HikariDataSource       : HikariPool-1 - Starting...
2025-04-03 08:47:26.698  INFO 404 --- [user-service] [pool-5-thread-10] com.zaxxer.hikari.HikariDataSource       : HikariPool-1 - Starting...
2025-04-03 08:47:27.705  INFO 404 --- [user-service] [pool-5-thread-4] com.zaxxer.hikari.HikariDataSource       : HikariPool-1 - Starting...
2025-04-03 08:47:28.710  INFO 404 --- [user-service] [pool-5-thread-8] com.zaxxer.hikari.HikariDataSource       : HikariPool-1 - Starting...
2025-04-03 08:47:29.712  INFO 404 --- [user-service] [pool-5-thread-1] com.zaxxer.hikari.HikariDataSource       : HikariPool-1 - Starting...
2025-04-03 08:47:30.717  INFO 404 --- [user-service] [pool-5-thread-8] com.zaxxer.hikari.HikariDataSource       : HikariPool-1 - Starting...
2025-04-03 08:47:31.723  INFO 404 --- [user-service] [pool-5-thread-4] com.zaxxer.hikari.HikariDataSource       : HikariPool-1 - Starting...
2025-04-03 08:47:32.729  INFO 404 --- [user-service] [pool-5-thread-10] com.zaxxer.hikari.HikariDataSource       : HikariPool-1 - Starting...
2025-04-03 08:47:33.735  INFO 404 --- [user-service] [pool-5-thread-9] com.zaxxer.hikari.HikariDataSource       : HikariPool-1 - Starting...
2025-04-03 08:47:34.742  INFO 404 --- [user-service] [pool-5-thread-7] com.zaxxer.hikari.HikariDataSource       : HikariPool-1 - Starting...
2025-04-03 08:47:35.747  INFO 404 --- [user-service] [pool-5-thread-5] com.zaxxer.hikari.HikariDataSource       : HikariPool-1 - Starting...
2025-04-03 08:47:36.754  INFO 404 --- [user-service] [pool-5-thread-6] com.zaxxer.hikari.HikariDataSource       : HikariPool-1 - Starting...
2025-04-03 08:47:37.762  INFO 404 --- [user-service] [pool-5-thread-3] com.zaxxer.hikari.HikariDataSource       : HikariPool-1 - Starting...
2025-04-03 08:47:38.767  INFO 404 --- [user-service] [pool-5-thread-2] com.zaxxer.hikari.HikariDataSource       : HikariPool-1 - Starting...
2025-04-03 08:47:39.769  INFO 404 --- [user-service] [pool-5-thread-3] com.zaxxer.hikari.HikariDataSource       : HikariPool-1 - Starting...
2025-04-03 08:47:40.772  INFO 404 --- [user-service] [pool-5-thread-6] com.zaxxer.hikari.HikariDataSource       : HikariPool-1 - Starting...
2025-04-03 08:47:41.775  INFO 404 --- [user-service] [pool-5-thread-5] com.zaxxer.hikari.HikariDataSource       : HikariPool-1 - Starting...
2025-04-03 08:47:42.788  INFO 404 --- [user-service] [pool-5-thread-7] com.zaxxer.hikari.HikariDataSource       : HikariPool-1 - Starting...
2025-04-03 08:47:43.804  INFO 404 --- [user-service] [pool-5-thread-9] com.zaxxer.hikari.HikariDataSource       : HikariPool-1 - Starting...
2025-04-03 08:47:44.807  INFO 404 --- [user-service] [pool-5-thread-10] com.zaxxer.hikari.HikariDataSource       : HikariPool-1 - Starting...
2025-04-03 08:47:45.815  INFO 404 --- [user-service] [pool-5-thread-4] com.zaxxer.hikari.HikariDataSource       : HikariPool-1 - Starting...
2025-04-03 08:47:46.821  INFO 404 --- [user-service] [pool-5-thread-8] com.zaxxer.hikari.HikariDataSource       : HikariPool-1 - Starting...
2025-04-03 08:47:47.823  INFO 404 --- [user-service] [pool-5-thread-1] com.zaxxer.hikari.HikariDataSource       : HikariPool-1 - Starting...
2025-04-03 08:47:48.836  INFO 404 --- [user-service] [pool-5-thread-8] com.zaxxer.hikari.HikariDataSource       : HikariPool-1 - Starting...
2025-04-03 08:47:49.839  INFO 404 --- [user-service] [pool-5-thread-4] com.zaxxer.hikari.HikariDataSource       : HikariPool-1 - Starting...
2025-04-03 08:47:50.846  INFO 404 --- [user-service] [pool-5-thread-10] com.zaxxer.hikari.HikariDataSource       : HikariPool-1 - Starting...
2025-04-03 08:47:51.852  INFO 404 --- [user-service] [pool-5-thread-9] com.zaxxer.hikari.HikariDataSource       : HikariPool-1 - Starting...
2025-04-03 08:47:52.858  INFO 404 --- [user-service] [pool-5-thread-7] com.zaxxer.hikari.HikariDataSource       : HikariPool-1 - Starting...
2025-04-03 08:47:53.868  INFO 404 --- [user-service] [pool-5-thread-5] com.zaxxer.hikari.HikariDataSource       : HikariPool-1 - Starting...
2025-04-03 08:47:54.876  INFO 404 --- [user-service] [pool-5-thread-6] com.zaxxer.hikari.HikariDataSource       : HikariPool-1 - Starting...
2025-04-03 08:47:55.878  INFO 404 --- [user-service] [pool-5-thread-3] com.zaxxer.hikari.HikariDataSource       : HikariPool-1 - Starting...
2025-04-03 08:47:56.894  INFO 404 --- [user-service] [pool-5-thread-2] com.zaxxer.hikari.HikariDataSource       : HikariPool-1 - Starting...
2025-04-03 08:47:57.896  INFO 404 --- [user-service] [pool-5-thread-3] com.zaxxer.hikari.HikariDataSource       : HikariPool-1 - Starting...
2025-04-03 08:47:58.904  INFO 404 --- [user-service] [pool-5-thread-6] com.zaxxer.hikari.HikariDataSource       : HikariPool-1 - Starting...
2025-04-03 08:47:59.906  INFO 404 --- [user-service] [pool-5-thread-5] com.zaxxer.hikari.HikariDataSource       : HikariPool-1 - Starting...
2025-04-03 08:48:00.916  INFO 404 --- [user-service] [pool-5-thread-7] com.zaxxer.hikari.HikariDataSource       : HikariPool-1 - Starting...
2025-04-03 08:48:01.920  INFO 404 --- [user-service] [pool-5-thread-9] com.zaxxer.hikari.HikariDataSource       : HikariPool-1 - Starting...
2025-04-03 08:48:02.925  INFO 404 --- [user-service] [pool-5-thread-10] com.zaxxer.hikari.HikariDataSource       : HikariPool-1 - Starting...
2025-04-03 08:48:03.931  INFO 404 --- [user-service] [pool-5-thread-4] com.zaxxer.hikari.HikariDataSource       : HikariPool-1 - Starting...
2025-04-03 08:48:04.939  INFO 404 --- [user-service] [pool-5-thread-8] com.zaxxer.hikari.HikariDataSource       : HikariPool-1 - Starting...
2025-04-03 08:48:05.944  INFO 404 --- [user-service] [pool-5-thread-1] com.zaxxer.hikari.HikariDataSource       : HikariPool-1 - Starting...
2025-04-03 08:48:06.955  INFO 404 --- [user-service] [pool-5-thread-8] com.zaxxer.hikari.HikariDataSource       : HikariPool-1 - Starting...
2025-04-03 08:48:07.971  INFO 404 --- [user-service] [pool-5-thread-4] com.zaxxer.hikari.HikariDataSource       : HikariPool-1 - Starting...
2025-04-03 08:48:08.986  INFO 404 --- [user-service] [pool-5-thread-10] com.zaxxer.hikari.HikariDataSource       : HikariPool-1 - Starting...
2025-04-03 08:48:09.997  INFO 404 --- [user-service] [pool-5-thread-9] com.zaxxer.hikari.HikariDataSource       : HikariPool-1 - Starting...
2025-04-03 08:48:11.005  INFO 404 --- [user-service] [pool-5-thread-7] com.zaxxer.hikari.HikariDataSource       : HikariPool-1 - Starting...
2025-04-03 08:48:12.008  INFO 404 --- [user-service] [pool-5-thread-5] com.zaxxer.hikari.HikariDataSource       : HikariPool-1 - Starting...
2025-04-03 08:48:13.014  INFO 404 --- [user-service] [pool-5-thread-6] com.zaxxer.hikari.HikariDataSource       : HikariPool-1 - Starting...
2025-04-03 08:48:14.020  INFO 404 --- [user-service] [pool-5-thread-3] com.zaxxer.hikari.HikariDataSource       : HikariPool-1 - Starting...
2025-04-03 08:48:15.032  INFO 404 --- [user-service] [pool-5-thread-2] com.zaxxer.hikari.HikariDataSource       : HikariPool-1 - Starting...
2025-04-03 08:48:16.035  INFO 404 --- [user-service] [pool-5-thread-3] com.zaxxer.hikari.HikariDataSource       : HikariPool-1 - Starting...
2025-04-03 08:48:17.043  INFO 404 --- [user-service] [pool-5-thread-6] com.zaxxer.hikari.HikariDataSource       : HikariPool-1 - Starting...
2025-04-03 08:48:18.045  INFO 404 --- [user-service] [pool-5-thread-5] com.zaxxer.hikari.HikariDataSource       : HikariPool-1 - Starting...
2025-04-03 08:48:19.047  INFO 404 --- [user-service] [pool-5-thread-7] com.zaxxer.hikari.HikariDataSource       : HikariPool-1 - Starting...
2025-04-03 08:48:20.058  INFO 404 --- [user-service] [pool-5-thread-9] com.zaxxer.hikari.HikariDataSource       : HikariPool-1 - Starting...
2025-04-03 08:48:21.066  INFO 404 --- [user-service] [pool-5-thread-10] com.zaxxer.hikari.HikariDataSource       : HikariPool-1 - Starting...
2025-04-03 08:48:22.070  INFO 404 --- [user-service] [pool-5-thread-4] com.zaxxer.hikari.HikariDataSource       : HikariPool-1 - Starting...
2025-04-03 08:48:23.082  INFO 404 --- [user-service] [pool-5-thread-8] com.zaxxer.hikari.HikariDataSource       : HikariPool-1 - Starting...
2025-04-03 08:48:24.084  INFO 404 --- [user-service] [pool-5-thread-1] com.zaxxer.hikari.HikariDataSource       : HikariPool-1 - Starting...
2025-04-03 08:48:25.089  INFO 404 --- [user-service] [pool-5-thread-8] com.zaxxer.hikari.HikariDataSource       : HikariPool-1 - Starting...
2025-04-03 08:48:26.093  INFO 404 --- [user-service] [pool-5-thread-4] com.zaxxer.hikari.HikariDataSource       : HikariPool-1 - Starting...
2025-04-03 08:48:27.100  INFO 404 --- [user-service] [pool-5-thread-10] com.zaxxer.hikari.HikariDataSource       : HikariPool-1 - Starting...
2025-04-03 08:48:28.103  INFO 404 --- [user-service] [pool-5-thread-9] com.zaxxer.hikari.HikariDataSource       : HikariPool-1 - Starting...
2025-04-03 08:48:29.106  INFO 404 --- [user-service] [pool-5-thread-7] com.zaxxer.hikari.HikariDataSource       : HikariPool-1 - Starting...
2025-04-03 08:48:30.118  INFO 404 --- [user-service] [pool-5-thread-5] com.zaxxer.hikari.HikariDataSource       : HikariPool-1 - Starting...
2025-04-03 08:48:31.130  INFO 404 --- [user-service] [pool-5-thread-6] com.zaxxer.hikari.HikariDataSource       : HikariPool-1 - Starting...
2025-04-03 08:48:32.136  INFO 404 --- [user-service] [pool-5-thread-3] com.zaxxer.hikari.HikariDataSource       : HikariPool-1 - Starting...
2025-04-03 08:48:33.145  INFO 404 --- [user-service] [pool-5-thread-2] com.zaxxer.hikari.HikariDataSource       : HikariPool-1 - Starting...
2025-04-03 08:48:34.148  INFO 404 --- [user-service] [pool-5-thread-3] com.zaxxer.hikari.HikariDataSource       : HikariPool-1 - Starting...
2025-04-03 08:48:35.151  INFO 404 --- [user-service] [pool-5-thread-6] com.zaxxer.hikari.HikariDataSource       : HikariPool-1 - Starting...
2025-04-03 08:48:36.163  INFO 404 --- [user-service] [pool-5-thread-5] com.zaxxer.hikari.HikariDataSource       : HikariPool-1 - Starting...
2025-04-03 08:48:37.166  INFO 404 --- [user-service] [pool-5-thread-7] com.zaxxer.hikari.HikariDataSource       : HikariPool-1 - Starting...
2025-04-03 08:48:38.170  INFO 404 --- [user-service] [pool-5-thread-9] com.zaxxer.hikari.HikariDataSource       : HikariPool-1 - Starting...
2025-04-03 08:48:39.179  INFO 404 --- [user-service] [pool-5-thread-10] com.zaxxer.hikari.HikariDataSource       : HikariPool-1 - Starting...
2025-04-03 08:48:40.184  INFO 404 --- [user-service] [pool-5-thread-4] com.zaxxer.hikari.HikariDataSource       : HikariPool-1 - Starting...
2025-04-03 08:48:41.193  INFO 404 --- [user-service] [pool-5-thread-8] com.zaxxer.hikari.HikariDataSource       : HikariPool-1 - Starting...
2025-04-03 08:48:42.207  INFO 404 --- [user-service] [pool-5-thread-1] com.zaxxer.hikari.HikariDataSource       : HikariPool-1 - Starting...
2025-04-03 08:48:43.212  INFO 404 --- [user-service] [pool-5-thread-8] com.zaxxer.hikari.HikariDataSource       : HikariPool-1 - Starting...
2025-04-03 08:48:44.219  INFO 404 --- [user-service] [pool-5-thread-4] com.zaxxer.hikari.HikariDataSource       : HikariPool-1 - Starting...
2025-04-03 08:48:45.235  INFO 404 --- [user-service] [pool-5-thread-10] com.zaxxer.hikari.HikariDataSource       : HikariPool-1 - Starting...
2025-04-03 08:48:46.237  INFO 404 --- [user-service] [pool-5-thread-9] com.zaxxer.hikari.HikariDataSource       : HikariPool-1 - Starting...
2025-04-03 08:48:47.242  INFO 404 --- [user-service] [pool-5-thread-7] com.zaxxer.hikari.HikariDataSource       : HikariPool-1 - Starting...
2025-04-03 08:48:48.244  INFO 404 --- [user-service] [pool-5-thread-5] com.zaxxer.hikari.HikariDataSource       : HikariPool-1 - Starting...
2025-04-03 08:48:49.249  INFO 404 --- [user-service] [pool-5-thread-6] com.zaxxer.hikari.HikariDataSource       : HikariPool-1 - Starting...
2025-04-03 08:48:50.267  INFO 404 --- [user-service] [pool-5-thread-3] com.zaxxer.hikari.HikariDataSource       : HikariPool-1 - Starting...
2025-04-03 08:48:51.272  INFO 404 --- [user-service] [pool-5-thread-2] com.zaxxer.hikari.HikariDataSource       : HikariPool-1 - Starting...
2025-04-03 08:48:52.275  INFO 404 --- [user-service] [pool-5-thread-3] com.zaxxer.hikari.HikariDataSource       : HikariPool-1 - Starting...
2025-04-03 08:48:53.280  INFO 404 --- [user-service] [pool-5-thread-6] com.zaxxer.hikari.HikariDataSource       : HikariPool-1 - Starting...
2025-04-03 08:48:54.295  INFO 404 --- [user-service] [pool-5-thread-5] com.zaxxer.hikari.HikariDataSource       : HikariPool-1 - Starting...
2025-04-03 08:48:55.296  INFO 404 --- [user-service] [pool-5-thread-7] com.zaxxer.hikari.HikariDataSource       : HikariPool-1 - Starting...
2025-04-03 08:48:56.298  INFO 404 --- [user-service] [pool-5-thread-9] com.zaxxer.hikari.HikariDataSource       : HikariPool-1 - Starting...
2025-04-03 08:48:57.304  INFO 404 --- [user-service] [pool-5-thread-10] com.zaxxer.hikari.HikariDataSource       : HikariPool-1 - Starting...
2025-04-03 08:48:58.306  INFO 404 --- [user-service] [pool-5-thread-4] com.zaxxer.hikari.HikariDataSource       : HikariPool-1 - Starting...
2025-04-03 08:48:59.317  INFO 404 --- [user-service] [pool-5-thread-8] com.zaxxer.hikari.HikariDataSource       : HikariPool-1 - Starting...
2025-04-03 08:49:00.320  INFO 404 --- [user-service] [pool-5-thread-1] com.zaxxer.hikari.HikariDataSource       : HikariPool-1 - Starting...
2025-04-03 08:49:01.329  INFO 404 --- [user-service] [pool-5-thread-8] com.zaxxer.hikari.HikariDataSource       : HikariPool-1 - Starting...
2025-04-03 08:49:02.337  INFO 404 --- [user-service] [pool-5-thread-4] com.zaxxer.hikari.HikariDataSource       : HikariPool-1 - Starting...
2025-04-03 08:49:03.339  INFO 404 --- [user-service] [pool-5-thread-10] com.zaxxer.hikari.HikariDataSource       : HikariPool-1 - Starting...
2025-04-03 08:49:04.354  INFO 404 --- [user-service] [pool-5-thread-9] com.zaxxer.hikari.HikariDataSource       : HikariPool-1 - Starting...
2025-04-03 08:49:05.360  INFO 404 --- [user-service] [pool-5-thread-7] com.zaxxer.hikari.HikariDataSource       : HikariPool-1 - Starting...
2025-04-03 08:49:06.366  INFO 404 --- [user-service] [pool-5-thread-5] com.zaxxer.hikari.HikariDataSource       : HikariPool-1 - Starting...
2025-04-03 08:49:07.372  INFO 404 --- [user-service] [pool-5-thread-6] com.zaxxer.hikari.HikariDataSource       : HikariPool-1 - Starting...
2025-04-03 08:49:08.378  INFO 404 --- [user-service] [pool-5-thread-3] com.zaxxer.hikari.HikariDataSource       : HikariPool-1 - Starting...
2025-04-03 08:49:09.396  INFO 404 --- [user-service] [pool-5-thread-2] com.zaxxer.hikari.HikariDataSource       : HikariPool-1 - Starting...
2025-04-03 08:49:10.402  INFO 404 --- [user-service] [pool-5-thread-3] com.zaxxer.hikari.HikariDataSource       : HikariPool-1 - Starting...
2025-04-03 08:49:11.404  INFO 404 --- [user-service] [pool-5-thread-6] com.zaxxer.hikari.HikariDataSource       : HikariPool-1 - Starting...
2025-04-03 08:49:12.407  INFO 404 --- [user-service] [pool-5-thread-5] com.zaxxer.hikari.HikariDataSource       : HikariPool-1 - Starting...
2025-04-03 08:49:13.421  INFO 404 --- [user-service] [pool-5-thread-7] com.zaxxer.hikari.HikariDataSource       : HikariPool-1 - Starting...
2025-04-03 08:49:14.431  INFO 404 --- [user-service] [pool-5-thread-9] com.zaxxer.hikari.HikariDataSource       : HikariPool-1 - Starting...
2025-04-03 08:49:15.433  INFO 404 --- [user-service] [pool-5-thread-10] com.zaxxer.hikari.HikariDataSource       : HikariPool-1 - Starting...
2025-04-03 08:49:16.445  INFO 404 --- [user-service] [pool-5-thread-4] com.zaxxer.hikari.HikariDataSource       : HikariPool-1 - Starting...
2025-04-03 08:49:17.448  INFO 404 --- [user-service] [pool-5-thread-8] com.zaxxer.hikari.HikariDataSource       : HikariPool-1 - Starting...
2025-04-03 08:49:18.451  INFO 404 --- [user-service] [pool-5-thread-1] com.zaxxer.hikari.HikariDataSource       : HikariPool-1 - Starting...
2025-04-03 08:49:19.454  INFO 404 --- [user-service] [pool-5-thread-8] com.zaxxer.hikari.HikariDataSource       : HikariPool-1 - Starting...
2025-04-03 08:49:20.464  INFO 404 --- [user-service] [pool-5-thread-4] com.zaxxer.hikari.HikariDataSource       : HikariPool-1 - Starting...
2025-04-03 08:49:21.470  INFO 404 --- [user-service] [pool-5-thread-10] com.zaxxer.hikari.HikariDataSource       : HikariPool-1 - Starting...
2025-04-03 08:49:22.477  INFO 404 --- [user-service] [pool-5-thread-9] com.zaxxer.hikari.HikariDataSource       : HikariPool-1 - Starting...
2025-04-03 08:49:23.489  INFO 404 --- [user-service] [pool-5-thread-7] com.zaxxer.hikari.HikariDataSource       : HikariPool-1 - Starting...
2025-04-03 08:49:24.498  INFO 404 --- [user-service] [pool-5-thread-5] com.zaxxer.hikari.HikariDataSource       : HikariPool-1 - Starting...
2025-04-03 08:49:25.505  INFO 404 --- [user-service] [pool-5-thread-6] com.zaxxer.hikari.HikariDataSource       : HikariPool-1 - Starting...
2025-04-03 08:49:26.508  INFO 404 --- [user-service] [pool-5-thread-3] com.zaxxer.hikari.HikariDataSource       : HikariPool-1 - Starting...
2025-04-03 08:49:27.520  INFO 404 --- [user-service] [pool-5-thread-2] com.zaxxer.hikari.HikariDataSource       : HikariPool-1 - Starting...
2025-04-03 08:49:28.536  INFO 404 --- [user-service] [pool-5-thread-3] com.zaxxer.hikari.HikariDataSource       : HikariPool-1 - Starting...
2025-04-03 08:49:29.538  INFO 404 --- [user-service] [pool-5-thread-6] com.zaxxer.hikari.HikariDataSource       : HikariPool-1 - Starting...
2025-04-03 08:49:30.549  INFO 404 --- [user-service] [pool-5-thread-5] com.zaxxer.hikari.HikariDataSource       : HikariPool-1 - Starting...
2025-04-03 08:49:31.564  INFO 404 --- [user-service] [pool-5-thread-7] com.zaxxer.hikari.HikariDataSource       : HikariPool-1 - Starting...
2025-04-03 08:49:32.567  INFO 404 --- [user-service] [pool-5-thread-9] com.zaxxer.hikari.HikariDataSource       : HikariPool-1 - Starting...
2025-04-03 08:49:33.583  INFO 404 --- [user-service] [pool-5-thread-10] com.zaxxer.hikari.HikariDataSource       : HikariPool-1 - Starting...
2025-04-03 08:49:34.589  INFO 404 --- [user-service] [pool-5-thread-4] com.zaxxer.hikari.HikariDataSource       : HikariPool-1 - Starting...
2025-04-03 08:49:35.599  INFO 404 --- [user-service] [pool-5-thread-8] com.zaxxer.hikari.HikariDataSource       : HikariPool-1 - Starting...
2025-04-03 08:49:36.612  INFO 404 --- [user-service] [pool-5-thread-1] com.zaxxer.hikari.HikariDataSource       : HikariPool-1 - Starting...
2025-04-03 08:49:37.626  INFO 404 --- [user-service] [pool-5-thread-8] com.zaxxer.hikari.HikariDataSource       : HikariPool-1 - Starting...
2025-04-03 08:49:38.638  INFO 404 --- [user-service] [pool-5-thread-4] com.zaxxer.hikari.HikariDataSource       : HikariPool-1 - Starting...
2025-04-03 08:49:39.641  INFO 404 --- [user-service] [pool-5-thread-10] com.zaxxer.hikari.HikariDataSource       : HikariPool-1 - Starting...
2025-04-03 08:49:40.653  INFO 404 --- [user-service] [pool-5-thread-9] com.zaxxer.hikari.HikariDataSource       : HikariPool-1 - Starting...
2025-04-03 08:49:41.659  INFO 404 --- [user-service] [pool-5-thread-7] com.zaxxer.hikari.HikariDataSource       : HikariPool-1 - Starting...
2025-04-03 08:49:42.665  INFO 404 --- [user-service] [pool-5-thread-5] com.zaxxer.hikari.HikariDataSource       : HikariPool-1 - Starting...
2025-04-03 08:49:43.667  INFO 404 --- [user-service] [pool-5-thread-6] com.zaxxer.hikari.HikariDataSource       : HikariPool-1 - Starting...
2025-04-03 08:49:44.670  INFO 404 --- [user-service] [pool-5-thread-3] com.zaxxer.hikari.HikariDataSource       : HikariPool-1 - Starting...
2025-04-03 08:49:45.672  INFO 404 --- [user-service] [pool-5-thread-2] com.zaxxer.hikari.HikariDataSource       : HikariPool-1 - Starting...
2025-04-03 08:49:46.676  INFO 404 --- [user-service] [pool-5-thread-3] com.zaxxer.hikari.HikariDataSource       : HikariPool-1 - Starting...
2025-04-03 08:49:47.694  INFO 404 --- [user-service] [pool-5-thread-6] com.zaxxer.hikari.HikariDataSource       : HikariPool-1 - Starting...
2025-04-03 08:49:48.698  INFO 404 --- [user-service] [pool-5-thread-5] com.zaxxer.hikari.HikariDataSource       : HikariPool-1 - Starting...
2025-04-03 08:49:49.701  INFO 404 --- [user-service] [pool-5-thread-7] com.zaxxer.hikari.HikariDataSource       : HikariPool-1 - Starting...
2025-04-03 08:49:50.705  INFO 404 --- [user-service] [pool-5-thread-9] com.zaxxer.hikari.HikariDataSource       : HikariPool-1 - Starting...
2025-04-03 08:49:51.709  INFO 404 --- [user-service] [pool-5-thread-10] com.zaxxer.hikari.HikariDataSource       : HikariPool-1 - Starting...
2025-04-03 08:49:52.722  INFO 404 --- [user-service] [pool-5-thread-4] com.zaxxer.hikari.HikariDataSource       : HikariPool-1 - Starting...
2025-04-03 08:49:53.733  INFO 404 --- [user-service] [pool-5-thread-8] com.zaxxer.hikari.HikariDataSource       : HikariPool-1 - Starting...
2025-04-03 08:49:54.739  INFO 404 --- [user-service] [pool-5-thread-1] com.zaxxer.hikari.HikariDataSource       : HikariPool-1 - Starting...
2025-04-03 08:49:55.753  INFO 404 --- [user-service] [pool-5-thread-8] com.zaxxer.hikari.HikariDataSource       : HikariPool-1 - Starting...
2025-04-03 08:49:56.761  INFO 404 --- [user-service] [pool-5-thread-4] com.zaxxer.hikari.HikariDataSource       : HikariPool-1 - Starting...
2025-04-03 08:49:57.774  INFO 404 --- [user-service] [pool-5-thread-10] com.zaxxer.hikari.HikariDataSource       : HikariPool-1 - Starting...
2025-04-03 08:49:58.775  INFO 404 --- [user-service] [pool-5-thread-9] com.zaxxer.hikari.HikariDataSource       : HikariPool-1 - Starting...
2025-04-03 08:49:59.781  INFO 404 --- [user-service] [pool-5-thread-7] com.zaxxer.hikari.HikariDataSource       : HikariPool-1 - Starting...
2025-04-03 08:50:00.797  INFO 404 --- [user-service] [pool-5-thread-5] com.zaxxer.hikari.HikariDataSource       : HikariPool-1 - Starting...
2025-04-03 08:50:01.800  INFO 404 --- [user-service] [pool-5-thread-6] com.zaxxer.hikari.HikariDataSource       : HikariPool-1 - Starting...
2025-04-03 08:50:02.809  INFO 404 --- [user-service] [pool-5-thread-3] com.zaxxer.hikari.HikariDataSource       : HikariPool-1 - Starting...
2025-04-03 08:50:03.821  INFO 404 --- [user-service] [pool-5-thread-2] com.zaxxer.hikari.HikariDataSource       : HikariPool-1 - Starting...
2025-04-03 08:50:04.835  INFO 404 --- [user-service] [pool-5-thread-3] com.zaxxer.hikari.HikariDataSource       : HikariPool-1 - Starting...
2025-04-03 08:50:05.841  INFO 404 --- [user-service] [pool-5-thread-6] com.zaxxer.hikari.HikariDataSource       : HikariPool-1 - Starting...
2025-04-03 08:50:06.843  INFO 404 --- [user-service] [pool-5-thread-5] com.zaxxer.hikari.HikariDataSource       : HikariPool-1 - Starting...
2025-04-03 08:50:07.844  INFO 404 --- [user-service] [pool-5-thread-7] com.zaxxer.hikari.HikariDataSource       : HikariPool-1 - Starting...
2025-04-03 08:50:08.849  INFO 404 --- [user-service] [pool-5-thread-9] com.zaxxer.hikari.HikariDataSource       : HikariPool-1 - Starting...
2025-04-03 08:50:09.855  INFO 404 --- [user-service] [pool-5-thread-10] com.zaxxer.hikari.HikariDataSource       : HikariPool-1 - Starting...
2025-04-03 08:50:10.862  INFO 404 --- [user-service] [pool-5-thread-4] com.zaxxer.hikari.HikariDataSource       : HikariPool-1 - Starting...
2025-04-03 08:50:11.867  INFO 404 --- [user-service] [pool-5-thread-8] com.zaxxer.hikari.HikariDataSource       : HikariPool-1 - Starting...
2025-04-03 08:50:12.873  INFO 404 --- [user-service] [pool-5-thread-1] com.zaxxer.hikari.HikariDataSource       : HikariPool-1 - Starting...
2025-04-03 08:50:13.883  INFO 404 --- [user-service] [pool-5-thread-8] com.zaxxer.hikari.HikariDataSource       : HikariPool-1 - Starting...
2025-04-03 08:50:14.887  INFO 404 --- [user-service] [pool-5-thread-4] com.zaxxer.hikari.HikariDataSource       : HikariPool-1 - Starting...
2025-04-03 08:50:15.892  INFO 404 --- [user-service] [pool-5-thread-10] com.zaxxer.hikari.HikariDataSource       : HikariPool-1 - Starting...
2025-04-03 08:50:16.899  INFO 404 --- [user-service] [pool-5-thread-9] com.zaxxer.hikari.HikariDataSource       : HikariPool-1 - Starting...
2025-04-03 08:50:17.904  INFO 404 --- [user-service] [pool-5-thread-7] com.zaxxer.hikari.HikariDataSource       : HikariPool-1 - Starting...
2025-04-03 08:50:18.910  INFO 404 --- [user-service] [pool-5-thread-5] com.zaxxer.hikari.HikariDataSource       : HikariPool-1 - Starting...
2025-04-03 08:50:19.928  INFO 404 --- [user-service] [pool-5-thread-6] com.zaxxer.hikari.HikariDataSource       : HikariPool-1 - Starting...
2025-04-03 08:50:20.936  INFO 404 --- [user-service] [pool-5-thread-3] com.zaxxer.hikari.HikariDataSource       : HikariPool-1 - Starting...
2025-04-03 08:50:21.939  INFO 404 --- [user-service] [pool-5-thread-2] com.zaxxer.hikari.HikariDataSource       : HikariPool-1 - Starting...
2025-04-03 08:50:22.955  INFO 404 --- [user-service] [pool-5-thread-3] com.zaxxer.hikari.HikariDataSource       : HikariPool-1 - Starting...
2025-04-03 08:50:23.959  INFO 404 --- [user-service] [pool-5-thread-6] com.zaxxer.hikari.HikariDataSource       : HikariPool-1 - Starting...
2025-04-03 08:50:24.974  INFO 404 --- [user-service] [pool-5-thread-5] com.zaxxer.hikari.HikariDataSource       : HikariPool-1 - Starting...
2025-04-03 08:50:25.977  INFO 404 --- [user-service] [pool-5-thread-7] com.zaxxer.hikari.HikariDataSource       : HikariPool-1 - Starting...
2025-04-03 08:50:26.995  INFO 404 --- [user-service] [pool-5-thread-9] com.zaxxer.hikari.HikariDataSource       : HikariPool-1 - Starting...
2025-04-03 08:50:28.002  INFO 404 --- [user-service] [pool-5-thread-10] com.zaxxer.hikari.HikariDataSource       : HikariPool-1 - Starting...
2025-04-03 08:50:29.004  INFO 404 --- [user-service] [pool-5-thread-4] com.zaxxer.hikari.HikariDataSource       : HikariPool-1 - Starting...
2025-04-03 08:50:30.008  INFO 404 --- [user-service] [pool-5-thread-8] com.zaxxer.hikari.HikariDataSource       : HikariPool-1 - Starting...
2025-04-03 08:50:31.015  INFO 404 --- [user-service] [pool-5-thread-1] com.zaxxer.hikari.HikariDataSource       : HikariPool-1 - Starting...
2025-04-03 08:50:32.030  INFO 404 --- [user-service] [pool-5-thread-8] com.zaxxer.hikari.HikariDataSource       : HikariPool-1 - Starting...
2025-04-03 08:50:33.041  INFO 404 --- [user-service] [pool-5-thread-4] com.zaxxer.hikari.HikariDataSource       : HikariPool-1 - Starting...
2025-04-03 08:50:34.044  INFO 404 --- [user-service] [pool-5-thread-10] com.zaxxer.hikari.HikariDataSource       : HikariPool-1 - Starting...
2025-04-03 08:50:35.047  INFO 404 --- [user-service] [pool-5-thread-9] com.zaxxer.hikari.HikariDataSource       : HikariPool-1 - Starting...
2025-04-03 08:50:36.052  INFO 404 --- [user-service] [pool-5-thread-7] com.zaxxer.hikari.HikariDataSource       : HikariPool-1 - Starting...
2025-04-03 08:50:37.060  INFO 404 --- [user-service] [pool-5-thread-5] com.zaxxer.hikari.HikariDataSource       : HikariPool-1 - Starting...
2025-04-03 08:50:38.070  INFO 404 --- [user-service] [pool-5-thread-6] com.zaxxer.hikari.HikariDataSource       : HikariPool-1 - Starting...
2025-04-03 08:50:39.072  INFO 404 --- [user-service] [pool-5-thread-3] com.zaxxer.hikari.HikariDataSource       : HikariPool-1 - Starting...
2025-04-03 08:50:40.081  INFO 404 --- [user-service] [pool-5-thread-2] com.zaxxer.hikari.HikariDataSource       : HikariPool-1 - Starting...
2025-04-03 08:50:41.083  INFO 404 --- [user-service] [pool-5-thread-3] com.zaxxer.hikari.HikariDataSource       : HikariPool-1 - Starting...
2025-04-03 08:50:42.094  INFO 404 --- [user-service] [pool-5-thread-6] com.zaxxer.hikari.HikariDataSource       : HikariPool-1 - Starting...
2025-04-03 08:50:43.100  INFO 404 --- [user-service] [pool-5-thread-5] com.zaxxer.hikari.HikariDataSource       : HikariPool-1 - Starting...
2025-04-03 08:50:44.104  INFO 404 --- [user-service] [pool-5-thread-7] com.zaxxer.hikari.HikariDataSource       : HikariPool-1 - Starting...
2025-04-03 08:50:45.106  INFO 404 --- [user-service] [pool-5-thread-9] com.zaxxer.hikari.HikariDataSource       : HikariPool-1 - Starting...
2025-04-03 08:50:46.108  INFO 404 --- [user-service] [pool-5-thread-10] com.zaxxer.hikari.HikariDataSource       : HikariPool-1 - Starting...
2025-04-03 08:50:47.122  INFO 404 --- [user-service] [pool-5-thread-4] com.zaxxer.hikari.HikariDataSource       : HikariPool-1 - Starting...
2025-04-03 08:50:48.124  INFO 404 --- [user-service] [pool-5-thread-8] com.zaxxer.hikari.HikariDataSource       : HikariPool-1 - Starting...
2025-04-03 08:50:49.127  INFO 404 --- [user-service] [pool-5-thread-1] com.zaxxer.hikari.HikariDataSource       : HikariPool-1 - Starting...
2025-04-03 08:50:50.130  INFO 404 --- [user-service] [pool-5-thread-8] com.zaxxer.hikari.HikariDataSource       : HikariPool-1 - Starting...
2025-04-03 08:50:51.140  INFO 404 --- [user-service] [pool-5-thread-4] com.zaxxer.hikari.HikariDataSource       : HikariPool-1 - Starting...
2025-04-03 08:50:52.142  INFO 404 --- [user-service] [pool-5-thread-10] com.zaxxer.hikari.HikariDataSource       : HikariPool-1 - Starting...
2025-04-03 08:50:53.150  INFO 404 --- [user-service] [pool-5-thread-9] com.zaxxer.hikari.HikariDataSource       : HikariPool-1 - Starting...
2025-04-03 08:50:54.158  INFO 404 --- [user-service] [pool-5-thread-7] com.zaxxer.hikari.HikariDataSource       : HikariPool-1 - Starting...
2025-04-03 08:50:55.161  INFO 404 --- [user-service] [pool-5-thread-5] com.zaxxer.hikari.HikariDataSource       : HikariPool-1 - Starting...
2025-04-03 08:50:56.174  INFO 404 --- [user-service] [pool-5-thread-6] com.zaxxer.hikari.HikariDataSource       : HikariPool-1 - Starting...
2025-04-03 08:50:57.185  INFO 404 --- [user-service] [pool-5-thread-3] com.zaxxer.hikari.HikariDataSource       : HikariPool-1 - Starting...
2025-04-03 08:50:58.188  INFO 404 --- [user-service] [pool-5-thread-2] com.zaxxer.hikari.HikariDataSource       : HikariPool-1 - Starting...
2025-04-03 08:50:59.201  INFO 404 --- [user-service] [pool-5-thread-3] com.zaxxer.hikari.HikariDataSource       : HikariPool-1 - Starting...
2025-04-03 08:51:00.204  INFO 404 --- [user-service] [pool-5-thread-6] com.zaxxer.hikari.HikariDataSource       : HikariPool-1 - Starting...
2025-04-03 08:51:01.206  INFO 404 --- [user-service] [pool-5-thread-5] com.zaxxer.hikari.HikariDataSource       : HikariPool-1 - Starting...
2025-04-03 08:51:02.208  INFO 404 --- [user-service] [pool-5-thread-7] com.zaxxer.hikari.HikariDataSource       : HikariPool-1 - Starting...
2025-04-03 08:51:03.210  INFO 404 --- [user-service] [pool-5-thread-9] com.zaxxer.hikari.HikariDataSource       : HikariPool-1 - Starting...
2025-04-03 08:51:04.226  INFO 404 --- [user-service] [pool-5-thread-10] com.zaxxer.hikari.HikariDataSource       : HikariPool-1 - Starting...
2025-04-03 08:51:05.231  INFO 404 --- [user-service] [pool-5-thread-4] com.zaxxer.hikari.HikariDataSource       : HikariPool-1 - Starting...
2025-04-03 08:51:06.236  INFO 404 --- [user-service] [pool-5-thread-8] com.zaxxer.hikari.HikariDataSource       : HikariPool-1 - Starting...
2025-04-03 08:51:07.241  INFO 404 --- [user-service] [pool-5-thread-1] com.zaxxer.hikari.HikariDataSource       : HikariPool-1 - Starting...
2025-04-03 08:51:08.251  INFO 404 --- [user-service] [pool-5-thread-8] com.zaxxer.hikari.HikariDataSource       : HikariPool-1 - Starting...
2025-04-03 08:51:09.268  INFO 404 --- [user-service] [pool-5-thread-4] com.zaxxer.hikari.HikariDataSource       : HikariPool-1 - Starting...
2025-04-03 08:51:10.283  INFO 404 --- [user-service] [pool-5-thread-10] com.zaxxer.hikari.HikariDataSource       : HikariPool-1 - Starting...
2025-04-03 08:51:11.289  INFO 404 --- [user-service] [pool-5-thread-9] com.zaxxer.hikari.HikariDataSource       : HikariPool-1 - Starting...
2025-04-03 08:51:12.296  INFO 404 --- [user-service] [pool-5-thread-7] com.zaxxer.hikari.HikariDataSource       : HikariPool-1 - Starting...
2025-04-03 08:51:13.306  INFO 404 --- [user-service] [pool-5-thread-5] com.zaxxer.hikari.HikariDataSource       : HikariPool-1 - Starting...
2025-04-03 08:51:14.314  INFO 404 --- [user-service] [pool-5-thread-6] com.zaxxer.hikari.HikariDataSource       : HikariPool-1 - Starting...
2025-04-03 08:51:15.320  INFO 404 --- [user-service] [pool-5-thread-3] com.zaxxer.hikari.HikariDataSource       : HikariPool-1 - Starting...
2025-04-03 08:51:16.332  INFO 404 --- [user-service] [pool-5-thread-2] com.zaxxer.hikari.HikariDataSource       : HikariPool-1 - Starting...
2025-04-03 08:51:17.336  INFO 404 --- [user-service] [pool-5-thread-3] com.zaxxer.hikari.HikariDataSource       : HikariPool-1 - Starting...
2025-04-03 08:51:18.345  INFO 404 --- [user-service] [pool-5-thread-6] com.zaxxer.hikari.HikariDataSource       : HikariPool-1 - Starting...
2025-04-03 08:51:19.351  INFO 404 --- [user-service] [pool-5-thread-5] com.zaxxer.hikari.HikariDataSource       : HikariPool-1 - Starting...
2025-04-03 08:51:20.356  INFO 404 --- [user-service] [pool-5-thread-7] com.zaxxer.hikari.HikariDataSource       : HikariPool-1 - Starting...
2025-04-03 08:51:21.371  INFO 404 --- [user-service] [pool-5-thread-9] com.zaxxer.hikari.HikariDataSource       : HikariPool-1 - Starting...
2025-04-03 08:51:22.381  INFO 404 --- [user-service] [pool-5-thread-10] com.zaxxer.hikari.HikariDataSource       : HikariPool-1 - Starting...
2025-04-03 08:51:23.394  INFO 404 --- [user-service] [pool-5-thread-4] com.zaxxer.hikari.HikariDataSource       : HikariPool-1 - Starting...
2025-04-03 08:51:24.406  INFO 404 --- [user-service] [pool-5-thread-8] com.zaxxer.hikari.HikariDataSource       : HikariPool-1 - Starting...
2025-04-03 08:51:25.412  INFO 404 --- [user-service] [pool-5-thread-1] com.zaxxer.hikari.HikariDataSource       : HikariPool-1 - Starting...
2025-04-03 08:51:26.416  INFO 404 --- [user-service] [pool-5-thread-8] com.zaxxer.hikari.HikariDataSource       : HikariPool-1 - Starting...
2025-04-03 08:51:27.431  INFO 404 --- [user-service] [pool-5-thread-4] com.zaxxer.hikari.HikariDataSource       : HikariPool-1 - Starting...
2025-04-03 08:51:28.436  INFO 404 --- [user-service] [pool-5-thread-10] com.zaxxer.hikari.HikariDataSource       : HikariPool-1 - Starting...
2025-04-03 08:51:29.440  INFO 404 --- [user-service] [pool-5-thread-9] com.zaxxer.hikari.HikariDataSource       : HikariPool-1 - Starting...
2025-04-03 08:51:30.452  INFO 404 --- [user-service] [pool-5-thread-7] com.zaxxer.hikari.HikariDataSource       : HikariPool-1 - Starting...
2025-04-03 08:51:31.467  INFO 404 --- [user-service] [pool-5-thread-5] com.zaxxer.hikari.HikariDataSource       : HikariPool-1 - Starting...
2025-04-03 08:51:32.476  INFO 404 --- [user-service] [pool-5-thread-6] com.zaxxer.hikari.HikariDataSource       : HikariPool-1 - Starting...
2025-04-03 08:51:33.478  INFO 404 --- [user-service] [pool-5-thread-3] com.zaxxer.hikari.HikariDataSource       : HikariPool-1 - Starting...
2025-04-03 08:51:34.491  INFO 404 --- [user-service] [pool-5-thread-2] com.zaxxer.hikari.HikariDataSource       : HikariPool-1 - Starting...
2025-04-03 08:51:35.498  INFO 404 --- [user-service] [pool-5-thread-3] com.zaxxer.hikari.HikariDataSource       : HikariPool-1 - Starting...
2025-04-03 08:51:36.509  INFO 404 --- [user-service] [pool-5-thread-6] com.zaxxer.hikari.HikariDataSource       : HikariPool-1 - Starting...
2025-04-03 08:51:37.514  INFO 404 --- [user-service] [pool-5-thread-5] com.zaxxer.hikari.HikariDataSource       : HikariPool-1 - Starting...
2025-04-03 08:51:38.516  INFO 404 --- [user-service] [pool-5-thread-7] com.zaxxer.hikari.HikariDataSource       : HikariPool-1 - Starting...
2025-04-03 08:51:39.534  INFO 404 --- [user-service] [pool-5-thread-9] com.zaxxer.hikari.HikariDataSource       : HikariPool-1 - Starting...
2025-04-03 08:51:40.547  INFO 404 --- [user-service] [pool-5-thread-10] com.zaxxer.hikari.HikariDataSource       : HikariPool-1 - Starting...
2025-04-03 08:51:41.562  INFO 404 --- [user-service] [pool-5-thread-4] com.zaxxer.hikari.HikariDataSource       : HikariPool-1 - Starting...
2025-04-03 08:51:42.577  INFO 404 --- [user-service] [pool-5-thread-8] com.zaxxer.hikari.HikariDataSource       : HikariPool-1 - Starting...
2025-04-03 08:51:43.587  INFO 404 --- [user-service] [pool-5-thread-1] com.zaxxer.hikari.HikariDataSource       : HikariPool-1 - Starting...
2025-04-03 08:51:44.589  INFO 404 --- [user-service] [pool-5-thread-8] com.zaxxer.hikari.HikariDataSource       : HikariPool-1 - Starting...
2025-04-03 08:51:45.596  INFO 404 --- [user-service] [pool-5-thread-4] com.zaxxer.hikari.HikariDataSource       : HikariPool-1 - Starting...
2025-04-03 08:51:46.606  INFO 404 --- [user-service] [pool-5-thread-10] com.zaxxer.hikari.HikariDataSource       : HikariPool-1 - Starting...
2025-04-03 08:51:47.609  INFO 404 --- [user-service] [pool-5-thread-9] com.zaxxer.hikari.HikariDataSource       : HikariPool-1 - Starting...
2025-04-03 08:51:48.614  INFO 404 --- [user-service] [pool-5-thread-7] com.zaxxer.hikari.HikariDataSource       : HikariPool-1 - Starting...
2025-04-03 08:51:49.620  INFO 404 --- [user-service] [pool-5-thread-5] com.zaxxer.hikari.HikariDataSource       : HikariPool-1 - Starting...
2025-04-03 08:51:50.625  INFO 404 --- [user-service] [pool-5-thread-6] com.zaxxer.hikari.HikariDataSource       : HikariPool-1 - Starting...
2025-04-03 08:51:51.640  INFO 404 --- [user-service] [pool-5-thread-3] com.zaxxer.hikari.HikariDataSource       : HikariPool-1 - Starting...
2025-04-03 08:51:52.644  INFO 404 --- [user-service] [pool-5-thread-2] com.zaxxer.hikari.HikariDataSource       : HikariPool-1 - Starting...
2025-04-03 08:51:53.656  INFO 404 --- [user-service] [pool-5-thread-3] com.zaxxer.hikari.HikariDataSource       : HikariPool-1 - Starting...
2025-04-03 08:51:54.668  INFO 404 --- [user-service] [pool-5-thread-6] com.zaxxer.hikari.HikariDataSource       : HikariPool-1 - Starting...
2025-04-03 08:51:55.674  INFO 404 --- [user-service] [pool-5-thread-5] com.zaxxer.hikari.HikariDataSource       : HikariPool-1 - Starting...
2025-04-03 08:51:56.684  INFO 404 --- [user-service] [pool-5-thread-7] com.zaxxer.hikari.HikariDataSource       : HikariPool-1 - Starting...
2025-04-03 08:51:57.686  INFO 404 --- [user-service] [pool-5-thread-9] com.zaxxer.hikari.HikariDataSource       : HikariPool-1 - Starting...
2025-04-03 08:51:58.693  INFO 404 --- [user-service] [pool-5-thread-10] com.zaxxer.hikari.HikariDataSource       : HikariPool-1 - Starting...
2025-04-03 08:51:59.695  INFO 404 --- [user-service] [pool-5-thread-4] com.zaxxer.hikari.HikariDataSource       : HikariPool-1 - Starting...
2025-04-03 08:52:00.701  INFO 404 --- [user-service] [pool-5-thread-8] com.zaxxer.hikari.HikariDataSource       : HikariPool-1 - Starting...
2025-04-03 08:52:01.705  INFO 404 --- [user-service] [pool-5-thread-1] com.zaxxer.hikari.HikariDataSource       : HikariPool-1 - Starting...
2025-04-03 08:52:02.717  INFO 404 --- [user-service] [pool-5-thread-8] com.zaxxer.hikari.HikariDataSource       : HikariPool-1 - Starting...
2025-04-03 08:52:03.722  INFO 404 --- [user-service] [pool-5-thread-4] com.zaxxer.hikari.HikariDataSource       : HikariPool-1 - Starting...
2025-04-03 08:52:04.735  INFO 404 --- [user-service] [pool-5-thread-10] com.zaxxer.hikari.HikariDataSource       : HikariPool-1 - Starting...
2025-04-03 08:52:05.746  INFO 404 --- [user-service] [pool-5-thread-9] com.zaxxer.hikari.HikariDataSource       : HikariPool-1 - Starting...
2025-04-03 08:52:06.748  INFO 404 --- [user-service] [pool-5-thread-7] com.zaxxer.hikari.HikariDataSource       : HikariPool-1 - Starting...
2025-04-03 08:52:07.754  INFO 404 --- [user-service] [pool-5-thread-5] com.zaxxer.hikari.HikariDataSource       : HikariPool-1 - Starting...
2025-04-03 08:52:08.756  INFO 404 --- [user-service] [pool-5-thread-6] com.zaxxer.hikari.HikariDataSource       : HikariPool-1 - Starting...
2025-04-03 08:52:09.762  INFO 404 --- [user-service] [pool-5-thread-3] com.zaxxer.hikari.HikariDataSource       : HikariPool-1 - Starting...
2025-04-03 08:52:10.770  INFO 404 --- [user-service] [pool-5-thread-2] com.zaxxer.hikari.HikariDataSource       : HikariPool-1 - Starting...
2025-04-03 08:52:11.782  INFO 404 --- [user-service] [pool-5-thread-3] com.zaxxer.hikari.HikariDataSource       : HikariPool-1 - Starting...
2025-04-03 08:52:12.785  INFO 404 --- [user-service] [pool-5-thread-6] com.zaxxer.hikari.HikariDataSource       : HikariPool-1 - Starting...
2025-04-03 08:52:13.797  INFO 404 --- [user-service] [pool-5-thread-5] com.zaxxer.hikari.HikariDataSource       : HikariPool-1 - Starting...
2025-04-03 08:52:14.801  INFO 404 --- [user-service] [pool-5-thread-7] com.zaxxer.hikari.HikariDataSource       : HikariPool-1 - Starting...
2025-04-03 08:52:15.803  INFO 404 --- [user-service] [pool-5-thread-9] com.zaxxer.hikari.HikariDataSource       : HikariPool-1 - Starting...
2025-04-03 08:52:16.807  INFO 404 --- [user-service] [pool-5-thread-10] com.zaxxer.hikari.HikariDataSource       : HikariPool-1 - Starting...
2025-04-03 08:52:17.819  INFO 404 --- [user-service] [pool-5-thread-4] com.zaxxer.hikari.HikariDataSource       : HikariPool-1 - Starting...
2025-04-03 08:52:18.821  INFO 404 --- [user-service] [pool-5-thread-8] com.zaxxer.hikari.HikariDataSource       : HikariPool-1 - Starting...
2025-04-03 08:52:19.824  INFO 404 --- [user-service] [pool-5-thread-1] com.zaxxer.hikari.HikariDataSource       : HikariPool-1 - Starting...
2025-04-03 08:52:20.826  INFO 404 --- [user-service] [pool-5-thread-8] com.zaxxer.hikari.HikariDataSource       : HikariPool-1 - Starting...
2025-04-03 08:52:21.829  INFO 404 --- [user-service] [pool-5-thread-4] com.zaxxer.hikari.HikariDataSource       : HikariPool-1 - Starting...
2025-04-03 08:52:22.836  INFO 404 --- [user-service] [pool-5-thread-10] com.zaxxer.hikari.HikariDataSource       : HikariPool-1 - Starting...
2025-04-03 08:52:23.839  INFO 404 --- [user-service] [pool-5-thread-9] com.zaxxer.hikari.HikariDataSource       : HikariPool-1 - Starting...
2025-04-03 08:52:24.844  INFO 404 --- [user-service] [pool-5-thread-7] com.zaxxer.hikari.HikariDataSource       : HikariPool-1 - Starting...
2025-04-03 08:52:25.846  INFO 404 --- [user-service] [pool-5-thread-5] com.zaxxer.hikari.HikariDataSource       : HikariPool-1 - Starting...
2025-04-03 08:52:26.860  INFO 404 --- [user-service] [pool-5-thread-6] com.zaxxer.hikari.HikariDataSource       : HikariPool-1 - Starting...
2025-04-03 08:52:27.863  INFO 404 --- [user-service] [pool-5-thread-3] com.zaxxer.hikari.HikariDataSource       : HikariPool-1 - Starting...
2025-04-03 08:52:28.873  INFO 404 --- [user-service] [pool-5-thread-2] com.zaxxer.hikari.HikariDataSource       : HikariPool-1 - Starting...
2025-04-03 08:52:29.225  WARN 404 --- [user-service] [Thread-1] c.a.n.common.executor.ThreadPoolManager  : [ThreadPoolManager] Start destroying ThreadPool
2025-04-03 08:52:29.225  WARN 404 --- [user-service] [Thread-8] c.a.nacos.common.notify.NotifyCenter     : [NotifyCenter] Start destroying Publisher
2025-04-03 08:52:29.226  WARN 404 --- [user-service] [Thread-6] c.a.n.common.http.HttpClientBeanHolder   : [HttpClientBeanHolder] Start destroying common HttpClient
2025-04-03 08:52:29.226  WARN 404 --- [user-service] [Thread-8] c.a.nacos.common.notify.NotifyCenter     : [NotifyCenter] Destruction of the end
2025-04-03 08:52:29.226  WARN 404 --- [user-service] [Thread-1] c.a.n.common.executor.ThreadPoolManager  : [ThreadPoolManager] Destruction of the end
2025-04-03 08:52:29.228  WARN 404 --- [user-service] [Thread-6] c.a.n.common.http.HttpClientBeanHolder   : [HttpClientBeanHolder] Destruction of the end
2025-04-03 08:52:29.234  INFO 404 --- [user-service] [SpringApplicationShutdownHook] o.s.b.w.e.tomcat.GracefulShutdown        : Commencing graceful shutdown. Waiting for active requests to complete
2025-04-03 08:52:29.243  INFO 404 --- [user-service] [tomcat-shutdown] o.s.b.w.e.tomcat.GracefulShutdown        : Graceful shutdown complete
2025-04-03 08:52:29.248  INFO 404 --- [user-service] [SpringApplicationShutdownHook] c.a.c.n.registry.NacosServiceRegistry    : De-registering from Nacos Server now...
2025-04-03 08:52:29.270  INFO 404 --- [user-service] [SpringApplicationShutdownHook] c.a.c.n.registry.NacosServiceRegistry    : De-registration finished.
2025-04-03 08:52:33.000  INFO 28208 --- [user-service] [main] c.a.c.n.c.NacosConfigDataLoader          : [Nacos Config] Load config[dataId=shared-sentinel.yaml, group=DEFAULT_GROUP] success
2025-04-03 08:52:33.001  INFO 28208 --- [user-service] [main] c.a.c.n.c.NacosConfigDataLoader          : [Nacos Config] Load config[dataId=shared-log.yaml, group=DEFAULT_GROUP] success
2025-04-03 08:52:33.001  INFO 28208 --- [user-service] [main] c.a.c.n.c.NacosConfigDataLoader          : [Nacos Config] Load config[dataId=shared-jdbc.yaml, group=DEFAULT_GROUP] success
